"statistic","point","boot_mean","se","ci_lo","ci_hi","n_draws"
"va_cs",399.877841121088,397.01833465214,16.720459981377,379.66669520147,447.842599690352,50
"grad_cs_tau0.00",-272.379411121953,-270.905476218953,12.4453357376774,-306.21389958521,-257.088583359529,50
"grad_cs_tau0.50",-107.039833142437,-109.143389051474,6.5322309090593,-118.794946168144,-90.1195477776316,50
"grad_cs_tau1.00",127.498429999135,126.112858433187,6.94521631463882,115.790813240546,143.646846909442,50
"va_nav",12.4123472196862,12.4025258648804,0.262442537708261,11.8695176199705,12.8754932911504,50
"va_obj",441.980927342096,441.973149276401,6.49329925061459,428.690774919338,453.327599715148,50
"va_obj_prem",-40.0580203731167,-40.0202603935516,1.16134934811671,-42.4822150436059,-37.8927635073746,50
"va_obj_eoop",-65.2111319910729,-65.2082764843081,0.750052603721848,-66.5244634293378,-63.5791234454174,50
"va_obj_risk",547.250079706286,547.201686154261,8.07147523214999,531.426184530645,561.377245666429,50
"uniflow_dcs",-4.57081078361874,-4.57223941458879,0.0169598292884119,-4.5918907870135,-4.54544559665784,50
"uniflow_obj",-46.5822361219616,-46.7599356769823,0.596475933435815,-47.8208680125468,-45.5585857533336,50
"uniflow_nav",-1.12814512688942,-1.12857718693182,0.014371336787942,-1.15839922817892,-1.10594376415903,50
"uniflow_dcs_lo",-4.57081078361873,-4.57223941458879,0.0169598292884122,-4.5918907870135,-4.54544559665784,50
"uniflow_dcs_hi",-4.57081078361874,-4.57223941458879,0.0169598292884107,-4.5918907870135,-4.54544559665784,50
"flatmand_dcs",-1.62031177203127,-1.61808264209842,0.0109685903901382,-1.63978548945934,-1.60506175702786,50
"flatmand_obj",-15.9044617304016,-15.9476259653059,0.173016380504362,-16.2434213865913,-15.6008456679003,50
"defund_dcs",-36.1913376972005,-35.4182502601579,4.70101041739645,-45.3334243644395,-31.8832186406181,50
"defund_obj",-12.1354970094155,-11.8669784266998,1.48612137542138,-15.4156997801644,-9.29912203944956,50
"aligned_dcs",5.56593351806334,5.56741868380713,0.0197047939536305,5.53958199933315,5.60030779654954,50
"aligned_dcs_comm",1.32833284430979,1.14260899057973,0.317719584829971,0.904698353200642,2.13516290141044,50
"aligned_nav",1.79814108097918,1.80341585861203,0.0231546225174811,1.75479610731384,1.83768843593457,50
"aligned_obj",6.86163998065713,6.84127191001573,0.0683331494818681,6.72118514996359,7.00047056885823,50
"aligned_obj_prem",8.86422778493456,8.89322856104516,0.117084139405255,8.64892791157126,9.08556540124102,50
"aligned_obj_eoop",0.559197422174714,0.554755793700652,0.0254125587816413,0.506841424534352,0.609925993732602,50
"aligned_obj_risk",-2.5617852264522,-2.60671244473008,0.149377593025413,-2.88277789091795,-2.27445859688602,50
"dshare_zero_tau0.00",0.0612877952935417,0.0614133733961114,0.000942685701196978,0.0596907244321358,0.0629206267683835,50
"dobjins_zero_tau0.00",169.51358512067,169.695721357916,2.41176033438946,165.227084636304,173.719644609049,50
"doop_zero_tau0.00",33.3643362825013,33.4247995753032,0.508292967806955,32.4945336648786,34.2158205151872,50
"dmort_zero_tau0.00",0.000243259724193166,0.000243734142972882,3.75218373016497e-06,0.000236937681276011,0.000249535136895026,50
"dcat_zero_tau0.00",0.00357825975046109,0.00358651072721755,5.58379431244782e-05,0.00348540000499972,0.00367769403793324,50
"dshare_zero_tau0.50",0.0279119964360654,0.0280395442082572,0.000730235748506436,0.0265917573201628,0.0293521406350249,50
"dobjins_zero_tau0.50",85.7678238508344,85.9766343568888,1.8239129911828,82.7444283726707,89.5227281512183,50
"doop_zero_tau0.50",15.5313390837536,15.5946533422165,0.39098937789775,14.8364376406623,16.3001705838444,50
"dmort_zero_tau0.50",0.000112685329177049,0.000113176255094146,2.86918544541791e-06,0.000107475573389002,0.000118398958823998,50
"dcat_zero_tau0.50",0.00157571341266348,0.00158400205816102,4.37886771675228e-05,0.00149457239645076,0.00166347724922438,50
"dshare_zero_tau1.00",-0.00249396600115898,-0.00236661710444924,0.000780048840628562,-0.00419801866547251,-0.000927474124139894,50
"dobjins_zero_tau1.00",14.9603298301195,15.1882853330947,1.88551583313801,11.1131235121526,18.7687837677014,50
"doop_zero_tau1.00",-0.702696599591849,-0.637697898908875,0.415112208623981,-1.60080856738044,0.148028043433774,50
"dmort_zero_tau1.00",-5.10936001002363e-06,-4.61006345942941e-06,3.01767088433247e-06,-1.16747567776288e-05,1.02692002016716e-06,50
"dcat_zero_tau1.00",-0.000250123724052995,-0.000241928394897796,4.7229993449819e-05,-0.000354006662143321,-0.000157974199452476,50
"dshare_uniform_low",0.00595408686801925,0.00597872878953717,7.92061832509706e-05,0.00582330627093919,0.00612511102058445,50
"dobjins_uniform_low",14.8739756826935,14.952153231695,0.248680773000541,14.4633948517811,15.3980419029832,50
"doop_uniform_low",3.29951414717173,3.31305832139469,0.0444394741835789,3.22532124854245,3.39531965508296,50
"dmort_uniform_low",2.60890734612892e-05,2.61979388318861e-05,3.60647581071058e-07,2.5475542985134e-05,2.68379729788069e-05,50
"dcat_uniform_low",0.000356170011545677,0.000357634437164394,4.70929964290558e-06,0.000348226832128248,0.000366134856390819,50
"dshare_aligned",-0.000187142547321617,-0.00018481512899241,8.52154292512036e-06,-0.000202928501087153,-0.000168448617231261,50
"dobjins_aligned",9.84238229013926,9.87157227217871,0.107559218091501,9.6538982686918,10.0558344010764,50
"doop_aligned",0.0246188682570637,0.026315606967055,0.00627147745722535,0.012265453710377,0.0378621572909388,50
"dmort_aligned",1.64608400751825e-06,1.66906079883809e-06,7.51338296337447e-08,1.50482445731217e-06,1.80849331505015e-06,50
"dcat_aligned",-1.36776281359908e-05,-1.35174346918087e-05,5.42513300811978e-07,-1.45722004221093e-05,-1.24494484756427e-05,50
"dshare_flat_mandate",0.00132778873005139,0.00133134180898575,1.41182228085325e-05,0.00130492031794685,0.00135870547277137,50
"dobjins_flat_mandate",1.82894669643475,1.84665872100261,0.058003305232305,1.71961538158643,1.94280715951528,50
"doop_flat_mandate",0.78500263432291,0.787290379667987,0.0089184251902799,0.770195355969164,0.803177007173762,50
"dmort_flat_mandate",7.82084701546124e-06,7.84852093825937e-06,1.00799754143712e-07,7.64573370420322e-06,8.0163709299992e-06,50
"dcat_flat_mandate",8.67886156081072e-05,8.7028984641865e-05,9.45692174909652e-07,8.5184277471031e-05,8.88525390982557e-05,50
"dshare_defund_0.50",0.00106018903268789,0.00102570595176134,0.000208078289598832,0.000644640941383895,0.00151688859342874,50
"dobjins_defund_0.50",-4.06925176237289,-4.12825035126287,0.476199580437058,-5.03058325553736,-3.0909745596755,50
"doop_defund_0.50",0.406162428955272,0.388630391288304,0.109389142213319,0.183681703354709,0.644378662615518,50
"dmort_defund_0.50",3.12004841273691e-06,2.98393232944615e-06,8.07049577959173e-07,1.4908145644459e-06,4.8860016991521e-06,50
"dcat_defund_0.50",9.13370267819675e-05,8.90363421877781e-05,1.31957288996866e-05,6.56158039383155e-05,0.000120458787363377,50
"dshare_endog_tau0.50",-0.00114355408708426,-0.00107921170328244,0.000394033857307667,-0.00200655234928278,-0.000354629118600104,50
"dobjins_endog_tau0.50",5.79456418579652,5.91652101565493,0.977364275543474,3.77802910404531,7.79117302427202,50
"doop_endog_tau0.50",-0.290742711598398,-0.257925182047757,0.209370967466403,-0.745013668679558,0.136799076075072,50
"dmort_endog_tau0.50",-2.12446637583697e-06,-1.8725607912404e-06,1.52370172546344e-06,-5.45045294240013e-06,9.60842842558056e-07,50
"dcat_endog_tau0.50",-0.000119568104105044,-0.000115423374247098,2.39254693731304e-05,-0.000172326290074925,-7.30033100212068e-05,50
"shareworse_obj_zero_tau0.00",NA,0.964417301997317,0.000138952446302295,0.964113381009243,0.964667442420674,50
"shareworse_obj_zero_tau1.00",NA,0.398373503707924,0.0221294246479991,0.347296929428423,0.438802581145153,50
"shareworse_obj_uniform_low",NA,0.845753741412903,0.00134215819931574,0.842911624409345,0.84832866022032,50
"shareworse_obj_flat_mandate",NA,0.599246882371508,0.000369692861318141,0.598648859969311,0.599885246665053,50
"shareworse_nav_zero_tau0.00",NA,0.707083201342085,0.00321357563180062,0.701028094444984,0.713210244667218,50
"shareworse_nav_zero_tau1.00",NA,0.425091897529181,0.00283504864438844,0.419126221769443,0.430774245810152,50
"shareworse_nav_uniform_low",NA,0.652332694984371,0.00190664141176884,0.648647264576002,0.656121538499571,50
"shareworse_nav_flat_mandate",NA,0.489742684618626,0.000600609997574885,0.488712276134698,0.490851712934989,50
