"draw","va_cs","grad_cs_tau0.00","grad_cs_tau0.50","grad_cs_tau1.00","va_nav","va_obj","va_obj_prem","va_obj_eoop","va_obj_risk","uniflow_dcs","uniflow_obj","uniflow_nav","uniflow_dcs_lo","uniflow_dcs_hi","flatmand_dcs","flatmand_obj","defund_dcs","defund_obj","aligned_dcs","aligned_dcs_comm","aligned_nav","aligned_obj","aligned_obj_prem","aligned_obj_eoop","aligned_obj_risk","dshare_zero_tau0.00","dobjins_zero_tau0.00","doop_zero_tau0.00","dmort_zero_tau0.00","dcat_zero_tau0.00","dshare_zero_tau0.50","dobjins_zero_tau0.50","doop_zero_tau0.50","dmort_zero_tau0.50","dcat_zero_tau0.50","dshare_zero_tau1.00","dobjins_zero_tau1.00","doop_zero_tau1.00","dmort_zero_tau1.00","dcat_zero_tau1.00","dshare_uniform_low","dobjins_uniform_low","doop_uniform_low","dmort_uniform_low","dcat_uniform_low","dshare_aligned","dobjins_aligned","doop_aligned","dmort_aligned","dcat_aligned","dshare_flat_mandate","dobjins_flat_mandate","doop_flat_mandate","dmort_flat_mandate","dcat_flat_mandate","dshare_defund_0.50","dobjins_defund_0.50","doop_defund_0.50","dmort_defund_0.50","dcat_defund_0.50","dshare_endog_tau0.50","dobjins_endog_tau0.50","doop_endog_tau0.50","dmort_endog_tau0.50","dcat_endog_tau0.50","shareworse_obj_zero_tau0.00","shareworse_obj_zero_tau1.00","shareworse_obj_uniform_low","shareworse_obj_flat_mandate","shareworse_nav_zero_tau0.00","shareworse_nav_zero_tau1.00","shareworse_nav_uniform_low","shareworse_nav_flat_mandate"
1,391.211381032065,-265.682764657859,-111.55259490607,125.528616374206,12.4719708830144,442.686668484967,-40.4420251014362,-65.1921436119371,548.32083719834,-4.58694884069785,-47.4092662236388,-1.13563875434379,-4.58694884069786,-4.58694884069785,-1.62327714061072,-16.1300628789128,-34.7720859101934,-11.7322707513559,5.54371694487285,0.939038644842159,1.83073265400769,6.75433315259919,9.01849640245691,0.519115033979043,-2.78327828383677,0.0615916468084014,170.351117006754,33.5400986011455,0.000244548774906263,0.00359371854267834,0.0281550994307938,86.3874374721935,15.6676107237484,0.000113717070421761,0.0015892701699097,-0.00230645252262547,15.3528474616958,-0.602876178704902,-4.31612098997863e-06,-0.000238191874382798,0.00606201861615998,15.2142836393552,3.36179278850731,2.65898417759369e-05,0.000362280397630982,-0.000175272339068784,9.97395091551635,0.0333278000256226,1.7567365186082e-06,-1.2980103647649e-05,0.00134303138574273,1.89124206245582,0.795718648683649,7.95292245604709e-06,8.77992887303988e-05,0.00100919598170348,-4.17688190225354,0.379259762840462,2.90547147549511e-06,8.79712220481775e-05,-0.00104733685115726,6.00975916022927,-0.239309900768463,-1.71810587666468e-06,-0.000113469685247693,0.964540299634986,0.400009083680822,0.847363116691379,0.59901413317251,0.708211474988545,0.425421543156395,0.652727432658592,0.489548305347356
2,390.450442875964,-269.469724726202,-110.720359499761,120.980718149762,12.1224824890871,428.337440506893,-39.3754462330095,-63.3707581599246,531.083644899827,-4.57650774714734,-46.4153583446176,-1.12293820235891,-4.57650774714734,-4.57650774714733,-1.60457780435741,-15.8243233836468,-33.2164571300933,-10.0600899868199,5.57678047483306,1.03261884176498,1.82900326450801,6.92126024776231,8.97243578842223,0.53613229763584,-2.58730783829583,0.0603863496582236,166.999690738161,32.869629017157,0.000239607754005998,0.00352515745358266,0.0280220509859865,85.4982789515975,15.5664083511027,0.0001130240047317,0.001585936694151,-0.00152713383958676,16.37938202703,-0.220177557691201,-1.44857951468141e-06,-0.000186059055589306,0.00593312805190072,14.8407736173448,3.28841840110429,2.60060039313198e-05,0.000354780086234671,-0.000186385297799656,9.93090948582953,0.0260305760374229,1.66063656842889e-06,-1.38131835281628e-05,0.00132120234009144,1.85374453524046,0.781737564937552,7.79867157100293e-06,8.63169327936877e-05,0.000796191946057025,-4.44444271768849,0.274032149947019,2.10767789447195e-06,7.34023258678463e-05,-0.000655745197459862,6.58133636601818,-0.0472717605007197,-2.7893466950725e-07,-8.72231514605858e-05,0.964282162123006,0.423883066581656,0.845116917895599,0.59885315655034,0.705692190851584,0.430915445304456,0.651582773891662,0.489711581635557
3,386.940209553039,-266.861411730357,-113.176612997849,120.078797822682,12.22243758879,437.919311455678,-39.0780202978819,-64.8528068718589,541.850138625419,-4.57432841663609,-47.0900996298316,-1.12250218586092,-4.5743284166361,-4.57432841663609,-1.61242775159855,-16.0209679425501,-33.2233999200207,-10.6892582102688,5.57307620126403,0.945808910683811,1.8166594759267,6.79530964187636,8.99742272367774,0.548529283018773,-2.75064236482005,0.0614211650664037,169.647559352124,33.4290580502186,0.000243839178756188,0.00358677399098233,0.0283922682964763,86.9137216302673,15.785062007136,0.000114613266771558,0.00160488859160011,-0.00173097342888681,16.8715167409616,-0.294966086775462,-2.10589289640661e-06,-0.000204061373790686,0.00602163588793467,15.1106069064386,3.33801022288299,2.64096578416865e-05,0.000360034109213939,-0.000177394976285902,9.98584966199624,0.031638414445767,1.74351014992743e-06,-1.30071326505683e-05,0.00133572621264065,1.90128346201653,0.791303347088415,7.90922665102723e-06,8.73127205074689e-05,0.000854962569948393,-4.56665012694785,0.297906397050787,2.31121937862297e-06,7.83472291737641e-05,-0.000759146510102944,6.7858104390511,-0.0856467791927665,-6.14250792626697e-07,-9.62984470649326e-05,0.964475908986117,0.416238401778102,0.846653669720815,0.598792215400518,0.705406457347232,0.425433616403058,0.651195855081946,0.489416074550573
4,381.03709349743,-259.737966177734,-109.28349575158,121.299127319697,12.0937827240009,435.807839322619,-39.3146000995411,-64.5943356803584,539.716775102518,-4.57013122666452,-46.4188703227347,-1.12193120989316,-4.57013122666451,-4.57013122666452,-1.61934681188856,-15.8724478628032,-33.5597519668183,-11.5922280254668,5.56061936082033,1.12765878185475,1.76829519132093,6.85532749052253,8.70085065000871,0.603829852366564,-2.44935301185279,0.0606276751932315,167.537493032903,32.9967399664279,0.000240676207150484,0.00354026161360365,0.0277283522673468,84.9468110370282,15.4170837577163,0.000111945327086205,0.0015668038194142,-0.00227107966206884,14.964995827297,-0.600975456167075,-4.3117216903837e-06,-0.000234182194533795,0.0059290426955674,14.7759297256558,3.28512214810707,2.59784736739568e-05,0.000354600255133803,-0.000197380657943383,9.71666136090015,0.0173034194250535,1.59422702128893e-06,-1.41349329346206e-05,0.00132456663247101,1.79282863791115,0.782532838967806,7.78934977169016e-06,8.65657461656348e-05,0.00100009817994807,-4.06472653323622,0.378298849115326,2.89970365395438e-06,8.6971915543662e-05,-0.00103023219333519,5.85495279472741,-0.238799316734914,-1.71708722867709e-06,-0.000111474025317217,0.964389671509955,0.401622874318077,0.844910522869316,0.599881682182705,0.705025287702593,0.427460772009385,0.651440194597739,0.489748951208561
5,385.382779323453,-261.005626751459,-107.451117921975,124.377152571994,12.0748583464196,436.14417137111,-40.4094615507981,-64.5083029025036,541.061935824412,-4.55608867831619,-46.8575636272018,-1.12491618309282,-4.55608867831619,-4.55608867831619,-1.6040447068318,-15.9701427298749,-34.4345422637986,-11.725394585667,5.55070115863938,1.15563616916422,1.79730410225973,6.82609309814292,8.86489631293651,0.578411430198969,-2.61721464499248,0.0607845518623869,168.805076233738,33.105473496311,0.000241103163236412,0.00354552849989502,0.0277754302174844,85.6002831645279,15.4571507713453,0.000112062624179879,0.00156729952754976,-0.00232624360497186,15.0864384505153,-0.624159640574493,-4.46109479917708e-06,-0.00023833406819992,0.00600238561963157,15.0221261336652,3.32555822325189,2.62629276891828e-05,0.000358993153143883,-0.000182005173308987,9.87082283033516,0.0271998598076513,1.67386683383934e-06,-1.32757220284065e-05,0.00133607778687699,1.84769487951811,0.789625048788021,7.85627966002339e-06,8.73418606761217e-05,0.00101370594715873,-4.10086518841464,0.384028024981501,2.93681918058077e-06,8.80137753164119e-05,-0.00105727197489338,5.87850298785249,-0.249892053611383,-1.78946438769941e-06,-0.00011353093574531,0.964254566130634,0.399631363535231,0.84601091306515,0.599054377328053,0.70324247161206,0.426568501589357,0.650371424809832,0.488921646353908
6,409.803260278818,-279.563847155982,-107.755465579042,130.239413122835,12.5999106447109,446.771484129136,-40.0243840211153,-65.6989548895407,552.494823039792,-4.59294382918052,-46.7273112706421,-1.13085369419351,-4.59294382918052,-4.59294382918052,-1.62424225354058,-15.9388811749889,-34.4780080600086,-12.2607052752654,5.55899150728454,1.03619753333254,1.8018368534357,6.82406275594651,8.84288829949277,0.55535662716798,-2.57418217071432,0.0617525125922982,170.099504210142,33.6177486808788,0.000245312153309159,0.00361189804711606,0.0280815554561164,85.8087162210535,15.6256712172994,0.000113450856709359,0.00158869838301767,-0.00257226063293784,14.6920350721519,-0.743223906505633,-5.43034429621632e-06,-0.000254814661232623,0.00596305787708675,14.9023503025191,3.30646188833152,2.61669004091997e-05,0.000357083271371116,-0.000186505884755115,9.81859306512075,0.0248535458389045,1.65219842309189e-06,-1.35543983721804e-05,0.00132890516663518,1.84824025195751,0.786209597644181,7.84633211461168e-06,8.69998476662624e-05,0.00108074495472591,-3.99150590430541,0.416622984464208,3.20537582199841e-06,9.26627936895271e-05,-0.00118284492320036,5.65511982601074,-0.310916064866811,-2.28454073345091e-06,-0.000121920161365144,0.964576519374974,0.392280481067137,0.845689534737318,0.599409675729842,0.709563103698265,0.424512600157642,0.653224735437796,0.489883481671374
7,387.950422184957,-265.183535784694,-112.384671141715,122.766886400263,12.4686390726939,437.381487643136,-39.6793723510349,-64.3989168617913,541.459776855962,-4.57311419537355,-45.9493408711046,-1.14297872496783,-4.57311419537354,-4.57311419537353,-1.62274934491786,-15.7395859359516,-33.6988548093397,-12.1374333601291,5.54107192985213,1.0450736332912,1.77841798675289,6.89584829696015,8.78827499029347,0.572254308075939,-2.46468100140938,0.0605961608194166,167.734661976283,32.9959739667291,0.000240549104708198,0.00353705936300736,0.0275984642727194,84.9194534711045,15.3609764233069,0.000111429467231156,0.00155740307306575,-0.00249322934651012,14.93707557228,-0.709109662051976,-5.18314833295592e-06,-0.000249463450432964,0.00586394710750806,14.5626536292604,3.24871387059953,2.56866392174908e-05,0.00035093672134659,-0.000189150981065042,9.7696524708763,0.0213029441751944,1.5943107587932e-06,-1.38185386740113e-05,0.00130853936035123,1.71352881901694,0.772790323405664,7.69565528433301e-06,8.55959526894113e-05,0.00105579930762552,-4.07577257535662,0.405477828028066,3.12167902652806e-06,9.09034287748797e-05,-0.00114422394371702,5.75772804287089,-0.294672624877745,-2.16484752582648e-06,-0.000119274562742521,0.964347127688381,0.393989707844678,0.844208549813353,0.599606872092,0.709961520838136,0.424221117488213,0.655066767928628,0.490212333913807
8,397.874140338854,-269.034699188039,-110.351720203123,128.839441150815,12.6614750451127,446.870902785882,-39.8004603937813,-65.9076723403837,552.579035520047,-4.57512864822385,-46.6185498933734,-1.12971468096101,-4.57512864822386,-4.57512864822385,-1.61370518429441,-15.8905753876275,-35.1718765567402,-13.3268490653044,5.57269803570127,0.948317320534591,1.80860227423214,6.85549878844353,8.9330227950397,0.545232799488858,-2.62275680608507,0.0613001937014817,169.188649382078,33.3653030435447,0.000243346481415258,0.00357903679978143,0.0275874298591473,84.9011290835999,15.360182572552,0.000111454451018912,0.00155538379370963,-0.00310438303180102,13.7251269243283,-1.01966852097157,-7.43517033173534e-06,-0.000288200431636197,0.00595699172436864,14.9215491429317,3.30239582388186,2.61297953153486e-05,0.000356148251976299,-0.000184343015085133,9.90267579167797,0.0275067688664694,1.6775433047944e-06,-1.36324825552927e-05,0.00132546882381949,1.87261593170584,0.784653752593837,7.83805886094065e-06,8.65904773017973e-05,0.00122213508619915,-3.75869402883013,0.489704878334666,3.74166136228445e-06,0.000101837607281042,-0.00145310700723168,5.13267512493722,-0.45152213321016,-3.30556210285237e-06,-0.000138910276631273,0.964481658151195,0.376937684224808,0.845440595889462,0.598951467273165,0.70895886644862,0.421696659102682,0.65352771643738,0.490424478105167
9,393.560940452866,-264.628429151746,-105.695120400283,128.93251130112,12.4203901118143,441.890548558069,-39.2803916388134,-65.41368371444,546.584623911322,-4.57751991547764,-47.8726551924686,-1.14105291783498,-4.57751991547763,-4.57751991547764,-1.61163601357149,-16.2450044533849,-35.0400468717054,-12.3161541800554,5.55858041692526,0.924020093200311,1.83807630127442,6.71927926024186,9.07387120770327,0.533228090773753,-2.88782003823507,0.0612215707526572,169.475637928685,33.3335378623618,0.000242982512862546,0.00357222330156733,0.0278651682224705,86.0068996390445,15.5182998215018,0.000112558123812067,0.00157037775031718,-0.00252019238185909,15.4984527479157,-0.69851266372978,-5.08460807885099e-06,-0.00025439624022769,0.00613192916862334,15.4152199306444,3.39932825163163,2.6867251790418e-05,0.000366495014977659,-0.000167748897157381,10.0624397742895,0.0382039313636341,1.81209935321004e-06,-1.23794095352231e-05,0.00135424951015226,1.92329476736936,0.802011169818913,8.01754751395759e-06,8.85664454872768e-05,0.0010700568844596,-4.21477776973694,0.407092898766965,3.12804113826453e-06,9.25817739148304e-05,-0.00115570281224633,6.0596930940024,-0.288184164814671,-2.10961994686616e-06,-0.000121660289140077,0.964450037743269,0.392953133381205,0.8485664169421,0.598628939112317,0.707387619632939,0.422285948523126,0.652739505905255,0.489224052436985
10,385.192525677849,-263.300770814984,-112.553888086834,121.891754862865,12.3857157616733,441.887435302338,-40.0943914798215,-65.1586860473154,547.140512829475,-4.55951392700392,-47.5010890392399,-1.13388232837911,-4.55951392700392,-4.55951392700391,-1.61601561978653,-16.1639261519728,-33.354134644281,-11.4949008730855,5.55042843057452,0.913019671355993,1.82582979169082,6.755407363256,9.03998438319245,0.533030682397827,-2.81760770233419,0.0615654362052902,170.608352142832,33.5131352328724,0.000244768171372602,0.00359422797186558,0.0282400672969728,86.933106379368,15.7107940109964,0.000114221472020454,0.0015944610006027,-0.0021251918182521,16.1478201097721,-0.497264966914183,-3.58882248000912e-06,-0.00022925068896497,0.00606636655547476,15.2460920282618,3.36241480831367,2.66482901003006e-05,0.00036291214664302,-0.000173703130626768,10.0169115035742,0.0345086093402334,1.77630100660741e-06,-1.28226975264713e-05,0.00134628553770005,1.92229143201257,0.797788099213402,7.98314305990145e-06,8.79872056901693e-05,0.000962153074996819,-4.38507714470541,0.352690781684205,2.71874072065861e-06,8.5424286953861e-05,-0.000957963099301452,6.38884902521234,-0.187733092141096,-1.36135130528614e-06,-0.000109024992115701,0.964465560488978,0.404549199342525,0.847171669494298,0.59875082141196,0.707162252361901,0.423592158828734,0.652173213145121,0.489321213326795
11,396.218994568985,-256.178653918887,-98.9714881696931,140.040340650098,12.8288496958024,441.440882884226,-39.7246320898752,-65.0035689448046,546.169083918906,-4.57658644124782,-46.8038221243682,-1.1653590905491,-4.5765864412478,-4.5765864412478,-1.62320366487258,-15.9485922393506,-38.8889955039036,-16.0388219314523,5.56172703023238,0.952522780647336,1.82247853630245,6.8427937647445,9.02307686694689,0.554183910783654,-2.73446701298599,0.0591595092664232,164.345885354527,32.2281500218655,0.000234925473409756,0.00345132248382552,0.0258201095172455,80.8651880470911,14.4184247568204,0.000104564485282122,0.00144967584663054,-0.00452126623140177,10.4633144923536,-1.77845683744042,-1.29060363366294e-05,-0.000373169335724594,0.00597941048389295,14.9537087403694,3.31458921236628,2.62199405139249e-05,0.000357692609778471,-0.00017566378322021,10.0164204879868,0.0319109813075208,1.73335572390371e-06,-1.28538055164821e-05,0.00132429548595985,1.82781984224472,0.784549020004813,7.84505078120809e-06,8.66329359509833e-05,0.00159965028094241,-2.94851631312291,0.689373886964054,5.20277865742782e-06,0.000125573192379205,-0.00216933246517439,3.43264248888343,-0.834189839357716,-6.06895758356624e-06,-0.000182008171829423,0.964029198859596,0.339000093711391,0.846185687683506,0.598769793656716,0.714033079546023,0.418373066771378,0.65665813682208,0.490779201590449
12,408.388346609385,-288.270289651362,-112.258328760214,120.118056958023,12.2967465173161,441.189871524145,-38.4561205909038,-65.4173634058552,545.063355520904,-4.57747185718793,-47.2074370096399,-1.11512607452215,-4.57747185718793,-4.57747185718792,-1.61676026100346,-16.0704838435991,-34.5305590565926,-9.16485415125645,5.58682350994808,1.54978376070853,1.82851196674731,6.8035579698236,9.0066960305256,0.521051381982017,-2.72418944268404,0.0626651411605751,172.513102060393,34.0731987827393,0.000248792540475785,0.00366558678042072,0.0294509325708708,89.6388238991422,16.3501556713977,0.000118796847342578,0.00166898806495485,-0.000837495723409783,19.5331027919547,0.200639638497088,1.39771817696437e-06,-0.000153239230894277,0.00603362231799513,15.1287262092258,3.34272686981487,2.64667267799064e-05,0.000361230517948659,-0.000180207299486818,9.96197156799207,0.0305915861763506,1.72939898933693e-06,-1.3187645503555e-05,0.00134236026894018,1.91727182030152,0.794774186860404,7.93638658064758e-06,8.7805247668981e-05,0.000621551348218028,-5.23975394054435,0.170469386943088,1.39638939502363e-06,6.43201910836719e-05,-0.000309505896588712,8.14920013150308,0.16307638170179,1.14610711575421e-06,-7.06155876261349e-05,0.964670805682245,0.441147809309393,0.846819820591555,0.598998610426801,0.70444864644532,0.424808682159133,0.650383498056495,0.489213129023338
13,468.534508559463,-322.833774828375,-85.5801316212611,145.700733731088,12.4814363079589,442.076928700356,-39.0265668366143,-65.3917463014028,546.495241838373,-4.48012204195948,-46.7810477021762,-1.13423130106128,-4.48012204195948,-4.48012204195948,-1.67385861734263,-15.9679297698115,-63.175728959951,-11.1069032912525,5.65267472382242,1.43091635526211,1.80323931331308,6.86652558648854,8.91127959878166,0.54024499850276,-2.58499901079588,0.0618432873959085,170.559525939865,33.6446344735243,0.000245297927984505,0.00361526484131792,0.0284974148852955,87.2532538161104,15.8431293014734,0.000114913398333645,0.00161139212651705,-0.00188047644391476,16.8991655869631,-0.361860856721585,-2.69925573975436e-06,-0.000215628464763716,0.00598682784934195,14.9414316012646,3.31623198449409,2.61955941453754e-05,0.000358307132962592,-0.000182989967581161,9.87488272077808,0.0267718026388467,1.65613774507137e-06,-1.3351454150029e-05,0.00133654085678712,1.82779696129293,0.789841336524373,7.84503713469666e-06,8.72724946429749e-05,0.000898488326785613,-4.56361145093667,0.318095239769991,2.48567224954132e-06,8.16580509699285e-05,-0.000833931964828473,6.78106492260509,-0.119149788672867,-9.09536891393812e-07,-0.000102093812621203,0.964425891249943,0.41077554512146,0.846011487981658,0.599338386082881,0.708944493535926,0.42357031200144,0.652903357109964,0.489737452878406
14,400.404917720968,-276.793472365447,-110.71217695848,123.611445355521,12.224717063169,444.417123760432,-41.5902334831359,-65.4360309034995,551.443388147068,-4.56220908703095,-46.3823769206316,-1.11158569253372,-4.56220908703095,-4.56220908703096,-1.62314705473509,-15.8451377347159,-35.452945490145,-11.0580234380064,5.55543424108991,1.42292341680983,1.77536868156314,6.85452803500921,8.77563368734263,0.576683998200163,-2.49778965053362,0.0622983338219171,172.417128694669,33.9476493933831,0.000247103772991172,0.00363267955896473,0.0286584875041461,87.5688731917365,15.9456271600777,0.000115515671935373,0.00161877038492471,-0.0019898265703533,15.6849010844408,-0.443535929325417,-3.19122039531441e-06,-0.00021760331094884,0.0059371558682771,14.8536776312771,3.29267753731689,2.59924324440965e-05,0.000354741133093042,-0.000190113046710728,9.76348221031314,0.0227906807137735,1.61275567723655e-06,-1.39889421826923e-05,0.00132528381614453,1.82144252165835,0.783435683375215,7.78948560103013e-06,8.65345265899985e-05,0.000925603252274881,-4.23943558890125,0.337436595178851,2.60465367356035e-06,8.23574557811861e-05,-0.00088782870984868,6.19862156837643,-0.158968625483353,-1.1502528626718e-06,-0.00010307578811886,0.964253416297618,0.40931123277622,0.844799563983321,0.599526958697423,0.703803590123624,0.427574030561412,0.6505916178323,0.489544280931802
15,405.64646417325,-273.90262328279,-107.589734194679,131.74384089046,12.693218628321,449.347334749691,-40.7797113317534,-65.9203126787554,556.0473587602,-4.57127406534776,-46.7068130253905,-1.13466140816067,-4.57127406534776,-4.57127406534776,-1.61110078653382,-15.9070989567076,-37.2472635650835,-13.0609628741964,5.59559373170569,1.26531048316786,1.8035777869987,6.87933588982031,8.87990281310089,0.557355301667073,-2.55792222494763,0.0617539566842454,169.835045736013,33.5549465840597,0.000244980825649354,0.00361485211875109,0.0278196570184855,84.8855185903936,15.4456340305391,0.000112250946391718,0.00157557389804978,-0.00305459668839819,13.1779011595946,-1.01664238288085,-7.30819393878499e-06,-0.000281543511688405,0.00597254723887576,14.9303143432342,3.30598789058419,2.61639020110168e-05,0.000357868853226055,-0.000188190668492578,9.8579781397343,0.0239290567838759,1.64594236487524e-06,-1.37255250568747e-05,0.00133129116237005,1.87150419231855,0.786483663564695,7.84058521392324e-06,8.70921341829861e-05,0.0012074801955441,-3.6138610312795,0.486959290324595,3.69456497499383e-06,0.00010010657291393,-0.00142628228173858,4.88433478475827,-0.448885512750584,-3.23269144699147e-06,-0.000135462861591728,0.964686903344462,0.379361532221483,0.845480840045004,0.599104395064227,0.70919918154886,0.425698077996623,0.652849314958235,0.490103099777335
16,391.252646659043,-262.879746283207,-109.160995846062,128.372900375836,12.5948161619971,438.408907414832,-40.1024417562553,-64.3220012510302,542.833350422117,-4.58429033927977,-46.9458009168058,-1.15861795953408,-4.58429033927978,-4.58429033927977,-1.61073919310082,-15.9953513423589,-35.5276322275993,-12.2974285617426,5.57427206070236,0.962800680224614,1.82003269376715,6.82465008801214,8.99107326606859,0.531705988979979,-2.6981291670364,0.0606511866900846,167.434659385533,33.0131083972585,0.000240551346212145,0.00354053843928524,0.0275314155229555,84.3396950393746,15.3119276459847,0.000111085609912648,0.00155475083511775,-0.00265533655046671,14.1744677843073,-0.809575839529248,-5.76084412344988e-06,-0.000256568220666267,0.00600675053128263,14.9880022549783,3.32866664825263,2.62873930510096e-05,0.000359050099201116,-0.000174993930284436,9.95887860010508,0.0312158879080918,1.71330004849001e-06,-1.28551263942881e-05,0.00133410942819229,1.82483500981675,0.788936803744054,7.85940245084546e-06,8.71596376662905e-05,0.00109635350334377,-3.89422254447569,0.42960805323045,3.26136991782507e-06,9.28705684687857e-05,-0.00122289293183953,5.39601643309284,-0.34314919495033,-2.44303044754136e-06,-0.000122749340866433,0.964474184236594,0.390091773922132,0.847017591870221,0.599087147568994,0.712015697520328,0.426934148488286,0.655833706549966,0.490165190760172
17,387.880226133119,-271.317289633521,-118.483203037883,116.562936499599,12.2799541841897,438.64258240605,-39.8197455076715,-64.6792553311667,543.141583244888,-4.58353176766231,-46.3900491515845,-1.11695292030891,-4.58353176766232,-4.58353176766231,-1.62203624386178,-15.8338637084197,-32.1810627503728,-9.95750158124495,5.5519524631609,1.01999135882698,1.80409331627394,6.86811417401408,8.87111210373977,0.543915904242138,-2.54691383396779,0.0619055217445092,170.837173495575,33.6897700840465,0.000245698856528407,0.00361725692416324,0.0288144201342877,87.7505397453482,16.0071069110782,0.000116198720269768,0.00163172802496684,-0.00137677440329106,17.4421101461468,-0.114024724130542,-8.11398754028038e-07,-0.000181484881254545,0.00592659180198651,14.7870211181054,3.28384389757165,2.59700786625219e-05,0.000354745310395887,-0.000188370953948861,9.82842554315996,0.0239608337042684,1.637084866354e-06,-1.38233107730647e-05,0.00132107965769319,1.81603163888034,0.781195482608955,7.78427623508289e-06,8.63686420221114e-05,0.000758745684814125,-4.70109951452508,0.248925936002438,1.95556494516967e-06,7.19908434627711e-05,-0.000579823861388386,7.07997918104039,0.00603116934022559,4.27642100976585e-08,-8.48606661969273e-05,0.964443138745176,0.427156066260277,0.845109443980998,0.599446470386338,0.705582381798603,0.427499291415404,0.651256796231767,0.489679961227631
18,386.563859189047,-269.125953778778,-113.795139250884,117.437905410269,12.1233934273763,432.679923473745,-37.8096220873125,-64.2962394297215,534.785784990779,-4.58006206498839,-46.5112137666281,-1.11388008081805,-4.58006206498839,-4.58006206498839,-1.61089185039673,-15.8609212996863,-32.0103162913981,-9.7616003210036,5.58780664940363,1.08586284103352,1.8089373133654,6.88918548199595,8.89737669588156,0.536486682261874,-2.54467789614751,0.0611382703901307,168.337316913336,33.2451873692256,0.000242454729232178,0.00357498814257096,0.0285304423280056,86.8940548603216,15.8422837415837,0.000114991560502946,0.00161575282664158,-0.00123739972665472,17.9865971570431,-0.0331896728954156,-2.502736310232e-07,-0.000174283535597385,0.0059466076475796,14.8330788279781,3.29357744488744,2.60383821802477e-05,0.000355924011849852,-0.000187582684640582,9.85004711775519,0.0246211844135466,1.63612243062508e-06,-1.36959110472855e-05,0.00132720339662039,1.84640269942065,0.784541221214694,7.80802717580067e-06,8.67627662193269e-05,0.000724171762288548,-4.83770668335746,0.22919079321696,1.81605681467815e-06,7.00784704376436e-05,-0.000510053549972675,7.36388283739764,0.0462883566941532,3.22710345993529e-07,-8.12276871597878e-05,0.96451615314166,0.430724573023883,0.845503261788807,0.599348734580021,0.70400653565086,0.426816290604197,0.650321407073658,0.489435046795329
19,403.024352298595,-275.748375549193,-114.161494741921,127.275976749402,12.7951377801942,453.245179006321,-40.7579132124408,-66.630845291416,560.633937510177,-4.59551240962855,-47.0096971175625,-1.14281388464961,-4.59551240962854,-4.59551240962855,-1.62854871505454,-16.0761332034978,-34.6787162023953,-12.0837339506477,5.56481630087264,0.952828350047314,1.79785948280025,6.75880763768193,8.83709319896804,0.544021554774628,-2.62230711606073,0.0628625524658565,173.050153296435,34.1783780817209,0.000249543083440646,0.00367535654706623,0.0286603375511457,87.4719334629742,15.9219935336282,0.000115649715091883,0.00162107421740862,-0.00243883307050976,15.2704831248865,-0.664669950728784,-4.88404051571758e-06,-0.00024819779996188,0.006014524486863,15.0282281994072,3.33123128635648,2.63335443186934e-05,0.000359720480487161,-0.000180793730857893,9.80047052737206,0.0288118962533785,1.67078545447931e-06,-1.32184561011744e-05,0.00134331582470231,1.80180076801896,0.793326144508247,7.88047017734859e-06,8.78118590739781e-05,0.00104856638260258,-4.12974779562703,0.397999641855751,3.07242973059681e-06,9.09394549374527e-05,-0.00111345683279557,5.96322186127224,-0.270435914630138,-1.99939372860312e-06,-0.000118444371226938,0.964494306314366,0.395322364309643,0.846233980670157,0.599973093907437,0.710123072376814,0.423739337454718,0.654084235616883,0.489556354178464
20,379.268837631675,-256.388801565888,-103.0042528817,122.880036065788,11.7845021699272,425.063571719473,-37.8723490734808,-63.465407646052,526.401328439006,-4.56998600280294,-47.2827483725854,-1.12142198229975,-4.56998600280293,-4.56998600280293,-1.61697826243579,-16.1063475587597,-34.5301473384302,-10.562294693261,5.57329109490323,1.20616948708302,1.816259864931,6.77729558278635,8.91835537017889,0.561307825293989,-2.70236761268654,0.0596323694680253,165.124760471918,32.4564478404956,0.000236734026029558,0.00348306273923626,0.0275545481660602,84.5628604263497,15.3201921790362,0.000111286643750266,0.0015580062329439,-0.00174742434933144,16.2274050416061,-0.321692183585743,-2.22475851875422e-06,-0.000202015872828477,0.00604918340878572,15.1503581809415,3.35233047590817,2.65032844727835e-05,0.00036186317251999,-0.000178580716198874,9.91582278171995,0.0303567660936596,1.71802183364134e-06,-1.30359195136365e-05,0.001342642073977,1.85616457180467,0.794392957155206,7.92347724331903e-06,8.78187252701423e-05,0.000857180846682707,-4.39874193124498,0.303122784170748,2.33163282407343e-06,7.78007941725458e-05,-0.000764568300566651,6.49222592083512,-0.097153555541347,-6.57746424664219e-07,-9.51300563681689e-05,0.964305733699823,0.416789171792526,0.847030814949899,0.599200981037529,0.702352500858063,0.42907456264664,0.649888494943322,0.4886911048343
21,385.206883331696,-269.640234908295,-118.88545223822,115.566648423401,12.2824017235603,441.379535175088,-38.9380398507258,-65.3573140896452,545.674889115459,-4.58437572121028,-46.6263392678582,-1.12429841446211,-4.58437572121028,-4.58437572121028,-1.62501109958332,-15.9224219123459,-31.8463193226497,-9.86595684981952,5.58330221964287,0.958326619919372,1.77087895506514,6.79479567639288,8.78532919409543,0.567931469449649,-2.55846498715222,0.0622829484413603,171.023456718607,33.8662720600712,0.000247088544937281,0.00364248810075042,0.0290112400236804,87.8776152181119,16.1004528783117,0.000116923537451279,0.00164449555059722,-0.00131902350777148,17.5430416157708,-0.0824743247733738,-5.79267828148372e-07,-0.000178285552478047,0.0059595417740165,14.8737941968201,3.30209574989169,2.61071119989105e-05,0.00035644557081508,-0.000189670028172302,9.77172874941847,0.0226211603266467,1.64579565477015e-06,-1.36445846495119e-05,0.00132825543855949,1.81599296678355,0.785497635707489,7.82282692134538e-06,8.68245097698813e-05,0.000746527890513075,-4.72669702457827,0.242482452599478,1.90644780330755e-06,7.12624224621389e-05,-0.000550377578800639,7.15054569227429,0.0220279703592026,1.61365680291138e-07,-8.32060534904449e-05,0.96464148494035,0.428848045542586,0.84553315744721,0.599809817619236,0.706264232776795,0.427579204809981,0.651577599643092,0.489850136513925
22,394.575350143917,-270.228198676481,-104.429709636025,124.347151467436,11.9632560195215,435.768087294555,-38.8998117039004,-64.9666337764613,539.634532774916,-4.56424184302833,-46.7401797752675,-1.10557745134032,-4.56424184302834,-4.56424184302833,-1.61968776862374,-15.9657723153249,-35.7234714600006,-11.0359450910343,5.57222374165456,1.56181386448902,1.79512351295678,6.86698223294124,8.81050571806642,0.57544425742082,-2.51896774254611,0.061076346085549,169.227316189174,33.2450479381572,0.000242224936816529,0.00356456427588513,0.0281444441155298,86.5678348051582,15.6555404403694,0.000113510640339726,0.0015885469045638,-0.0018860354267792,16.5927170275665,-0.372234886494047,-2.71866870451343e-06,-0.00021482416614219,0.00598593295072377,14.9658330141007,3.31587311498786,2.61893308758749e-05,0.000357973637222208,-0.000191230337403879,9.80131284757478,0.0221159084420522,1.62572818054576e-06,-1.38436284995204e-05,0.00133639832510755,1.83720143538948,0.789267000016908,7.84874771899795e-06,8.73399745459235e-05,0.00090190112735061,-4.46219771934187,0.32135490414169,2.49862815569877e-06,8.16379359344079e-05,-0.000836335159307035,6.63061377245192,-0.124026214467135,-9.1630655657767e-07,-0.00010166993948504,0.96430918319887,0.411230878995598,0.845590074181477,0.599503962037113,0.701102057453706,0.424694848690599,0.64911465732389,0.489049277818629
23,391.373237345976,-270.010457393996,-113.823644287519,121.362779951979,12.4184325649035,438.89386498489,-39.1512210287149,-64.8058762721418,542.850962285747,-4.58315549206139,-46.4679601474429,-1.13193240627996,-4.58315549206139,-4.58315549206139,-1.61906116168394,-15.8764085105567,-33.2963832832203,-10.821143068375,5.57737589287563,1.04929176837313,1.79971164998692,6.84156643994977,8.84900640363441,0.555507065453819,-2.56294702913842,0.0613759713583174,169.057174116924,33.3938045362195,0.00024374710769156,0.00358854776899047,0.0283056465214529,86.2401437387341,15.7284729125661,0.00011426460364652,0.00160264485717314,-0.00184198643393924,16.2413976522499,-0.364250528687753,-2.6440167600462e-06,-0.000209219239395945,0.00593258310913263,14.8001992657631,3.287894724396,2.60114787528455e-05,0.000355001667755343,-0.000184128727975254,9.82229459027756,0.0255236861146401,1.64369312446862e-06,-1.3491667351606e-05,0.00132419221965608,1.80473257233973,0.782744068280694,7.79738290949849e-06,8.65880203808785e-05,0.000882575179342303,-4.39098248347573,0.314667742492247,2.44427611623973e-06,7.97544928650566e-05,-0.000814084530037869,6.47873507982514,-0.119829174806334,-8.77561020057172e-07,-9.88476515623046e-05,0.964500630395951,0.413216640613367,0.845097370734335,0.599530983112977,0.708832384816915,0.426931273905747,0.653385712059966,0.489601772582577
24,391.545691541301,-269.578934156722,-112.117528796673,121.966757384579,12.2533929713374,443.680916534332,-40.6556442444431,-65.5135067810484,549.850067559824,-4.56203124942248,-46.8482860380114,-1.11840604473836,-4.56203124942247,-4.56203124942248,-1.60830496050475,-15.997222517311,-33.7595074584625,-11.4591682627932,5.54477316546242,1.20088526806476,1.80192008084613,6.83628121168276,8.8496960318102,0.565711217376802,-2.57912603750421,0.0619737942261849,172.053321486527,33.7446454687776,0.000246164387760419,0.0036143219923875,0.0284615971111273,87.7360106735211,15.8358737759912,0.000114946458459111,0.00160510038899599,-0.00206879062036647,16.3692784218412,-0.466363297947334,-3.43311994839133e-06,-0.000226897534714274,0.00599108975454519,14.9824213610837,3.31850170840613,2.62487474646106e-05,0.00035827170381074,-0.00018535115062755,9.83439918279998,0.0250286958699137,1.65356451374816e-06,-1.35517057419404e-05,0.0013382682245349,1.84000283705631,0.78977475243645,7.86486984876215e-06,8.74536756510338e-05,0.000951669149741596,-4.41131547561369,0.346816294196913,2.69538952956708e-06,8.50233691738318e-05,-0.000928974587176672,6.4966410025086,-0.172068727075048,-1.27875233150631e-06,-0.000107773473680542,0.964371849098215,0.405672011282162,0.845575126352275,0.599495913206005,0.703554651275768,0.423277104582487,0.651215402243209,0.489183808281442
25,393.605260969549,-265.404649617716,-108.101973535211,128.200611351833,12.540905680072,444.569456100901,-40.2267592249046,-65.5324217774932,550.328637103299,-4.57392081430319,-46.4719192419625,-1.13741980893337,-4.5739208143032,-4.57392081430319,-1.62176246503627,-15.8984289241644,-35.5084997715321,-13.2110081717254,5.5553983500853,1.18387481407181,1.78206802886646,6.85625928632598,8.80757896774292,0.564558579087371,-2.5158782605042,0.0611258474988758,169.26092118396,33.2748547021788,0.000242608882371583,0.00356843779773727,0.0275486987512547,85.1049084149187,15.3416690430363,0.000111265387577544,0.00155282024211995,-0.00301975017360981,13.968434628558,-0.972058211566733,-7.13608029049006e-06,-0.000283697602883816,0.00593934212010061,14.7997278605415,3.29028132054571,2.60078873519599e-05,0.000355389662057361,-0.000186873772240821,9.78593393695624,0.0238081267308322,1.62034778744437e-06,-1.37015553966728e-05,0.00132864931278697,1.79165038577127,0.785217055616637,7.79829493033641e-06,8.67781319671098e-05,0.00120259715316463,-3.81196173575536,0.478782778559235,3.67239776613785e-06,0.000100746479271417,-0.00140844551457388,5.27561176692506,-0.426175565401258,-3.14397290840188e-06,-0.000136519609539206,0.9644523374093,0.378922296009562,0.845168085464788,0.599784521292895,0.709095121660957,0.42191685212515,0.653913485414081,0.490154842263032
26,390.798429195347,-263.086765947462,-106.922609703742,127.711663247885,12.417874135157,441.275796701751,-39.4881032586156,-65.2780385541745,546.041938514541,-4.56689951810109,-47.2555204439003,-1.13780681816767,-4.56689951810109,-4.56689951810109,-1.61093506499998,-16.1029759309787,-35.0253118911646,-12.7072621047115,5.56959158613209,0.994600037524654,1.81894478464475,6.80994402095885,9.00514000282242,0.540324399598026,-2.7355203814615,0.0609040043244725,168.875359808659,33.1538376961746,0.000241888632037634,0.00355689059283002,0.0276036244004427,85.4536845203609,15.3705317831984,0.000111581591878519,0.00155665550301284,-0.00272369100627841,14.9246295450709,-0.81285388954844,-5.93611832907062e-06,-0.00026653566545219,0.00604481057535704,15.1469454752159,3.34884427534068,2.64910244835973e-05,0.000361811729116247,-0.000175542038893003,9.98288077337351,0.0326608283147435,1.73300529340687e-06,-1.29370623735463e-05,0.00134519325383062,1.87687467903863,0.795371832429997,7.93023129486242e-06,8.79781968961392e-05,0.00112501639992874,-4.05667269905851,0.437498014319791,3.3588522624725e-06,9.60194229556258e-05,-0.00125957711566887,5.7555603930826,-0.346619503314468,-2.54301187926105e-06,-0.000127850061650699,0.964283311956021,0.387079211421521,0.846661143635416,0.599099220815657,0.707749242116314,0.421887531383255,0.652816544717293,0.48946551737024
27,384.003547532097,-272.928107807525,-119.39421791461,111.075439724572,11.8495219755525,436.396838654084,-40.7450356166942,-64.464199348595,541.606073619374,-4.56597286206574,-46.6122812901464,-1.09375701477323,-4.56597286206574,-4.56597286206574,-1.60672870511495,-15.9080913857877,-30.5477480975646,-8.34784866565288,5.54367922331675,1.09193867319236,1.79734934414765,6.86836746910937,8.82749379235619,0.558599698027839,-2.5177260212746,0.0625433640458289,173.020078944167,34.0498713590693,0.000248170338594509,0.00364941567017078,0.0295531713439223,89.7121440231477,16.4058180739513,0.000119064321168229,0.00167420620832694,-0.000570045651326476,18.9958702030538,0.308301783915907,2.31018294477055e-06,-0.000131213654062416,0.00596269181205911,14.9238129104571,3.30439919631717,2.61227164305448e-05,0.000356571558218691,-0.000191509598925153,9.79790599307288,0.0226528644293263,1.62438580372708e-06,-1.40973158405422e-05,0.00133040171201654,1.85085846314391,0.786502224655703,7.83178413476767e-06,8.68967491468545e-05,0.000545669798784188,-5.08657967971862,0.138520265984975,1.12832033837377e-06,5.81480435880288e-05,-0.000172967123792293,7.91522501400975,0.218815836148392,1.61725785969512e-06,-5.94514011367886e-05,0.9644598113239,0.451615889082508,0.845111168730521,0.599288368346707,0.699437099247262,0.430802186752429,0.648173519000703,0.488737673071428
28,398.991670596569,-270.311941376331,-109.205268942014,128.679729220238,12.5803715536876,446.617955484426,-41.6133133195908,-65.3843866941153,553.615655498132,-4.58695042079423,-47.1925621675321,-1.13284399879004,-4.58695042079423,-4.58695042079423,-1.61957310320533,-16.049974940901,-35.0955505129061,-12.6692364629625,5.53460652949301,0.975274524126074,1.82949450090356,6.80800372472943,9.0250188353267,0.52014205973813,-2.73715717033544,0.0616979171812157,170.867895112683,33.5920818468275,0.000244975195904404,0.00360079446312003,0.0279342171864722,85.9380414740127,15.5463214782578,0.000112853744440106,0.00157658003744017,-0.00280605725224639,14.1244657334625,-0.870007676061733,-6.25367588408998e-06,-0.000268006670108061,0.00603037191165705,15.1276447390609,3.3426688341484,2.64619099006888e-05,0.000360783132131587,-0.000181363913135987,9.97861076133795,0.0307018778756554,1.73663023527751e-06,-1.33171354348209e-05,0.00133666356845909,1.91037944624204,0.791993241257935,7.92758710818578e-06,8.74151554635907e-05,0.00114261729614698,-3.86809337641704,0.449679646258144,3.42254982746144e-06,9.63355466645632e-05,-0.00130078631282057,5.37134832409531,-0.374953735164638,-2.70283415923929e-06,-0.000128628629226119,0.964410368504234,0.386004117552029,0.846795674098229,0.598892825789375,0.708692680105532,0.424733943013126,0.652930378185828,0.490103099777335
29,389.293155802947,-267.780767284179,-113.722255547003,121.512388518768,12.0978345744888,446.283963313538,-41.819250243083,-65.6456975024136,553.748911059035,-4.55941347785378,-47.6424899483715,-1.10720550831237,-4.55941347785378,-4.55941347785379,-1.60860709606446,-16.2379686009688,-33.6897359727474,-10.7205569002763,5.55974033536951,0.989259671293693,1.81494548317322,6.77422361922281,8.95309586417292,0.543812278119222,-2.72268452306931,0.0626754530869266,173.345782432849,34.120171628749,0.00024883825693833,0.00365917008706508,0.0289208568870179,88.2049698358083,16.0677334890683,0.000116690487090723,0.00163679307862753,-0.00182830492222162,16.0269779971014,-0.364056405062491,-2.51490823144849e-06,-0.000207331800803888,0.0061016262884505,15.3388731410392,3.38151226697086,2.67371237388132e-05,0.00036489431014726,-0.000180903672813248,9.92814628028937,0.0303255246356661,1.72821106405617e-06,-1.33349642970389e-05,0.00135999913933821,1.92892291378234,0.803515476083234,8.0123182519203e-06,8.89355985337012e-05,0.000882867063891185,-4.32781957205206,0.316314955061505,2.4252849505139e-06,7.95324804728626e-05,-0.000804169068856806,6.38233132981386,-0.117993949840374,-8.00270363083002e-07,-9.77407354363468e-05,0.964454062158823,0.414702224869393,0.847196390904131,0.599338386082881,0.70100662131342,0.428860118789249,0.64851156990726,0.488704902830486
30,399.488409218021,-262.58386539484,-104.028479209969,136.904543823181,12.8890349801224,447.718961388224,-40.8886858280398,-65.8118365847142,554.419483800978,-4.57698224799547,-46.5710723267686,-1.15336617685406,-4.57698224799547,-4.57698224799547,-1.61253331108607,-15.8634511609752,-37.6610170394572,-15.5740183457501,5.56047164375503,1.08228035827697,1.8111507529368,6.89765701644503,8.94560976987423,0.559102898405576,-2.60705565183466,0.0603839391483284,167.639031106324,32.8983476304132,0.000239634083347007,0.00352187120531577,0.0265163971656941,82.6986701068375,14.802656277437,0.000107232357483429,0.00148968294973449,-0.00427216319595995,11.0449821133012,-1.63585884891125,-1.19353914668229e-05,-0.000358955199661757,0.00595320044097187,14.8982544219374,3.30047935517892,2.60961195459412e-05,0.000356066400333436,-0.000184835862829065,9.93207733738108,0.0270571279024299,1.67105761809197e-06,-1.35676747977632e-05,0.00132334271250933,1.86026579386507,0.783383018449713,7.81948998365241e-06,8.65239272950018e-05,0.00153676030393571,-3.07426038297471,0.653836509434783,4.95752777196511e-06,0.000121826710804873,-0.00204406693671699,3.73427636542195,-0.762741552194325,-5.58286621445148e-06,-0.000174837668645946,0.964078066762754,0.345333948877274,0.845422773477722,0.598717476254511,0.713557048677606,0.418690420683656,0.656205102613973,0.490866588899627
31,386.18013500989,-262.933078886135,-111.882578785918,123.247056123755,12.3692488797527,436.374708082219,-39.4293642194057,-64.3725760404559,540.176648342081,-4.57287054412607,-46.8140522122663,-1.14085178807594,-4.57287054412606,-4.57287054412607,-1.61670908856603,-15.9777589692665,-33.9087366936146,-11.5935610702598,5.57217427120542,0.936365880564084,1.81391025863596,6.84942364487207,8.96080770136208,0.537575457576347,-2.6489595140664,0.0607417527483172,167.943255878383,33.0431212889815,0.000241100629845915,0.00354864645309972,0.0278097071318188,85.3254009682504,15.4556993256101,0.000112270573373835,0.00157194578072606,-0.00221291196149897,15.5249393541097,-0.565139209415879,-4.04554309543713e-06,-0.000231659689782656,0.00598438216999589,14.9346990179518,3.31382004600278,2.62117845120339e-05,0.000358171252950187,-0.000179077011144742,9.92499532683378,0.0288040434085448,1.68708571119211e-06,-1.31126366305915e-05,0.00133148539106891,1.80578979468216,0.78661581440645,7.84291809454288e-06,8.71064295765668e-05,0.000984555928965994,-4.22649734988681,0.368947144592391,2.83105373157738e-06,8.62214343601094e-05,-0.00100116667865846,6.06255553100706,-0.221298925831745,-1.58471812565656e-06,-0.000110180295850261,0.964491431731827,0.402440980508606,0.84598791640484,0.599326887752726,0.708001055546708,0.426020606157471,0.653540939517059,0.489578775922267
32,391.260707993192,-271.723257835624,-116.047977080294,119.537450157567,12.3212775476472,442.652814589507,-39.3238890779046,-65.4115612938014,547.388264961213,-4.5758700433507,-47.552084401945,-1.12056959889662,-4.5758700433507,-4.5758700433507,-1.62790460268037,-16.1649628569009,-33.0320774661651,-10.1290794189135,5.55307194762318,0.851112788252811,1.83180058527458,6.72774988122734,9.08896048968746,0.504199886143321,-2.86541049460341,0.0623830320599193,171.875886447921,33.9198539077479,0.000247580147815948,0.00364753980106129,0.0290118573004447,88.4126756859656,16.1058770729733,0.000117028453926667,0.00164326021338776,-0.00141554668965906,17.8474005705849,-0.12372889711433,-8.45206147937215e-07,-0.000185876770330592,0.00608371405299244,15.2847924260641,3.36990646156561,2.66782180922957e-05,0.000364212380334677,-0.000170858764152404,10.033082560009,0.0366849354849882,1.79607251694388e-06,-1.26906937148658e-05,0.00134342056682826,1.89334844513399,0.795433222060391,7.97082140723641e-06,8.80138481595894e-05,0.000771915687361385,-4.80158295761694,0.253323810085102,1.97893535636902e-06,7.32801401690974e-05,-0.000599438400535199,7.26262312401457,0.000635441904616204,2.34905218609955e-08,-8.70436680857799e-05,0.964629411693687,0.425241019372962,0.847509720400855,0.59882498564146,0.704608473234475,0.425083492249838,0.650319107407627,0.488953841678342
33,399.346146689535,-270.588081770098,-111.328183298159,128.758064919437,12.7169959264892,445.217419125684,-39.8282118136015,-65.5355054825557,550.581136421841,-4.58826364177153,-46.505116643423,-1.13956122750464,-4.58826364177154,-4.58826364177152,-1.61390215353587,-15.8849022043671,-35.5928635872798,-12.6784324805828,5.58908777682451,0.964374288876103,1.79962991517103,6.85515804887285,8.89197140432826,0.544917536568647,-2.58173089202404,0.0613263219208054,168.736945283921,33.371450538425,0.000243433149983112,0.00358206536736376,0.0277419718622266,84.723786682368,15.4302219895576,0.000112018229085987,0.00156690260859794,-0.00283082116165915,13.8290413908776,-0.89065133828342,-6.44259258020807e-06,-0.000268665504336676,0.00594066210338007,14.8552566519155,3.29426858234459,2.6053413546454e-05,0.000354903448279605,-0.000185282387781413,9.85804188114507,0.0265242132302144,1.65576179809612e-06,-1.365743948821e-05,0.00132789910754953,1.85285416374558,0.785955154771674,7.82334053876042e-06,8.66350220539683e-05,0.00114782808864391,-3.7866776771853,0.454131332245933,3.46431067386968e-06,9.64825101703317e-05,-0.00131328493844476,5.22580704092094,-0.38508676432796,-2.79623345424133e-06,-0.000128969025319905,0.964435089914067,0.384957769507923,0.845353783496792,0.599288943263215,0.711066510366032,0.424816156073734,0.654062388789588,0.49042620285469
34,386.852888326401,-268.103326431901,-115.397688855162,118.7495618945,12.1596733884509,441.39252959288,-40.2589502285293,-65.2306775783594,546.882157399769,-4.57590277048874,-46.5689345812837,-1.11528612116484,-4.57590277048873,-4.57590277048874,-1.62582434254376,-15.9148013665362,-32.8339174657139,-10.4055418734641,5.56606675884624,1.06253637880775,1.77425279024646,6.81770731652753,8.76270212771273,0.568379322572125,-2.51337413375746,0.06212284597822,171.095748224988,33.7841416207038,0.000246223309220617,0.00363152617821343,0.0287491019526568,87.3165500652817,15.954313297766,0.000115762314278988,0.00162932839382896,-0.00166605817285803,16.3041380195213,-0.281955695817088,-1.96353431817643e-06,-0.000197037070462202,0.00596265496962561,14.8790898799693,3.30236171077932,2.60778075980115e-05,0.00035672785783353,-0.000188587656456796,9.74057856414306,0.0225152414239713,1.61767490977276e-06,-1.36242782579696e-05,0.00133134404020131,1.79757218975719,0.785689224850786,7.80709780020133e-06,8.7075359592423e-05,0.000838479417971247,-4.39549225137842,0.293959553284876,2.26974031564559e-06,7.66046817059919e-05,-0.000723645058665984,6.54706861103442,-0.0773512733121877,-5.27118568610317e-07,-9.25982001170453e-05,0.964503504978489,0.419194622460953,0.845288817931416,0.599836263778593,0.703549477027199,0.428998673667617,0.650275988669546,0.489130341046222
35,426.187129251135,-292.6897910438,-107.034200764348,133.497338207335,12.5976193059948,453.351528308033,-41.7034716516955,-66.538044848838,561.593044808567,-4.58399433996688,-46.800906472312,-1.11002342474162,-4.58399433996689,-4.58399433996688,-1.61048642224856,-15.9237841687428,-34.3594575658986,-12.1106107504165,5.58948420035701,1.65449962445402,1.8193124003287,6.89936233808265,8.94788094544384,0.543338349963333,-2.59185695732454,0.0629374870497623,173.157573708249,34.2251559141212,0.000249507765460114,0.00367837266431398,0.0286386947441058,87.1111107525446,15.9027655626708,0.000115409547687339,0.00162106858982251,-0.00255789699548417,14.3773467503881,-0.749172179585458,-5.32434245159357e-06,-0.000251647507293963,0.00599181845296425,15.0455247622996,3.31998622840298,2.62552453116203e-05,0.000358383011544624,-0.000192106655458831,9.91167910288162,0.0239905361613429,1.66640494047006e-06,-1.41096745617217e-05,0.0013323514190357,1.9283075588869,0.788151930359563,7.87682078819332e-06,8.71419623395868e-05,0.00107633656550581,-3.91933793016714,0.417285921825847,3.17069604137396e-06,9.18419264303134e-05,-0.00117622046072791,5.53428031035798,-0.31440435473405,-2.23682091214636e-06,-0.000120387073066188,0.964655857853043,0.393513102059753,0.845617670173849,0.598880752542712,0.705694490517615,0.426715680215341,0.65034382881746,0.489899004417084
36,405.580203171478,-271.178066146314,-105.614007205686,134.402137025163,12.7651069423664,447.586254532043,-40.4803162504796,-65.9745304525688,554.041101235092,-4.57971546030168,-45.4683990459203,-1.13810466565844,-4.57971546030168,-4.57971546030167,-1.61349021511323,-15.575346543688,-36.2611192689762,-14.8703802764804,5.58235851320429,1.12267766764002,1.7549342539528,7.002765611353,8.64424124226953,0.61673922647693,-2.25821485739349,0.0607181262119261,167.717277112803,33.0392909424945,0.000240619781387017,0.00354299841690356,0.0268513311855552,82.9020401772073,14.9527956695494,0.000108313317063755,0.00151141382402904,-0.0039426319493491,11.347832774863,-1.48007981988541,-1.07770150704047e-05,-0.000336961699579817,0.00581367396595673,14.4345777873516,3.21978588197114,2.54227836179898e-05,0.000347521666749775,-0.00020487645037987,9.65735405984551,0.0117198384753975,1.49672908104167e-06,-1.47705316526734e-05,0.00130386962821655,1.74058020821466,0.769441978326309,7.63124034223005e-06,8.50647588592432e-05,0.00144844159057142,-3.148545612756,0.611801634682495,4.63963411501839e-06,0.000115747051064891,-0.0018773354370094,3.92873298152575,-0.683950958795359,-4.99436278311214e-06,-0.000163675986108077,0.964370124348692,0.354058306882383,0.842749411716683,0.599707482480857,0.711812751993092,0.42147474133069,0.655520377053242,0.491312724109641
37,392.766562596633,-263.884219492857,-106.688469961662,128.882343103776,12.5387215163319,443.877905734693,-39.44752215411,-65.6565567382448,548.981984627048,-4.58064561740243,-46.5422436687165,-1.13166870039271,-4.58064561740242,-4.58064561740242,-1.62206106896571,-15.8988041157687,-35.1221887598108,-13.6882945734544,5.56762209279455,1.05972828343002,1.79282605796724,6.86804469753399,8.85248113268875,0.576779663217758,-2.56121609837251,0.0606721820804443,167.873530007608,33.0213460712816,0.000241056862594878,0.00354381861790252,0.0271957643815634,84.0958382762175,15.1484475198124,0.000110009135631099,0.00153282910374892,-0.00327499870946554,13.3445967133038,-1.10778769328757,-8.11382517732234e-06,-0.000298968993591969,0.00593954814932307,14.8459592029294,3.29179172980592,2.60666938120127e-05,0.000355414061508844,-0.000188576914383988,9.85037894916339,0.0239472404035086,1.64820127167893e-06,-1.3774489705804e-05,0.001324540048738,1.82907274197493,0.783626963823398,7.82103021379203e-06,8.65403446564534e-05,0.00126987331815431,-3.66145099798392,0.514244307349169,3.93298502179257e-06,0.000104960765177933,-0.00153936602884094,4.95797643244781,-0.496015968773023,-3.64747867475084e-06,-0.00014437260763165,0.964305733699823,0.372035946079731,0.844985836931832,0.599475216211726,0.70958495052556,0.421550630309713,0.653812300108717,0.490438276101353
38,452.501795556864,-307.807898443096,-87.5496295992911,144.693897113768,12.5782171961839,449.206990230233,-41.0185260332903,-65.996008994896,556.221525258419,-4.54515975310177,-46.4617361839617,-1.12461940616204,-4.54515975310177,-4.54515975310178,-1.64195739036236,-15.8623785349093,-46.679271465045,-12.5993404286674,5.60167639602034,2.55104503628964,1.78808392686582,6.88984566878015,8.82104459536878,0.566326898944991,-2.49752582553358,0.0620381415040544,171.145177895527,33.7623807178347,0.000246272651284721,0.00362368299236647,0.028111111106985,85.9882943674905,15.6339407038988,0.000113482769565879,0.00158831646831714,-0.00276114765971787,14.1019884080545,-0.849543661194189,-6.16298711632275e-06,-0.000265237480561882,0.00593552435448178,14.8338000076295,3.28956217440556,2.60235824815576e-05,0.000355028545659724,-0.000193981022195457,9.79932665538366,0.0207330025871441,1.61580354719186e-06,-1.40830794135632e-05,0.00132503303848656,1.8431286824109,0.78332254467221,7.80918406672584e-06,8.66130093478569e-05,0.00113269881367639,-3.8474856933877,0.445286087899905,3.40592885167976e-06,9.57070628056408e-05,-0.00127891160765013,5.34367454445816,-0.365020887447439,-2.65791402444881e-06,-0.000127253533956031,0.964501780228966,0.387187870641486,0.844883501793452,0.599279169682583,0.707896995658805,0.424915616629575,0.652734906573193,0.489916251912316
39,396.510348393378,-271.448839326947,-112.994479926352,125.061509066431,12.5328712679182,450.281526130394,-40.4084148878426,-66.3556515311896,557.045592549426,-4.57723297432283,-47.5759292615572,-1.12164956279611,-4.57723297432283,-4.57723297432283,-1.61790818314824,-16.1821133166668,-34.3323367252762,-11.7469788342203,5.56342210636,0.95990455976632,1.82589376939132,6.74026997855734,9.01468298306501,0.531211402450052,-2.80562440695766,0.0625974965325735,172.785450547234,34.0713876369299,0.000248796148194488,0.00365678725021159,0.0286480866534184,87.7444405321806,15.9349935378159,0.000115793723422482,0.00161864929545674,-0.00224584181915819,15.9071770657241,-0.557279304463919,-4.05576889384863e-06,-0.000237493537630542,0.00608402234674417,15.3216031859232,3.37359643377137,2.67096528158536e-05,0.000363759905607945,-0.000173794964152501,9.98658494585516,0.035494011616711,1.7689986016534e-06,-1.30104464947761e-05,0.00135140704117686,1.94292012394764,0.800603163668028,7.99845383078633e-06,8.82815906177535e-05,0.00099863605002653,-4.29283673044114,0.370767079210024,2.86121620045476e-06,8.79855902415709e-05,-0.00101806843590799,6.27855066722465,-0.217488812607631,-1.59328587458052e-06,-0.00011315255797061,0.964513278559121,0.401160641445846,0.847182017991437,0.59907794890487,0.706338971922802,0.423001144658767,0.65102108046359,0.489105619636388
40,387.475800946183,-260.070196326358,-107.938258971843,127.405604619825,12.3743118827207,435.709525106923,-39.6914582778104,-64.2815425848248,539.682525969558,-4.57063806711839,-46.6560474747303,-1.14113473620909,-4.57063806711839,-4.57063806711839,-1.61581307660382,-15.9295545381952,-35.3669454929016,-12.4561502020672,5.57014142759595,1.00997191402951,1.80619214889865,6.85764916727804,8.90784805583034,0.549899950549814,-2.60009883910217,0.0601754542402924,166.32074582812,32.7416040445459,0.00023874259325761,0.00351583382380285,0.0272586140391818,83.6595563150092,15.1577840224872,0.000110045142518266,0.00154053970276019,-0.00275426174037887,13.7524473625234,-0.862396649828213,-6.16173350797684e-06,-0.00026209749593042,0.00596473885456496,14.8859138828566,3.3043382219849,2.61230233998442e-05,0.000356976572180279,-0.000182880052304091,9.88048928728962,0.0265456202676612,1.66385654550135e-06,-1.33925731293582e-05,0.00132777966338121,1.80772445761792,0.785248586157371,7.82252035314344e-06,8.68253431412919e-05,0.00112463433716982,-3.77658756365004,0.444735273650836,3.37761513604207e-06,9.45581388753166e-05,-0.00127335671649144,5.18290927359195,-0.369969628663027,-2.64655417481032e-06,-0.000125568947391208,0.964377598263292,0.387693222251798,0.845710231731597,0.599195806788959,0.708444891090691,0.42719113616725,0.653106302637199,0.489647765903197
41,400.096425544388,-269.727340722153,-104.2157440576,130.369084822235,12.5354823522466,439.557485934831,-38.4927686766693,-65.1330911777353,543.183345789236,-4.57783356515731,-46.6248200206004,-1.13622507975546,-4.57783356515731,-4.57783356515731,-1.62114762408713,-15.8551225359288,-35.5132632829056,-12.8258120062844,5.56596828256385,1.31165977246388,1.81129107470273,6.84715503946474,8.91764952990784,0.556181190717287,-2.62667568116045,0.0605173216775181,167.031134654242,32.9257311487463,0.000240131972456062,0.00353709218461897,0.0273729415780495,84.258947387161,15.2350032819055,0.00011055203672274,0.00154504747862095,-0.0028280666363204,14.4450750444339,-0.873296115532967,-6.3646337580687e-06,-0.000271434662046718,0.00595763901780667,14.9001668477659,3.3010832661422,2.61199259919827e-05,0.000356652353172867,-0.000185624761818895,9.90173419525285,0.0261742397655345,1.68167004502568e-06,-1.3483619564062e-05,0.0013186562521315,1.8469759055921,0.780625461598574,7.81221675088877e-06,8.63490158107055e-05,0.00114933400147066,-3.94273232871823,0.451247058568017,3.45692618690808e-06,9.72492803608289e-05,-0.00131427479491503,5.49461785150499,-0.378090504937458,-2.7687933947149e-06,-0.00013046129257203,0.964423591583912,0.384604195855657,0.845617670173849,0.598761744825608,0.709299791937716,0.42226697627837,0.653389161559013,0.490087577031626
42,393.334624399419,-263.594977294616,-106.804101142016,129.739647104804,12.4417369890643,447.997463379061,-40.9886174679934,-65.9191836068211,554.905264453875,-4.58466955355332,-48.6366521305053,-1.13344190001734,-4.58466955355332,-4.58466955355331,-1.61666443436869,-16.4918453693997,-35.6222174749432,-12.4287145781218,5.5391494388599,0.902282486639411,1.86301313397501,6.64885737412664,9.17725328653886,0.501357679742625,-3.02975359215478,0.0620146612181753,171.987027907454,33.7774612920105,0.000246485865861467,0.00361842426671619,0.0281850162888149,87.01513620839,15.6981902109471,0.000114021501560572,0.00158923398005982,-0.00261045830405778,15.1516788777186,-0.746955388425146,-5.38025857183605e-06,-0.000259451071486239,0.00622543293214199,15.7157538470247,3.45251535483326,2.73269530551688e-05,0.000372143658252876,-0.000165329025116554,10.1406684584628,0.0425335475272315,1.88432209975873e-06,-1.21819917022858e-05,0.00137428193080837,2.00611108382603,0.815104043239464,8.16656297594519e-06,8.99128400137909e-05,0.00109443657017656,-4.12284415314056,0.420111996924306,3.21106148034415e-06,9.40165685025432e-05,-0.00119953585120242,5.89410722864078,-0.31147212464427,-2.25116493406211e-06,-0.000124144055146655,0.964300559451254,0.391092128645617,0.849811111181379,0.59875082141196,0.706115904317795,0.423298951409782,0.651000958385818,0.488926820602478
43,408.025802877809,-276.568464914723,-113.577004005818,131.457337963086,12.9502516948521,457.858004676785,-43.6076356966977,-66.4776829843926,567.943323357876,-4.57589947878272,-47.2894402128158,-1.13858994867409,-4.57589947878271,-4.57589947878271,-1.60760431056602,-16.0694782862882,-36.138403863772,-13.133660740456,5.55581095527176,0.917154094181737,1.83635245531954,6.80937714149507,9.06553002830644,0.515940056770124,-2.77209294358136,0.0630571132654697,174.096038681863,34.3448504455335,0.000250249643713755,0.00367894308689141,0.02839740269644,86.7810372257879,15.7999721269608,0.000114606632724621,0.00160374220811796,-0.00311223856099575,13.0366507237754,-1.0464694528793,-7.46162242299533e-06,-0.000284382800934132,0.00605308160822619,15.2263212797923,3.35746355547633,2.65426218237947e-05,0.000361700937559074,-0.000177791556345225,10.0184292802081,0.0330246878544689,1.75329316726249e-06,-1.31774502587621e-05,0.00134131400633467,1.94241805980382,0.794296674827081,7.95009281998348e-06,8.7659741833792e-05,0.00122135294402118,-3.5904079593479,0.494121070702845,3.73209867226887e-06,0.000100819370946761,-0.00145462210088129,4.82030299366425,-0.463273429106152,-3.30818635969806e-06,-0.000136902934221015,0.964393121009001,0.377875947965457,0.846962399885477,0.598550750467263,0.710523214266208,0.425633112431247,0.653775505452221,0.490019736883711
44,390.108281136451,-260.267500975058,-103.594797192076,129.840780161392,12.2368714662954,438.89604670356,-39.7735748015314,-65.0891864799167,543.758807985009,-4.56046020424689,-46.5295377560001,-1.11752852044215,-4.56046020424689,-4.56046020424689,-1.61457026549682,-15.8538594640832,-35.613045906128,-13.6029379741738,5.55174930943262,1.14934273995983,1.79430307456931,6.89845561084384,8.81751183330435,0.578356203230363,-2.49741242569089,0.0601462555766641,166.722923691079,32.7493415749936,0.000238511069047294,0.0035104699081973,0.0269413820492501,83.3373591717153,15.0084067683075,0.000108773868320811,0.00151815299108109,-0.00330846938839763,12.7834557849684,-1.14166871574052,-8.25654086798744e-06,-0.000298376279900246,0.00595267850995089,14.8962732164242,3.29844136935841,2.60741267314086e-05,0.000356239840809971,-0.000193980456515599,9.81010451167085,0.0208622522244528,1.61699405370122e-06,-1.41113970792621e-05,0.00132466305705395,1.85463650219545,0.783023226170127,7.8107840615096e-06,8.66529409506242e-05,0.00127761368764268,-3.50954945019101,0.521800180218264,3.9611968629611e-06,0.000104874590621375,-0.00155516020808636,4.6680018117808,-0.512213968349369,-3.71514991021382e-06,-0.000144025463163913,0.964266064460789,0.371764010571565,0.844974338601677,0.599009533840448,0.705010339873392,0.423875592667055,0.65129704038731,0.489954771318335
45,392.625708150583,-263.590049927691,-109.521040239939,129.035658222893,12.581076536625,442.95918774879,-42.6746886953706,-64.437145277526,550.071021721686,-4.56868146904518,-46.6238221362137,-1.15764582017781,-4.56868146904518,-4.56868146904517,-1.60989624215788,-15.900409815609,-36.2499724876663,-12.7798582231149,5.55455284102019,1.03095682763545,1.78927201927842,6.8336814409405,8.8391765449308,0.576869154738171,-2.58236425872841,0.0610508601115975,168.782120800552,33.2335582927388,0.000242251343239871,0.00356387250281177,0.0275117537877168,84.0190456952465,15.2890422674832,0.000111015637753824,0.00155585858937045,-0.00303831505252443,12.3051092274016,-1.04224586240224,-7.34668666109533e-06,-0.0002749777354221,0.00596130723997243,14.8658975561085,3.302525959824,2.61004989139066e-05,0.000356540382539751,-0.000184385740512323,9.84230291911463,0.0247760950512235,1.6576371954674e-06,-1.3330606021843e-05,0.0013274313544314,1.80931948227983,0.784133201182172,7.80942178242466e-06,8.67579024458913e-05,0.00119495376465346,-3.41807573642267,0.488206984654433,3.66492815008983e-06,9.80119506454233e-05,-0.00141519995604586,4.47243696590157,-0.459656625827199,-3.23771047642722e-06,-0.000132033512273229,0.964315507280455,0.380787900077211,0.845697008651919,0.599345859997482,0.711062485950478,0.430678004786755,0.654834501659497,0.490399756695334
46,378.052497835309,-259.49894287096,-110.942250650806,118.553554964349,11.938391506299,429.907815673313,-38.7274163869187,-63.970811198787,532.606043259019,-4.56573711789618,-45.8692288566461,-1.11039974259197,-4.56573711789618,-4.56573711789618,-1.6071454948223,-15.6957723372765,-32.4345995643121,-11.69932258093,5.55939159729607,1.06927249368873,1.78261310848058,6.99256542248735,8.79842391352407,0.586907721486353,-2.3927662125231,0.0598917248640718,166.54914960917,32.6257181710865,0.000237639160458237,0.00349345058707387,0.027413706036097,84.9096277520592,15.2701034584821,0.000110669930418812,0.00154505650990654,-0.00222922648610662,15.7545494866468,-0.558683423614491,-4.10916902936049e-06,-0.000234867123572085,0.00585648421032322,14.5736945406318,3.24438751117697,2.56572696941864e-05,0.000350655735098543,-0.000198345261569492,9.79109641035428,0.016529136016344,1.56421881258833e-06,-1.44259044215711e-05,0.00131096396763661,1.78794687518171,0.774166129780295,7.70920930457016e-06,8.57242458993225e-05,0.000988878284302751,-4.28613896851817,0.368129623365686,2.84986273711338e-06,8.6977272398587e-05,-0.00101228538216456,6.17592664147995,-0.219700458888822,-1.63151796357811e-06,-0.000111958065359316,0.96423501896937,0.401644721145372,0.843470357017402,0.599330337251773,0.703275241853002,0.424050367285411,0.651133189182601,0.49009677569575
47,400.639605589621,-274.081717721642,-110.86291142204,126.557887867979,12.5351165334542,446.04536348042,-40.0380427066681,-65.7172675771399,551.800673764228,-4.5835219420713,-46.9158841251718,-1.13356155875901,-4.5835219420713,-4.58352194207131,-1.61182740356868,-16.0154506633614,-34.2321745619585,-11.6727391141967,5.56914540267681,1.02069320392154,1.80018711896111,6.81169545130602,8.83469670283422,0.555497815002734,-2.57849906653095,0.0619931104978561,170.733955465048,33.7155630909465,0.000246166454535284,0.00362660446558218,0.0283589123067885,86.5127644209126,15.7560545904927,0.000114483384350095,0.00160568054338796,-0.00226986406752507,15.3510503302966,-0.586196709414957,-4.26068676077411e-06,-0.000236317952831238,0.00599741942952774,14.9895169941134,3.32231170604732,2.62790828040039e-05,0.000359049080197534,-0.00018415841790594,9.81162516858897,0.0261549672290326,1.65299433184836e-06,-1.34465185859109e-05,0.00134029263987757,1.84420608156797,0.791964743890563,7.87382154931819e-06,8.76057079944945e-05,0.000999791151160295,-4.15933958979344,0.375192567720988,2.89174396684739e-06,8.7443675185457e-05,-0.00102903211792116,6.01253620120557,-0.231144632883555,-1.68845253700994e-06,-0.000112492282874262,0.964555247464187,0.401055431724928,0.845949971915329,0.599545356025671,0.708340831202789,0.425668757254728,0.652494591472953,0.489349384235674
48,431.794258372365,-300.723459074715,-99.4434968743167,131.070799297649,12.4120627536452,447.003547555011,-40.3933438950077,-66.0128078844427,553.409699334461,-4.54643016890651,-46.3111475424131,-1.11744587943416,-4.54643016890651,-4.54643016890651,-1.63230449746005,-15.824324896309,-40.6977287956872,-11.0897804454549,5.57122178983625,2.27471030439778,1.78272418152548,6.8702162316262,8.81830985973295,0.572572193123947,-2.52066582123068,0.0627354510298368,173.828185240849,34.1836652521921,0.00024877774605413,0.00365615140741178,0.0289581189897859,89.1228427972581,16.1279997267162,0.000116709255474187,0.00163143300271307,-0.00180910991963951,17.5135877027955,-0.306840938264494,-2.39344083337109e-06,-0.000214195980444109,0.00592789081855623,14.801007895466,3.28595941915015,2.5938098566268e-05,0.000354197205290865,-0.000187039608210747,9.80589737462076,0.0238102425033051,1.62350616290866e-06,-1.37066362048936e-05,0.00132366297409746,1.81211103932805,0.781848515799622,7.7757111035868e-06,8.64661409032163e-05,0.00088260979991248,-4.70094906344877,0.305858950688106,2.41962538215045e-06,8.13071811179187e-05,-0.000800249970596209,7.06854739371076,-0.0929727111361042,-7.66935767504137e-07,-0.000101470529187767,0.964281587206498,0.411782798843038,0.844835783723309,0.599379780071439,0.705720361760463,0.420627314398267,0.652088700418482,0.489579350838774
49,387.051091468959,-267.244502056905,-112.438954048918,119.806589412054,12.2178949437275,431.997712521601,-37.9630798907866,-64.2233074837511,534.184099896138,-4.57235913422779,-45.0455423376256,-1.11644568050196,-4.57235913422779,-4.57235913422779,-1.62037851037912,-15.44145853943,-32.9567991715401,-11.5852962403123,5.5932021509578,1.16031938345831,1.75475600022511,7.00404400541867,8.64918448957973,0.611695841225968,-2.25683632538707,0.0600690065674124,165.579534535857,32.686627759242,0.000238191844663598,0.00350980731624481,0.0274875489783203,84.0693554469815,15.2838619989089,0.000110826377016052,0.00155360405663632,-0.00223794909388906,15.1719220867715,-0.582715610863995,-4.25537367979537e-06,-0.000232398538020137,0.00574750477760513,14.2420767379504,3.18415500993371,2.51652314804464e-05,0.000343907219276842,-0.000203159022379838,9.65289497448589,0.0114793560851931,1.49235227052867e-06,-1.45740925561489e-05,0.0012884895838035,1.71035013941955,0.760230764352421,7.56122840814912e-06,8.41876528729115e-05,0.00098819046433581,-4.13281287776841,0.372033235576115,2.87193830019108e-06,8.62551401385349e-05,-0.00101676180164655,5.91415074498762,-0.23164015440234,-1.70349232549551e-06,-0.000110736666699276,0.964287911288083,0.401950576727495,0.841899110201721,0.599690809902132,0.706571813108441,0.425970588421297,0.652907956442026,0.490800473501236
50,389.058734861174,-270.088420126028,-118.020546729451,118.970314735146,12.4059038319816,445.988663883178,-40.89997340988,-65.6617413545959,552.550378647654,-4.57886973490815,-45.8955376155216,-1.12043306566017,-4.57886973490816,-4.57886973490816,-1.61504476160856,-15.6886759846314,-32.6393230797235,-11.4128764928357,5.56341797721406,1.11779708736186,1.7527407118326,6.91827642610631,8.6488534211817,0.599832260062632,-2.33040925513807,0.0622833475261294,171.551575923117,33.8806252420001,0.000246812559494102,0.00363615295615611,0.0285506423330331,86.8453069771733,15.8564092379681,0.000114957531480087,0.0016142785853962,-0.00217262263604647,15.2173447387566,-0.546288615465702,-3.93734034182132e-06,-0.000228716561710152,0.00587134583656861,14.6120973157042,3.2520252264103,2.56804164772643e-05,0.000350920642629466,-0.000202134483301241,9.64921197411195,0.0141447950753064,1.53270853113277e-06,-1.45656830715283e-05,0.00131466610376305,1.78284621618982,0.775924443826001,7.70065208121377e-06,8.57659883776508e-05,0.000973700243226056,-4.13050183686484,0.36408602525098,2.79794193212311e-06,8.537392110635e-05,-0.00098163398259137,5.94473870220169,-0.212093329499895,-1.53489564718463e-06,-0.000108761921071198,0.96449833072992,0.404233570179771,0.843725045030336,0.599886281514767,0.706829950620421,0.427187686668204,0.652311768023489,0.490476220590865
