year,scenario,firm,profit_month,agent_members,k_cf,phi_cf
2014,aligned,ANT,6928731.28023207,13899.8267457882,NA,NA
2014,aligned,BS,5373381.11796501,13934.0674767447,NA,NA
2014,aligned,KA,2846198.3956195,9623.96773589647,NA,NA
2014,aligned,HN,750635.932260224,3259.44720032724,NA,NA
2014,aligned,WEST,52228.7023528111,65.9519990507385,NA,NA
2014,aligned,CC,26087.7635255654,72.092365759956,NA,NA
2014,aligned,OS,25543.0470741036,77.2154444531122,NA,NA
2014,aligned,VAL,126402.721861442,280.968510091528,NA,NA
2014,aligned,LA,195727.137655892,920.679967038244,NA,NA
2014,aligned,MOL,348512.153209098,1497.02748415024,NA,NA
2014,aligned,SH,102445.478912555,351.501967387974,NA,NA
2014,baseline,ANT,7095012.43952016,15576.7832943151,0.932347506266425,-7.0243373676715e-4
2014,baseline,BS,5416474.33494744,13496.6170142565,0.900129723970105,-5.2732543915176e-4
2014,baseline,KA,2796188.20069647,8675.53676471405,1.14140065322916,0.00187165946494083
2014,baseline,HN,766281.671497002,3349.059594628,0.703500446129289,-0.00426009031035074
2014,baseline,WEST,50726.2133347162,53.4549139929552,NA,NA
2014,baseline,CC,26085.4745862831,74.7765416135114,NA,NA
2014,baseline,OS,23868.1396905807,49.1347536067662,NA,NA
2014,baseline,VAL,127566.947180491,286.375567492788,NA,NA
2014,baseline,LA,199039.168206969,1004.96791110145,NA,NA
2014,baseline,MOL,333459.09317956603,975.897264510342,NA,NA
2014,baseline,SH,103480.716768021,428.03467118603203,NA,NA
2014,defund_0.50,ANT,7083484.1654759,20975.1242789386,0.956917013372294,-0.0481724961974586
2014,defund_0.50,BS,5371423.76995078,18320.7388415976,0.891329957785697,0.0245314040189061
2014,defund_0.50,KA,2720012.99435107,12096.2817940911,1.17559387154871,0.00685769156638116
2014,defund_0.50,HN,756432.136741855,4472.22350024501,0.707593333225238,-0.00337064892489641
2014,defund_0.50,WEST,49245.7360214364,83.2509072217002,NA,NA
2014,defund_0.50,CC,24933.3488256576,143.999551193155,NA,NA
2014,defund_0.50,OS,22759.949983378,75.2177044808859,NA,NA
2014,defund_0.50,VAL,123055.145441901,376.552918831008,NA,NA
2014,defund_0.50,LA,194738.520057922,1263.43596305104,NA,NA
2014,defund_0.50,MOL,315245.052520953,1246.92234502236,NA,NA
2014,defund_0.50,SH,101166.455894961,574.034943345832,NA,NA
2014,endog_tau0.50,ANT,6959779.17468815,9090.8124856821,0.945826581649558,-5.8540490233793e-4
2014,endog_tau0.50,BS,5347992.88184366,7969.53332864167,0.921486543609499,-0.00104216162868084
2014,endog_tau0.50,KA,2748592.16306866,4900.7473320327,1.13557979184367,-0.00137388358885948
2014,endog_tau0.50,HN,747891.692498339,1995.26831595222,0.668248748954877,-0.0010775938090915
2014,endog_tau0.50,WEST,49912.1338251324,29.5182865501816,NA,NA
2014,endog_tau0.50,CC,25313.6311990829,42.5870576742035,NA,NA
2014,endog_tau0.50,OS,23977.2773877784,28.9542872760108,NA,NA
2014,endog_tau0.50,VAL,126654.739921778,171.807701692819,NA,NA
2014,endog_tau0.50,LA,197071.545102418,566.267811313226,NA,NA
2014,endog_tau0.50,MOL,339905.589207167,517.257297753862,NA,NA
2014,endog_tau0.50,SH,101775.384020347,246.556838707994,NA,NA
2014,flat_mandate,ANT,7066166.13178497,15862.7462889484,NA,NA
2014,flat_mandate,BS,5427660.86669403,14281.4555919697,NA,NA
2014,flat_mandate,KA,2738121.33567365,8150.75126435999,NA,NA
2014,flat_mandate,HN,753116.307320768,3535.01357631911,NA,NA
2014,flat_mandate,WEST,49380.7035038315,42.2563678137922,NA,NA
2014,flat_mandate,CC,24860.4203038312,43.6303312861089,NA,NA
2014,flat_mandate,OS,23783.3979348428,48.0186774118818,NA,NA
2014,flat_mandate,VAL,119854.191175858,191.822727672352,NA,NA
2014,flat_mandate,LA,178731.961715572,525.796603359171,NA,NA
2014,flat_mandate,MOL,325634.755267223,931.057060562276,NA,NA
2014,flat_mandate,SH,96772.802880563,232.693525967025,NA,NA
2014,scale_0.50,ANT,7043863.15768926,15038.8692435521,NA,NA
2014,scale_0.50,BS,5439542.86300677,13700.5991443811,NA,NA
2014,scale_0.50,KA,2714569.01236882,8297.32222317924,NA,NA
2014,scale_0.50,HN,773227.600688952,3652.84061282313,NA,NA
2014,scale_0.50,WEST,50743.6524126437,58.0504595037257,NA,NA
2014,scale_0.50,CC,25598.7785125753,70.31757912827,NA,NA
2014,scale_0.50,OS,23855.0646615236,57.204989945313,NA,NA
2014,scale_0.50,VAL,126526.50601663,280.3836684327,NA,NA
2014,scale_0.50,LA,200448.069293791,947.833355355147,NA,NA
2014,scale_0.50,MOL,335092.560993676,1150.46833729291,NA,NA
2014,scale_0.50,SH,104933.692714305,425.993408675011,NA,NA
2014,uniform_low,ANT,6925543.37227983,14069.2578597933,NA,NA
2014,uniform_low,BS,5351325.97457559,13295.1406481047,NA,NA
2014,uniform_low,KA,2761194.71968057,9733.60536930879,NA,NA
2014,uniform_low,HN,746278.73268503,3165.73167748723,NA,NA
2014,uniform_low,WEST,52363.1439420431,75.6302191991203,NA,NA
2014,uniform_low,CC,25519.3042381192,72.1023044140636,NA,NA
2014,uniform_low,OS,24948.8822984091,79.5491856740507,NA,NA
2014,uniform_low,VAL,127216.69471158,322.602974218471,NA,NA
2014,uniform_low,LA,193534.22834974,908.212523249407,NA,NA
2014,uniform_low,MOL,346201.493537324,1544.32106864076,NA,NA
2014,uniform_low,SH,102402.709699811,375.690998310374,NA,NA
2014,uniform_low_k0.75,ANT,6915862.74910033,14022.2110510473,NA,NA
2014,uniform_low_k0.75,BS,5349492.75145638,13253.3447346962,NA,NA
2014,uniform_low_k0.75,KA,2743673.47127824,9701.55373318615,NA,NA
2014,uniform_low_k0.75,HN,747877.388910664,3155.71051098401,NA,NA
2014,uniform_low_k0.75,WEST,52290.292710819,75.4226867930046,NA,NA
2014,uniform_low_k0.75,CC,25418.0518674182,71.8309992482128,NA,NA
2014,uniform_low_k0.75,OS,24894.8323408428,79.2681410380557,NA,NA
2014,uniform_low_k0.75,VAL,128096.172821928,321.402826580037,NA,NA
2014,uniform_low_k0.75,LA,194584.101700749,905.256460914093,NA,NA
2014,uniform_low_k0.75,MOL,346621.796285234,1539.2869917813,NA,NA
2014,uniform_low_k0.75,SH,103053.749326178,374.393418351192,NA,NA
2014,uniform_low_k1.25,ANT,6931857.49421317,14110.0951678163,NA,NA
2014,uniform_low_k1.25,BS,5350644.3185777,13331.4620682936,NA,NA
2014,uniform_low_k1.25,KA,2775820.79333617,9761.51544278182,NA,NA
2014,uniform_low_k1.25,HN,744216.8536994,3174.38456363342,NA,NA
2014,uniform_low_k1.25,WEST,52415.6555593904,75.8163537314696,NA,NA
2014,uniform_low_k1.25,CC,25590.1133440404,72.3381108700563,NA,NA
2014,uniform_low_k1.25,OS,24986.5008673332,79.7924675433913,NA,NA
2014,uniform_low_k1.25,VAL,126372.258976465,323.646093625349,NA,NA
2014,uniform_low_k1.25,LA,192397.42661866,910.769270507509,NA,NA
2014,uniform_low_k1.25,MOL,345450.541269347,1548.67103366898,NA,NA
2014,uniform_low_k1.25,SH,101730.511463236,376.792586592581,NA,NA
2014,zero_tau0.00,ANT,6782022.4642058,0,NA,NA
2014,zero_tau0.00,BS,5312053.91425123,0,NA,NA
2014,zero_tau0.00,KA,2473311.05246481,0,NA,NA
2014,zero_tau0.00,HN,730770.116000693,0,NA,NA
2014,zero_tau0.00,WEST,53282.5988597061,0,NA,NA
2014,zero_tau0.00,CC,24146.0336885362,0,NA,NA
2014,zero_tau0.00,OS,23923.4850086969,0,NA,NA
2014,zero_tau0.00,VAL,134175.999354543,0,NA,NA
2014,zero_tau0.00,LA,189748.746297904,0,NA,NA
2014,zero_tau0.00,MOL,314977.178082411,0,NA,NA
2014,zero_tau0.00,SH,105947.38166919,0,NA,NA
2014,zero_tau0.50,ANT,6782124.84914805,0,NA,NA
2014,zero_tau0.50,BS,5316956.83169574,0,NA,NA
2014,zero_tau0.50,KA,2573114.95206656,0,NA,NA
2014,zero_tau0.50,HN,730945.676391708,0,NA,NA
2014,zero_tau0.50,WEST,51035.0025098408,0,NA,NA
2014,zero_tau0.50,CC,24198.3416277027,0,NA,NA
2014,zero_tau0.50,OS,23698.9389135519,0,NA,NA
2014,zero_tau0.50,VAL,130685.166135927,0,NA,NA
2014,zero_tau0.50,LA,192165.697153,0,NA,NA
2014,zero_tau0.50,MOL,331727.127273856,0,NA,NA
2014,zero_tau0.50,SH,104094.117854459,0,NA,NA
2014,zero_tau1.00,ANT,6850760.51919094,0,NA,NA
2014,zero_tau1.00,BS,5313954.82910143,0,NA,NA
2014,zero_tau1.00,KA,2715032.05654919,0,NA,NA
2014,zero_tau1.00,HN,735274.85679004,0,NA,NA
2014,zero_tau1.00,WEST,49202.2760548164,0,NA,NA
2014,zero_tau1.00,CC,25053.2753146473,0,NA,NA
2014,zero_tau1.00,OS,24116.9379085135,0,NA,NA
2014,zero_tau1.00,VAL,128816.521712702,0,NA,NA
2014,zero_tau1.00,LA,195725.596775973,0,NA,NA
2014,zero_tau1.00,MOL,354253.014718246,0,NA,NA
2014,zero_tau1.00,SH,101937.979365373,0,NA,NA
2015,aligned,ANT,7970233.57254316,30408.0223338467,NA,NA
2015,aligned,BS,8420184.40707122,30022.6544574347,NA,NA
2015,aligned,KA,2890098.95583416,15166.2621833367,NA,NA
2015,aligned,HN.PPO,797908.733023997,2965.30401574486,NA,NA
2015,aligned,WEST,101681.707136028,367.350816984871,NA,NA
2015,aligned,CC,34762.6166594683,105.498248901137,NA,NA
2015,aligned,VAL,33533.4934161038,163.834394131506,NA,NA
2015,aligned,HN.HMO,1192342.27749531,6941.88531884966,NA,NA
2015,aligned,LA,328363.87247813,1710.37372961147,NA,NA
2015,aligned,MOL,597933.494103101,3001.53493264501,NA,NA
2015,aligned,SH,186240.577513509,872.388957700022,NA,NA
2015,baseline,ANT,8174288.85581746,33020.4950667911,0.892402882857701,-0.0016592500853283
2015,baseline,BS,8440326.93908218,29407.5526278263,0.830874343668209,-0.00491090571234451
2015,baseline,KA,2708900.08131447,12229.8972939852,1.06235878760722,0.00720535070354522
2015,baseline,HN.PPO,801265.50883058,3167.95101469562,1.11963849988267,0.00191981077700237
2015,baseline,WEST,100500.521990709,380.754813617979,NA,NA
2015,baseline,CC,35139.7163324731,123.082582195581,NA,NA
2015,baseline,VAL,30078.3830694053,103.191303447983,NA,NA
2015,baseline,HN.HMO,1191788.82147988,6619.56852840442,0.68064682041735,-0.0206389868931769
2015,baseline,LA,319939.224584842,2004.58608807682,NA,NA
2015,baseline,MOL,599947.106941813,3487.65016796894,1.07919395398515,6.4230785201902e-5
2015,baseline,SH,188540.624935387,1039.5952843711,NA,NA
2015,defund_0.50,ANT,8339682.22970736,40734.2092549416,0.915009674438389,1.2110672384779e-4
2015,defund_0.50,BS,8518378.39871932,36553.7746906605,0.836021540893758,5.8662918921839e-4
2015,defund_0.50,KA,2760312.73273321,16145.8197422058,1.09827799454199,-0.00156318967717706
2015,defund_0.50,HN.PPO,811846.407143171,4232.60519421026,1.13646247652481,1.8428429241351e-4
2015,defund_0.50,WEST,102203.935009136,523.360425952686,NA,NA
2015,defund_0.50,CC,36114.0934921852,183.231646843454,NA,NA
2015,defund_0.50,VAL,29699.651563839,129.470576080646,NA,NA
2015,defund_0.50,HN.HMO,1207471.29146875,8023.49808432423,0.683481386459562,2.816400706242e-4
2015,defund_0.50,LA,323420.436247402,2401.49607036797,NA,NA
2015,defund_0.50,MOL,606451.738888785,4268.81455827337,1.08097605042343,4.20264595757391e-5
2015,defund_0.50,SH,190752.159561804,1278.46453519866,NA,NA
2015,endog_tau0.50,ANT,8052377.18116509,19214.3388526866,0.917621806560082,-0.00262009706576016
2015,endog_tau0.50,BS,8359095.39732056,17268.6797109098,0.866974709812905,-0.00410804130424089
2015,endog_tau0.50,KA,2693841.827349,6696.53565350554,0.843612060448155,-0.00400575141581205
2015,endog_tau0.50,HN.PPO,792772.673068279,1852.18761349883,1.19752570863056,-0.00585571955704306
2015,endog_tau0.50,WEST,99720.8051125046,219.727798981806,NA,NA
2015,endog_tau0.50,CC,34497.6112379088,67.6784450393161,NA,NA
2015,endog_tau0.50,VAL,31222.5563167663,55.8077902160355,NA,NA
2015,endog_tau0.50,HN.HMO,1193606.11622241,3934.79455059158,0.702988172475462,-0.00121082373912423
2015,endog_tau0.50,LA,326261.14765923,1226.45496041524,NA,NA
2015,endog_tau0.50,MOL,604986.692418825,2074.23733855779,1.08206782009762,-9.27994921299247e-5
2015,endog_tau0.50,SH,188280.378104072,603.953919005651,NA,NA
2015,flat_mandate,ANT,8229804.70550074,32511.7209705214,NA,NA
2015,flat_mandate,BS,8542731.15429822,31176.6482962401,NA,NA
2015,flat_mandate,KA,2721720.89071228,11902.6144678042,NA,NA
2015,flat_mandate,HN.PPO,806527.513447212,3139.33059620547,NA,NA
2015,flat_mandate,WEST,92896.7348676249,220.904041130758,NA,NA
2015,flat_mandate,CC,32314.120791495,62.6957004590396,NA,NA
2015,flat_mandate,VAL,30650.9923885883,102.30430962917,NA,NA
2015,flat_mandate,HN.HMO,1220537.07589666,7360.12991107954,NA,NA
2015,flat_mandate,LA,305277.89517469,1128.97861084382,NA,NA
2015,flat_mandate,MOL,612028.856501998,3474.43583327632,NA,NA
2015,flat_mandate,SH,171338.430298234,562.493643227443,NA,NA
2015,scale_0.50,ANT,8139769.83856287,31937.4563340052,NA,NA
2015,scale_0.50,BS,8490115.31369635,29668.9673600703,NA,NA
2015,scale_0.50,KA,2647591.58985795,12014.2480269576,NA,NA
2015,scale_0.50,HN.PPO,786860.412884616,2916.02480094503,NA,NA
2015,scale_0.50,WEST,99411.5909634474,358.679653471027,NA,NA
2015,scale_0.50,CC,35346.4765413431,120.735935206031,NA,NA
2015,scale_0.50,VAL,31166.5994473358,122.246963317175,NA,NA
2015,scale_0.50,HN.HMO,1215014.68741617,7086.4780270211,NA,NA
2015,scale_0.50,LA,342442.68364534,2185.61115725076,NA,NA
2015,scale_0.50,MOL,612559.092802647,3427.09823038018,NA,NA
2015,scale_0.50,SH,190145.394874334,995.654900833556,NA,NA
2015,uniform_low,ANT,7996797.71055077,30430.380733532,NA,NA
2015,uniform_low,BS,8323827.21303523,28943.2112631878,NA,NA
2015,uniform_low,KA,2782267.40868808,14950.8516122213,NA,NA
2015,uniform_low,HN.PPO,794755.225417828,3133.57679914243,NA,NA
2015,uniform_low,WEST,100435.884893011,387.962412629825,NA,NA
2015,uniform_low,CC,34390.3949816387,107.152746960069,NA,NA
2015,uniform_low,VAL,33925.1919034068,174.648803622374,NA,NA
2015,uniform_low,HN.HMO,1188495.22624394,6778.95317284133,NA,NA
2015,uniform_low,LA,330286.655653005,1911.86558929399,NA,NA
2015,uniform_low,MOL,595175.089766316,3144.92385740946,NA,NA
2015,uniform_low,SH,186017.927830444,944.2146145906,NA,NA
2015,uniform_low_k0.75,ANT,7996723.21584674,30319.1493480571,NA,NA
2015,uniform_low_k0.75,BS,8326717.36801787,28838.8409704114,NA,NA
2015,uniform_low_k0.75,KA,2767536.39321291,14896.2134172945,NA,NA
2015,uniform_low_k0.75,HN.PPO,793690.117097569,3122.18785920989,NA,NA
2015,uniform_low_k0.75,WEST,100691.609206368,386.633858722785,NA,NA
2015,uniform_low_k0.75,CC,34348.81078997,106.733189723562,NA,NA
2015,uniform_low_k0.75,VAL,34114.008824673,173.942519218873,NA,NA
2015,uniform_low_k0.75,HN.HMO,1195110.47989823,6753.18185112544,NA,NA
2015,uniform_low_k0.75,LA,333448.245041018,1904.17704201455,NA,NA
2015,uniform_low_k0.75,MOL,597185.015949053,3132.41635369011,NA,NA
2015,uniform_low_k0.75,SH,187777.349296745,940.750380727039,NA,NA
2015,uniform_low_k1.25,ANT,7991896.6057773,30526.0979268455,NA,NA
2015,uniform_low_k1.25,BS,8315970.55676449,29033.2326132707,NA,NA
2015,uniform_low_k1.25,KA,2793894.65983084,14997.9398866928,NA,NA
2015,uniform_low_k1.25,HN.PPO,795032.99262887,3143.48241871837,NA,NA
2015,uniform_low_k1.25,WEST,100130.386469073,389.132326127154,NA,NA
2015,uniform_low_k1.25,CC,34397.6173804042,107.513640273451,NA,NA
2015,uniform_low_k1.25,VAL,33718.3982110388,175.262225121109,NA,NA
2015,uniform_low_k1.25,HN.HMO,1181173.87082697,6800.91271245794,NA,NA
2015,uniform_low_k1.25,LA,327008.499001769,1918.39380747765,NA,NA
2015,uniform_low_k1.25,MOL,592545.49554204,3155.56431170617,NA,NA
2015,uniform_low_k1.25,SH,184226.521664309,947.147271304477,NA,NA
2015,zero_tau0.00,ANT,7710477.87646754,0,NA,NA
2015,zero_tau0.00,BS,8161378.18797863,0,NA,NA
2015,zero_tau0.00,KA,2548461.6004506,0,NA,NA
2015,zero_tau0.00,HN.PPO,749123.638802328,0,NA,NA
2015,zero_tau0.00,WEST,102290.0669709,0,NA,NA
2015,zero_tau0.00,CC,32985.4979531008,0,NA,NA
2015,zero_tau0.00,VAL,34663.2058543581,0,NA,NA
2015,zero_tau0.00,HN.HMO,1212458.7454726,0,NA,NA
2015,zero_tau0.00,LA,350145.642138531,0,NA,NA
2015,zero_tau0.00,MOL,549348.949725668,0,NA,NA
2015,zero_tau0.00,SH,202376.769977874,0,NA,NA
2015,zero_tau0.50,ANT,7778226.42708726,0,NA,NA
2015,zero_tau0.50,BS,8333234.75185576,0,NA,NA
2015,zero_tau0.50,KA,2625846.21458002,0,NA,NA
2015,zero_tau0.50,HN.PPO,770233.254228353,0,NA,NA
2015,zero_tau0.50,WEST,100064.554438335,0,NA,NA
2015,zero_tau0.50,CC,33406.9204081478,0,NA,NA
2015,zero_tau0.50,VAL,34090.4066295559,0,NA,NA
2015,zero_tau0.50,HN.HMO,1197645.81547863,0,NA,NA
2015,zero_tau0.50,LA,337964.198208608,0,NA,NA
2015,zero_tau0.50,MOL,577721.1171483,0,NA,NA
2015,zero_tau0.50,SH,195352.801970205,0,NA,NA
2015,zero_tau1.00,ANT,7719702.54259059,0,NA,NA
2015,zero_tau1.00,BS,8226671.38650317,0,NA,NA
2015,zero_tau1.00,KA,2643458.54719108,0,NA,NA
2015,zero_tau1.00,HN.PPO,770683.961767038,0,NA,NA
2015,zero_tau1.00,WEST,95293.7597081093,0,NA,NA
2015,zero_tau1.00,CC,32702.8663066918,0,NA,NA
2015,zero_tau1.00,VAL,32891.3324333974,0,NA,NA
2015,zero_tau1.00,HN.HMO,1176967.32221087,0,NA,NA
2015,zero_tau1.00,LA,329062.679014593,0,NA,NA
2015,zero_tau1.00,MOL,598358.47061785,0,NA,NA
2015,zero_tau1.00,SH,184590.531123301,0,NA,NA
2016,aligned,ANT,7476602.86893779,33189.4728526698,NA,NA
2016,aligned,BS,8457313.21556666,34308.0583584205,NA,NA
2016,aligned,HN.HMO,1274487.63271665,8559.09637989819,NA,NA
2016,aligned,KA,4169245.41252541,19489.5516687285,NA,NA
2016,aligned,OS,180897.922886762,1018.65824548136,NA,NA
2016,aligned,HN.PPO,414279.392360951,1580.76834343438,NA,NA
2016,aligned,WEST,163839.900454735,623.490290357954,NA,NA
2016,aligned,CC,52857.2209010538,209.947872040648,NA,NA
2016,aligned,VAL,55587.5942438766,329.669844668003,NA,NA
2016,aligned,MOL,464483.907059216,2971.23196998844,NA,NA
2016,aligned,LA,294043.452210155,1852.61035163284,NA,NA
2016,aligned,OSC,165548.243203175,1096.91713327185,NA,NA
2016,aligned,SH,206798.710973585,1137.03467622967,NA,NA
2016,baseline,ANT,7632435.87014313,35701.7575825879,1.03073515290683,-0.00446198989128921
2016,baseline,BS,8585604.87785347,33736.2855869867,0.836594085290793,2.4542751667436e-4
2016,baseline,HN.HMO,1258028.83092148,8083.01886026056,0.541841934498003,0.00368921034818465
2016,baseline,KA,3958824.57792525,17305.5523737306,1.22732311397522,0.00937004653591833
2016,baseline,OS,154785.817908188,646.924884054535,NA,NA
2016,baseline,HN.PPO,409093.405669649,1590.08818026103,1.09734030271127,0.00480926969999568
2016,baseline,WEST,163602.415914522,674.496278530705,NA,NA
2016,baseline,CC,51467.929247017,236.644558669511,NA,NA
2016,baseline,VAL,49240.845414714,206.53535778911,NA,NA
2016,baseline,MOL,466897.267364664,3370.43965685288,0.806294730523239,-7.32802194540749e-5
2016,baseline,LA,282799.530629711,2032.8980398599101,0.935754961121973,0.00243136897267315
2016,baseline,OSC,169378.456815418,1183.94752385057,NA,NA
2016,baseline,SH,206479.933558926,1274.24511486334,NA,NA
2016,defund_0.50,ANT,7603999.25261671,42560.6466262399,1.03073515290683,0.0361582099718283
2016,defund_0.50,BS,8527720.89600436,41026.6718751,0.836594085290793,-0.00519359120563487
2016,defund_0.50,HN.HMO,1233679.42129678,9621.40152532954,0.541841934498003,-0.0170942768141649
2016,defund_0.50,KA,3884655.33862522,21487.8310221393,1.22732311397522,3.4370473898048e-4
2016,defund_0.50,OS,150167.707421522,776.231910503067,NA,NA
2016,defund_0.50,HN.PPO,405763.178442119,2064.32812452624,1.09734030271127,-0.0416784569850815
2016,defund_0.50,WEST,160592.645060913,882.759550078879,NA,NA
2016,defund_0.50,CC,49814.2730300692,349.379868295922,NA,NA
2016,defund_0.50,VAL,46551.1807626262,244.183455669431,NA,NA
2016,defund_0.50,MOL,456802.333398324,3981.66888709509,0.806294730523239,3.7337222954669e-4
2016,defund_0.50,LA,275353.607292631,2380.71781778297,0.935754961121973,-9.9390195170601e-4
2016,defund_0.50,OSC,167154.005246044,1408.35830148574,NA,NA
2016,defund_0.50,SH,202346.331537536,1528.0844107946,NA,NA
2016,endog_tau0.50,ANT,7467232.30787076,20650.638728094,1.03638487618067,-0.00122084873170225
2016,endog_tau0.50,BS,8513938.17635775,20059.5733251981,0.8531977511741,-0.00255800339093501
2016,endog_tau0.50,HN.HMO,1242768.11732851,4587.72094484914,0.573391923001164,-0.00154343131349838
2016,endog_tau0.50,KA,3876120.29679984,9458.96694050524,1.01372250679223,-0.0017200141989191
2016,endog_tau0.50,OS,167564.43058648,372.914627712207,NA,NA
2016,endog_tau0.50,HN.PPO,395238.758971554,915.422012601017,1.07722047087576,-0.00142429834350782
2016,endog_tau0.50,WEST,160244.053508114,380.789285700533,NA,NA
2016,endog_tau0.50,CC,50189.844823764,132.12688783847,NA,NA
2016,endog_tau0.50,VAL,50746.7037212488,113.104670925749,NA,NA
2016,endog_tau0.50,MOL,469623.152837073,1935.89756538363,0.806530512319549,-1.2510348559624e-4
2016,endog_tau0.50,LA,287256.647750923,1245.64490871566,0.941738633015191,5.5193089414906e-4
2016,endog_tau0.50,OSC,165363.925605767,696.923846221165,NA,NA
2016,endog_tau0.50,SH,206102.213130288,741.167200832216,NA,NA
2016,flat_mandate,ANT,7711572.49801144,35321.3226879956,NA,NA
2016,flat_mandate,BS,8700470.31881363,35729.465562332,NA,NA
2016,flat_mandate,HN.HMO,1291271.65089384,9319.76970958902,NA,NA
2016,flat_mandate,KA,3945545.10735296,16338.6876779839,NA,NA
2016,flat_mandate,OS,156945.630581152,640.577527793499,NA,NA
2016,flat_mandate,HN.PPO,415017.871375937,1615.34387698016,NA,NA
2016,flat_mandate,WEST,145970.128188869,348.790870101086,NA,NA
2016,flat_mandate,CC,48281.1979172028,129.716038590068,NA,NA
2016,flat_mandate,VAL,49539.9106727491,207.990585780089,NA,NA
2016,flat_mandate,MOL,453932.503965741,3159.34964926377,NA,NA
2016,flat_mandate,LA,281010.799521723,1951.62529581197,NA,NA
2016,flat_mandate,OSC,149738.532684856,689.909283892636,NA,NA
2016,flat_mandate,SH,187305.998928249,745.097455967505,NA,NA
2016,scale_0.50,ANT,7479010.31001962,33795.8812227986,NA,NA
2016,scale_0.50,BS,8670013.78938081,34481.4118048723,NA,NA
2016,scale_0.50,HN.HMO,1301152.83952965,9100.60750706237,NA,NA
2016,scale_0.50,KA,3801833.95381319,16220.6734135365,NA,NA
2016,scale_0.50,OS,160016.306569913,768.796266581017,NA,NA
2016,scale_0.50,HN.PPO,401552.748348724,1505.86821127012,NA,NA
2016,scale_0.50,WEST,164293.834742861,658.606364074373,NA,NA
2016,scale_0.50,CC,51237.0066661396,229.331976050287,NA,NA
2016,scale_0.50,VAL,50030.9710522689,242.798856466358,NA,NA
2016,scale_0.50,MOL,490228.352483426,3580.63313552199,NA,NA
2016,scale_0.50,LA,307513.453305935,2316.34328869656,NA,NA
2016,scale_0.50,OSC,168485.657578489,1137.8598888231,NA,NA
2016,scale_0.50,SH,209167.386163234,1247.84574836376,NA,NA
2016,uniform_low,ANT,7438372.6821925,32925.0811059902,NA,NA
2016,uniform_low,BS,8463624.56069579,33776.2230238538,NA,NA
2016,uniform_low,HN.HMO,1264123.34154824,8305.13483557449,NA,NA
2016,uniform_low,KA,4019150.17159451,19312.4367184501,NA,NA
2016,uniform_low,OS,184368.763118113,1078.85356760027,NA,NA
2016,uniform_low,HN.PPO,407771.377058869,1606.60363605737,NA,NA
2016,uniform_low,WEST,160256.197239864,580.944068375229,NA,NA
2016,uniform_low,CC,50621.536765437,206.396798025925,NA,NA
2016,uniform_low,VAL,55107.3058206758,347.70877068155,NA,NA
2016,uniform_low,MOL,464990.721347738,2968.46693378256,NA,NA
2016,uniform_low,LA,295458.531738077,1951.66806693048,NA,NA
2016,uniform_low,OSC,169829.226258174,1165.14046342109,NA,NA
2016,uniform_low,SH,205555.935908919,1184.41799704422,NA,NA
2016,uniform_low_k0.75,ANT,7442440.7626638,32810.4106234022,NA,NA
2016,uniform_low_k0.75,BS,8473925.77776786,33663.5938863025,NA,NA
2016,uniform_low_k0.75,HN.HMO,1271485.80404098,8275.68134352475,NA,NA
2016,uniform_low_k0.75,KA,3998161.18771794,19244.5865542414,NA,NA
2016,uniform_low_k0.75,OS,184817.97080511,1075.46180628844,NA,NA
2016,uniform_low_k0.75,HN.PPO,408117.048770085,1601.2938194279,NA,NA
2016,uniform_low_k0.75,WEST,160798.530028453,579.007201698342,NA,NA
2016,uniform_low_k0.75,CC,50570.9614770747,205.638378935264,NA,NA
2016,uniform_low_k0.75,VAL,55829.9316822974,346.238103017219,NA,NA
2016,uniform_low_k0.75,MOL,467269.428749222,2957.92338229815,NA,NA
2016,uniform_low_k0.75,LA,298576.615351813,1944.33665155441,NA,NA
2016,uniform_low_k0.75,OSC,171757.419725202,1161.09790716109,NA,NA
2016,uniform_low_k0.75,SH,207738.912006449,1180.16880251047,NA,NA
2016,uniform_low_k1.25,ANT,7429370.40467205,33023.5169841203,NA,NA
2016,uniform_low_k1.25,BS,8448549.86549425,33873.4245329254,NA,NA
2016,uniform_low_k1.25,HN.HMO,1255837.32105348,8330.25915782203,NA,NA
2016,uniform_low_k1.25,KA,4035806.95024979,19370.8416021002,NA,NA
2016,uniform_low_k1.25,OS,183847.333248826,1081.78430817163,NA,NA
2016,uniform_low_k1.25,HN.PPO,407152.224682858,1611.22271958853,NA,NA
2016,uniform_low_k1.25,WEST,159632.318493248,582.606990290751,NA,NA
2016,uniform_low_k1.25,CC,50616.3362673413,207.059848565545,NA,NA
2016,uniform_low_k1.25,VAL,54376.1913298247,348.944505788236,NA,NA
2016,uniform_low_k1.25,MOL,462192.319273699,2977.44029465178,NA,NA
2016,uniform_low_k1.25,LA,292218.103569948,1957.89718442215,NA,NA
2016,uniform_low_k1.25,OSC,167862.878003972,1168.61750251932,NA,NA
2016,uniform_low_k1.25,SH,203338.210071243,1188.02366402711,NA,NA
2016,zero_tau0.00,ANT,7087844.59364626,0,NA,NA
2016,zero_tau0.00,BS,8234339.8871633,0,NA,NA
2016,zero_tau0.00,HN.HMO,1240941.00236418,0,NA,NA
2016,zero_tau0.00,KA,3587342.8575796,0,NA,NA
2016,zero_tau0.00,OS,183356.853369338,0,NA,NA
2016,zero_tau0.00,HN.PPO,388425.291882608,0,NA,NA
2016,zero_tau0.00,WEST,162809.143102478,0,NA,NA
2016,zero_tau0.00,CC,46125.4593434278,0,NA,NA
2016,zero_tau0.00,VAL,63075.0234890418,0,NA,NA
2016,zero_tau0.00,MOL,415748.39361507,0,NA,NA
2016,zero_tau0.00,LA,297264.80756063,0,NA,NA
2016,zero_tau0.00,OSC,177153.6611457,0,NA,NA
2016,zero_tau0.00,SH,216588.620281768,0,NA,NA
2016,zero_tau0.50,ANT,7253811.93311077,0,NA,NA
2016,zero_tau0.50,BS,8378933.54012858,0,NA,NA
2016,zero_tau0.50,HN.HMO,1254924.81644779,0,NA,NA
2016,zero_tau0.50,KA,3781101.56102892,0,NA,NA
2016,zero_tau0.50,OS,180256.850221704,0,NA,NA
2016,zero_tau0.50,HN.PPO,395584.455363676,0,NA,NA
2016,zero_tau0.50,WEST,163543.437728784,0,NA,NA
2016,zero_tau0.50,CC,48451.2513424146,0,NA,NA
2016,zero_tau0.50,VAL,59127.8292792052,0,NA,NA
2016,zero_tau0.50,MOL,446701.552106509,0,NA,NA
2016,zero_tau0.50,LA,297782.943492925,0,NA,NA
2016,zero_tau0.50,OSC,172202.854150884,0,NA,NA
2016,zero_tau0.50,SH,212732.54565804,0,NA,NA
2016,zero_tau1.00,ANT,7306308.21736369,0,NA,NA
2016,zero_tau1.00,BS,8321707.73781783,0,NA,NA
2016,zero_tau1.00,HN.HMO,1227315.81443719,0,NA,NA
2016,zero_tau1.00,KA,3845216.39576484,0,NA,NA
2016,zero_tau1.00,OS,171318.807963189,0,NA,NA
2016,zero_tau1.00,HN.PPO,390083.76387978,0,NA,NA
2016,zero_tau1.00,WEST,160583.533828129,0,NA,NA
2016,zero_tau1.00,CC,49375.0941936141,0,NA,NA
2016,zero_tau1.00,VAL,54486.3137808874,0,NA,NA
2016,zero_tau1.00,MOL,464385.465692617,0,NA,NA
2016,zero_tau1.00,LA,290859.280832457,0,NA,NA
2016,zero_tau1.00,OSC,159762.285697447,0,NA,NA
2016,zero_tau1.00,SH,201519.925359149,0,NA,NA
2017,aligned,ANT,4798462.94087897,23965.5120623203,NA,NA
2017,aligned,BS,9607113.24248121,34787.9130514671,NA,NA
2017,aligned,HN.HMO,1877991.20592183,12100.7711097138,NA,NA
2017,aligned,KA,5324789.4122195,22389.2037437791,NA,NA
2017,aligned,HN.PPO,346889.000351991,1219.44886181434,NA,NA
2017,aligned,WEST,196610.803930684,803.242296566803,NA,NA
2017,aligned,CC,81058.8709380467,265.669899781709,NA,NA
2017,aligned,OSC,245083.62900739,1987.51809673911,NA,NA
2017,aligned,VAL,54753.3574183277,302.550093898367,NA,NA
2017,aligned,MOL,802881.764697384,5480.70901605801,NA,NA
2017,aligned,LA,314167.15261434,2076.1104017579,NA,NA
2017,aligned,SH,165483.61399006,943.801159251039,NA,NA
2017,baseline,ANT,4889278.51183918,25856.4100857755,1.36994737797657,-0.00299611385489218
2017,baseline,BS,9698883.5684206,34214.1564309644,1.02188391863031,2.9759382833552e-4
2017,baseline,HN.HMO,1853826.80732238,11799.747892583,0.49560515280091,0.0213438649929493
2017,baseline,KA,5112317.86694973,20509.6542070382,1.44710471044599,-0.0373048574317894
2017,baseline,HN.PPO,345887.020210597,1269.10163804255,0.956879481578883,6.6117175207031e-4
2017,baseline,WEST,196258.541748338,878.746455427671,NA,NA
2017,baseline,CC,80733.6652747538,301.405413485522,NA,NA
2017,baseline,OSC,246066.816257275,2029.21597106615,0.947905207879125,0.00605054486001683
2017,baseline,VAL,53193.3146555724,299.987899114174,NA,NA
2017,baseline,MOL,803325.15248387,5894.62295869057,0.941372433936997,9.51659332679711e-5
2017,baseline,LA,301308.326449969,2177.85932098664,0.692209136142763,0.00119772459480427
2017,baseline,SH,166728.882105447,1057.35131915536,NA,NA
2017,defund_0.50,ANT,4941097.57515278,30751.3334638572,1.3790853050028,-0.0058409542681499
2017,defund_0.50,BS,9782144.34640767,41478.9019888273,1.02226600863412,-0.00190231845012187
2017,defund_0.50,HN.HMO,1841074.75472906,13394.1410575191,0.519499548201873,-0.0366286624571908
2017,defund_0.50,KA,5095856.63678767,25176.0190232752,1.4204145100894,0.0111505026945298
2017,defund_0.50,HN.PPO,344635.592434421,1565.99511804472,0.957031339276091,-9.2099726218758e-4
2017,defund_0.50,WEST,194848.877287346,1118.65215362163,NA,NA
2017,defund_0.50,CC,79440.293069734,439.532845063789,NA,NA
2017,defund_0.50,OSC,246599.137681674,2372.98871384239,1.01253852560634,-0.0117346491318546
2017,defund_0.50,VAL,53060.2160957282,345.144053526057,NA,NA
2017,defund_0.50,MOL,802559.653424384,6714.13975368294,0.943325962035972,-0.0038232234015827
2017,defund_0.50,LA,300317.707632065,2521.17384997404,0.686777891494051,0.0115013662561059
2017,defund_0.50,SH,168309.038176234,1247.10062246703,NA,NA
2017,endog_tau0.50,ANT,4762868.65833785,14992.0714152762,1.37117446156696,-0.00157256476276157
2017,endog_tau0.50,BS,9570459.70149752,20238.0277397564,1.04559430429956,-0.00302851420090497
2017,endog_tau0.50,HN.HMO,1844073.80231143,6631.61219166423,0.553982882382409,-0.00319970497630379
2017,endog_tau0.50,KA,4994190.52120002,11411.5412623425,1.21240710038655,-0.00318856583100091
2017,endog_tau0.50,HN.PPO,334106.050029351,732.535948598127,0.970551866789233,-0.00113293616893723
2017,endog_tau0.50,WEST,194782.969772828,519.607222803413,NA,NA
2017,endog_tau0.50,CC,79014.8724751196,180.143099788223,NA,NA
2017,endog_tau0.50,OSC,243133.666855627,1210.05330568176,0.953286445524745,-1.6811929007526e-4
2017,endog_tau0.50,VAL,52992.8116130825,182.779936767128,NA,NA
2017,endog_tau0.50,MOL,811806.144423205,3485.59277171368,0.941634805519119,-1.235255953903e-4
2017,endog_tau0.50,LA,304976.708277083,1348.48198566185,0.698151782993343,2.5837884860369e-4
2017,endog_tau0.50,SH,163547.497372835,620.683609141852,NA,NA
2017,flat_mandate,ANT,4901416.91191885,25175.9733125016,NA,NA
2017,flat_mandate,BS,9850632.5046942,36082.9068649041,NA,NA
2017,flat_mandate,HN.HMO,1889644.95512069,13045.096599714,NA,NA
2017,flat_mandate,KA,5044637.19225738,19218.6727558607,NA,NA
2017,flat_mandate,HN.PPO,356607.010422939,1394.46549953659,NA,NA
2017,flat_mandate,WEST,176475.658082403,528.261998031397,NA,NA
2017,flat_mandate,CC,73596.1083788858,172.541540063375,NA,NA
2017,flat_mandate,OSC,252563.310065887,2132.6334095804,NA,NA
2017,flat_mandate,VAL,46315.1230825458,183.924662920872,NA,NA
2017,flat_mandate,MOL,814280.889024758,6029.5126714921,NA,NA
2017,flat_mandate,LA,263984.833300039,1621.70725542819,NA,NA
2017,flat_mandate,SH,150885.107043458,618.158118439266,NA,NA
2017,scale_0.50,ANT,4775057.44409486,23860.1317686199,NA,NA
2017,scale_0.50,BS,9920429.99728629,34623.5871880551,NA,NA
2017,scale_0.50,HN.HMO,1944547.13569892,13246.7161971755,NA,NA
2017,scale_0.50,KA,4928414.92695459,18753.8841439145,NA,NA
2017,scale_0.50,HN.PPO,352734.160065908,1286.22132780794,NA,NA
2017,scale_0.50,WEST,201431.348852198,900.150584897966,NA,NA
2017,scale_0.50,CC,82176.351371697,301.582734834127,NA,NA
2017,scale_0.50,OSC,250632.359277911,2052.20636354337,NA,NA
2017,scale_0.50,VAL,53846.0053790889,298.610007348043,NA,NA
2017,scale_0.50,MOL,853833.294403142,6254.86785980084,NA,NA
2017,scale_0.50,LA,332553.008890099,2696.83381500688,NA,NA
2017,scale_0.50,SH,172473.324529336,1058.64680437337,NA,NA
2017,uniform_low,ANT,4780321.78201753,24375.3659033668,NA,NA
2017,uniform_low,BS,9636825.34788659,34701.8702301434,NA,NA
2017,uniform_low,HN.HMO,1854889.91058801,11621.0781500425,NA,NA
2017,uniform_low,KA,5113232.06527328,21587.2955715389,NA,NA
2017,uniform_low,HN.PPO,343188.990054653,1260.0850206978,NA,NA
2017,uniform_low,WEST,193079.391663037,806.552342605759,NA,NA
2017,uniform_low,CC,78661.7933436802,271.072722856157,NA,NA
2017,uniform_low,OSC,247082.049526846,2008.92671668115,NA,NA
2017,uniform_low,VAL,52880.3000401137,283.075219573096,NA,NA
2017,uniform_low,MOL,799668.314404745,5359.3157994914,NA,NA
2017,uniform_low,LA,313234.737211588,2100.73741630793,NA,NA
2017,uniform_low,SH,166488.804905611,974.972730958242,NA,NA
2017,uniform_low_k0.75,ANT,4783435.15096154,24289.9182764276,NA,NA
2017,uniform_low_k0.75,BS,9645256.61856008,34589.135204255,NA,NA
2017,uniform_low_k0.75,HN.HMO,1862169.83795518,11578.4350674825,NA,NA
2017,uniform_low_k0.75,KA,5086425.27170342,21513.5579632618,NA,NA
2017,uniform_low_k0.75,HN.PPO,342800.770081915,1256.43015335097,NA,NA
2017,uniform_low_k0.75,WEST,193390.95961736,803.787537957513,NA,NA
2017,uniform_low_k0.75,CC,78484.8958716543,270.141821044703,NA,NA
2017,uniform_low_k0.75,OSC,249359.34323883,2001.69486705168,NA,NA
2017,uniform_low_k0.75,VAL,53248.9383740092,281.95431166224,NA,NA
2017,uniform_low_k0.75,MOL,802693.034598599,5339.56066591951,NA,NA
2017,uniform_low_k0.75,LA,316155.312161557,2092.75380212603,NA,NA
2017,uniform_low_k0.75,SH,167905.292930458,971.019094362159,NA,NA
2017,uniform_low_k1.25,ANT,4774149.01883132,24449.7371695666,NA,NA
2017,uniform_low_k1.25,BS,9624318.58592396,34800.9688486498,NA,NA
2017,uniform_low_k1.25,HN.HMO,1846277.28712674,11658.2238110778,NA,NA
2017,uniform_low_k1.25,KA,5135409.20090782,21651.8662694085,NA,NA
2017,uniform_low_k1.25,HN.PPO,343343.835656546,1263.35369078202,NA,NA
2017,uniform_low_k1.25,WEST,192624.867873303,808.965811571127,NA,NA
2017,uniform_low_k1.25,CC,78760.9166384644,271.893440130081,NA,NA
2017,uniform_low_k1.25,OSC,244645.643523488,2015.25323715605,NA,NA
2017,uniform_low_k1.25,VAL,52485.6905142904,284.039907781155,NA,NA
2017,uniform_low_k1.25,MOL,795815.790217675,5376.52423703715,NA,NA
2017,uniform_low_k1.25,LA,310160.821634176,2107.61180363736,NA,NA
2017,uniform_low_k1.25,SH,165022.411343136,978.408246493873,NA,NA
2017,zero_tau0.00,ANT,4684643.19442363,0,NA,NA
2017,zero_tau0.00,BS,9515782.00499056,0,NA,NA
2017,zero_tau0.00,HN.HMO,1844367.6132456,0,NA,NA
2017,zero_tau0.00,KA,4681733.95531569,0,NA,NA
2017,zero_tau0.00,HN.PPO,330227.900999337,0,NA,NA
2017,zero_tau0.00,WEST,185674.673412088,0,NA,NA
2017,zero_tau0.00,CC,71747.5670372412,0,NA,NA
2017,zero_tau0.00,OSC,250028.11434152,0,NA,NA
2017,zero_tau0.00,VAL,57312.7529588604,0,NA,NA
2017,zero_tau0.00,MOL,730871.918878017,0,NA,NA
2017,zero_tau0.00,LA,329041.031048011,0,NA,NA
2017,zero_tau0.00,SH,176345.833750041,0,NA,NA
2017,zero_tau0.50,ANT,4748491.96998584,0,NA,NA
2017,zero_tau0.50,BS,9599108.78997774,0,NA,NA
2017,zero_tau0.50,HN.HMO,1878769.31330631,0,NA,NA
2017,zero_tau0.50,KA,4900683.57293927,0,NA,NA
2017,zero_tau0.50,HN.PPO,337545.622874978,0,NA,NA
2017,zero_tau0.50,WEST,194907.380862544,0,NA,NA
2017,zero_tau0.50,CC,76186.5215843806,0,NA,NA
2017,zero_tau0.50,OSC,252167.540511517,0,NA,NA
2017,zero_tau0.50,VAL,55137.4523299867,0,NA,NA
2017,zero_tau0.50,MOL,787738.728524846,0,NA,NA
2017,zero_tau0.50,LA,327493.388577708,0,NA,NA
2017,zero_tau0.50,SH,173035.660971461,0,NA,NA
2017,zero_tau1.00,ANT,4664786.68188706,0,NA,NA
2017,zero_tau1.00,BS,9358703.70903962,0,NA,NA
2017,zero_tau1.00,HN.HMO,1870103.97692982,0,NA,NA
2017,zero_tau1.00,KA,4983749.69456195,0,NA,NA
2017,zero_tau1.00,HN.PPO,328670.944598659,0,NA,NA
2017,zero_tau1.00,WEST,194881.431705818,0,NA,NA
2017,zero_tau1.00,CC,78103.0940868366,0,NA,NA
2017,zero_tau1.00,OSC,243109.817083694,0,NA,NA
2017,zero_tau1.00,VAL,53574.5433952294,0,NA,NA
2017,zero_tau1.00,MOL,824312.350186872,0,NA,NA
2017,zero_tau1.00,LA,315645.474774684,0,NA,NA
2017,zero_tau1.00,SH,161401.250808937,0,NA,NA
2018,aligned,ANT,478572.442607609,2008.79602960141,NA,NA
2018,aligned,BS.HMO,4297109.99811236,14865.9013570186,NA,NA
2018,aligned,BS.PPO,7280192.27630441,23780.4150493627,NA,NA
2018,aligned,KA,8230044.15936996,26373.7382232544,NA,NA
2018,aligned,HN,3917567.39589198,19531.5818049264,NA,NA
2018,aligned,WEST,305183.50128186,862.241617257806,NA,NA
2018,aligned,CC,174879.177627187,545.215799654692,NA,NA
2018,aligned,OSC,801895.848340814,5494.97077688934,NA,NA
2018,aligned,VAL,160245.264397961,789.847121361238,NA,NA
2018,aligned,MOL,1160653.08980758,7716.71864130362,NA,NA
2018,aligned,LA,578572.875449166,3862.81684998523,NA,NA
2018,aligned,SH,129717.38048364,430.437015769004,NA,NA
2018,baseline,ANT,478821.680309329,2195.51007425551,1.77243384184965,8.3786233216565e-4
2018,baseline,BS.HMO,4275166.13653194,13665.73020857,0.849774732325087,4.83050742530466e-5
2018,baseline,BS.PPO,7381696.64474609,23396.1296434283,1.69548797042757,-1.8939931103662e-5
2018,baseline,KA,7990165.95990428,25101.1209317362,1.70054084378554,-9.8311874703416e-4
2018,baseline,HN,3950624.31326486,21509.9619174631,1.25187214160149,-2.7997216835956e-4
2018,baseline,WEST,310179.119667723,1020.70827313127,NA,NA
2018,baseline,CC,174068.684337586,576.708782224566,NA,NA
2018,baseline,OSC,803155.843761748,5703.86068889431,1.09012210539437,6.76276500240491e-5
2018,baseline,VAL,154480.269011347,822.869225667678,NA,NA
2018,baseline,MOL,1138715.19888999,7991.63615135561,0.98352958823441,3.78053899153796e-5
2018,baseline,LA,543859.580984238,4082.06210377734,0.651208308438605,0.0251904963227108
2018,baseline,SH,130768.933239186,498.864900822153,NA,NA
2018,defund_0.50,ANT,484359.431375414,2709.10829506816,1.73045740462834,-5.9570753105497e-4
2018,defund_0.50,BS.HMO,4346567.53253011,16427.4199639463,0.849833565849688,-6.620483219791e-4
2018,defund_0.50,BS.PPO,7401849.40317389,27767.365375142,1.71017105561793,-4.3357829319354e-4
2018,defund_0.50,KA,8081322.02508489,31045.5744704857,1.68447283929088,-2.5114380205204e-4
2018,defund_0.50,HN,3990718.57638045,24960.2229446666,1.27350394997077,-2.9562674572064e-4
2018,defund_0.50,WEST,310583.23819993,1306.20593610826,NA,NA
2018,defund_0.50,CC,172704.598594443,794.352849969402,NA,NA
2018,defund_0.50,OSC,813583.39470863,6637.88315970643,1.11930298337771,-3.9578203116769e-4
2018,defund_0.50,VAL,153672.778064848,921.739996366741,NA,NA
2018,defund_0.50,MOL,1142963.16309233,9229.9759283533,0.983978233518453,1.38287371898027e-6
2018,defund_0.50,LA,541716.547926338,4366.30883922646,0.644711795541642,-9.99767744744862e-5
2018,defund_0.50,SH,133296.267822616,599.016215576397,NA,NA
2018,endog_tau0.50,ANT,461031.997773775,1236.39064624464,1.51282757947635,-0.00622419822043674
2018,endog_tau0.50,BS.HMO,4254355.56818603,7561.13101845552,0.836741275299642,-1.3674355298207e-4
2018,endog_tau0.50,BS.PPO,7297054.51468363,13998.6942641281,1.73568298330361,-0.00218395467887064
2018,endog_tau0.50,KA,7874882.34049349,14260.4997501177,1.56402045090741,-0.00315104279379685
2018,endog_tau0.50,HN,3930933.63125404,12441.9616669188,1.23551183189626,-6.6721201017477e-4
2018,endog_tau0.50,WEST,311768.261706402,574.585354086764,NA,NA
2018,endog_tau0.50,CC,174594.471940622,341.286497236302,NA,NA
2018,endog_tau0.50,OSC,797606.184553909,3361.85532548395,1.05805631739465,-2.1718522916985e-4
2018,endog_tau0.50,VAL,161546.736818652,508.002484250137,NA,NA
2018,endog_tau0.50,MOL,1158871.27825538,4637.52917591528,0.983026383569471,-3.20957102061259e-5
2018,endog_tau0.50,LA,554094.827672518,2320.22073389368,0.657718184686948,7.8547130029083e-5
2018,endog_tau0.50,SH,125543.056406723,318.164046119547,NA,NA
2018,flat_mandate,ANT,483679.650002279,2214.56166935832,NA,NA
2018,flat_mandate,BS.HMO,4466847.88601349,15687.8428177167,NA,NA
2018,flat_mandate,BS.PPO,7266401.87871589,22694.1405922201,NA,NA
2018,flat_mandate,KA,7902677.66181111,24156.619500329,NA,NA
2018,flat_mandate,HN,4047932.95095054,22099.372446546,NA,NA
2018,flat_mandate,WEST,276855.719872036,626.250394156301,NA,NA
2018,flat_mandate,CC,159028.60520121,392.099927056267,NA,NA
2018,flat_mandate,OSC,833664.022183919,6082.06572575049,NA,NA
2018,flat_mandate,VAL,139803.601389354,557.35836630607,NA,NA
2018,flat_mandate,MOL,1170589.12697476,8611.03962496302,NA,NA
2018,flat_mandate,LA,457526.327815519,2711.25784390121,NA,NA
2018,flat_mandate,SH,116460.502589542,283.24704927677,NA,NA
2018,scale_0.50,ANT,459100.767865829,2012.01207507167,NA,NA
2018,scale_0.50,BS.HMO,4477798.2323982,14977.9150309846,NA,NA
2018,scale_0.50,BS.PPO,7255269.07199571,22286.5844242046,NA,NA
2018,scale_0.50,KA,7632279.89462754,23272.9031749721,NA,NA
2018,scale_0.50,HN,3902407.59726644,20537.893952227,NA,NA
2018,scale_0.50,WEST,315907.997120078,1074.25107862337,NA,NA
2018,scale_0.50,CC,173767.254181181,601.385362332144,NA,NA
2018,scale_0.50,OSC,800485.814534753,5530.31402014039,NA,NA
2018,scale_0.50,VAL,168190.617641108,944.76524820125,NA,NA
2018,scale_0.50,MOL,1200102.51240882,8758.30315720818,NA,NA
2018,scale_0.50,LA,591209.922825988,4695.52372914764,NA,NA
2018,scale_0.50,SH,130712.067966999,503.83821455108,NA,NA
2018,uniform_low,ANT,464402.611159481,2006.72972424885,NA,NA
2018,uniform_low,BS.HMO,4280872.34618774,14176.6630494736,NA,NA
2018,uniform_low,BS.PPO,7276401.43705566,23772.1705496785,NA,NA
2018,uniform_low,KA,7907313.57844792,25442.0999799132,NA,NA
2018,uniform_low,HN,3898294.45646105,20418.9554165245,NA,NA
2018,uniform_low,WEST,303098.871118955,900.284220888293,NA,NA
2018,uniform_low,CC,169876.296277253,542.754713985051,NA,NA
2018,uniform_low,OSC,789852.775603304,5525.90800866746,NA,NA
2018,uniform_low,VAL,156712.506158297,769.534841166517,NA,NA
2018,uniform_low,MOL,1129800.13778017,7436.07107268809,NA,NA
2018,uniform_low,LA,563534.235387738,3747.77732399842,NA,NA
2018,uniform_low,SH,127844.76712377,449.886934861218,NA,NA
2018,uniform_low_k0.75,ANT,463276.908740263,2000.62730693426,NA,NA
2018,uniform_low_k0.75,BS.HMO,4290088.58938089,14130.2979339029,NA,NA
2018,uniform_low_k0.75,BS.PPO,7266827.20334868,23693.2590969905,NA,NA
2018,uniform_low_k0.75,KA,7869093.52900451,25357.2959469176,NA,NA
2018,uniform_low_k0.75,HN,3905869.29732723,20339.589836061,NA,NA
2018,uniform_low_k0.75,WEST,302776.016499965,897.181441082018,NA,NA
2018,uniform_low_k0.75,CC,169418.932976473,540.617677723602,NA,NA
2018,uniform_low_k0.75,OSC,791643.808768704,5503.68434057713,NA,NA
2018,uniform_low_k0.75,VAL,156764.318067472,766.477443359617,NA,NA
2018,uniform_low_k0.75,MOL,1131970.0773473,7406.40436453139,NA,NA
2018,uniform_low_k0.75,LA,567352.845794067,3731.70030601407,NA,NA
2018,uniform_low_k0.75,SH,128029.205427411,447.901271489437,NA,NA
2018,uniform_low_k1.25,ANT,465223.833407593,2012.21912183211,NA,NA
2018,uniform_low_k1.25,BS.HMO,4271078.86302933,14218.2534725082,NA,NA
2018,uniform_low_k1.25,BS.PPO,7282567.38585156,23843.2548391381,NA,NA
2018,uniform_low_k1.25,KA,7940541.08383195,25518.3617264119,NA,NA
2018,uniform_low_k1.25,HN,3888491.16631822,20489.3490601847,NA,NA
2018,uniform_low_k1.25,WEST,303240.444494267,903.06010684305,NA,NA
2018,uniform_low_k1.25,CC,170195.536073106,544.669065864302,NA,NA
2018,uniform_low_k1.25,OSC,787259.935346765,5545.60389975543,NA,NA
2018,uniform_low_k1.25,VAL,156532.8504877,772.262211353815,NA,NA
2018,uniform_low_k1.25,MOL,1126573.73284596,7462.44540088246,NA,NA
2018,uniform_low_k1.25,LA,559329.671921104,3761.78959072972,NA,NA
2018,uniform_low_k1.25,SH,127604.540546693,451.661905232075,NA,NA
2018,zero_tau0.00,ANT,461538.590952749,0,NA,NA
2018,zero_tau0.00,BS.HMO,4267749.7089268,0,NA,NA
2018,zero_tau0.00,BS.PPO,7219304.43662762,0,NA,NA
2018,zero_tau0.00,KA,7247715.57308051,0,NA,NA
2018,zero_tau0.00,HN,3820217.29795974,0,NA,NA
2018,zero_tau0.00,WEST,286297.660980412,0,NA,NA
2018,zero_tau0.00,CC,155715.165534602,0,NA,NA
2018,zero_tau0.00,OSC,733057.381146404,0,NA,NA
2018,zero_tau0.00,VAL,142789.624530392,0,NA,NA
2018,zero_tau0.00,MOL,1011850.48833132,0,NA,NA
2018,zero_tau0.00,LA,584128.407705511,0,NA,NA
2018,zero_tau0.00,SH,131319.173459243,0,NA,NA
2018,zero_tau0.50,ANT,459374.411207367,0,NA,NA
2018,zero_tau0.50,BS.HMO,4223881.66725619,0,NA,NA
2018,zero_tau0.50,BS.PPO,7226527.17531214,0,NA,NA
2018,zero_tau0.50,KA,7576195.3917066,0,NA,NA
2018,zero_tau0.50,HN,3865676.02270838,0,NA,NA
2018,zero_tau0.50,WEST,300816.851102294,0,NA,NA
2018,zero_tau0.50,CC,165361.412852691,0,NA,NA
2018,zero_tau0.50,OSC,768649.446928942,0,NA,NA
2018,zero_tau0.50,VAL,155679.391161488,0,NA,NA
2018,zero_tau0.50,MOL,1101367.65477026,0,NA,NA
2018,zero_tau0.50,LA,576755.61881065,0,NA,NA
2018,zero_tau0.50,SH,126604.545991308,0,NA,NA
2018,zero_tau1.00,ANT,445231.314222461,0,NA,NA
2018,zero_tau1.00,BS.HMO,4163262.96222691,0,NA,NA
2018,zero_tau1.00,BS.PPO,7035086.55153352,0,NA,NA
2018,zero_tau1.00,KA,7679443.97140546,0,NA,NA
2018,zero_tau1.00,HN,3870735.7996254,0,NA,NA
2018,zero_tau1.00,WEST,305687.372822236,0,NA,NA
2018,zero_tau1.00,CC,170111.825083881,0,NA,NA
2018,zero_tau1.00,OSC,779119.422873648,0,NA,NA
2018,zero_tau1.00,VAL,164967.633434882,0,NA,NA
2018,zero_tau1.00,MOL,1159367.41056072,0,NA,NA
2018,zero_tau1.00,LA,568708.701945814,0,NA,NA
2018,zero_tau1.00,SH,118891.288575394,0,NA,NA
