plan_id,region,year,tot_nonmiss,obs_purchase,pred_purchase
ANT_BR,1,2014,2533,592,220.602120554386
ANT_BR_HSA,1,2014,2533,106,103.172840653737
ANT_G,1,2014,2533,84,60.5450587720618
ANT_P,1,2014,2533,32,22.3402383850704
ANT_SIL,1,2014,2533,1530,605.890790128741
BS_BR,1,2014,2533,25,159.360163413428
BS_BR_HSA,1,2014,2533,9,80.5799604221417
BS_G,1,2014,2533,8,62.4970371298794
BS_P,1,2014,2533,12,24.9589791422544
BS_SIL,1,2014,2533,123,559.648562216527
KA_BR,1,2014,2533,3,200.528029628395
KA_G,1,2014,2533,0,32.1522381891325
KA_P,1,2014,2533,1,19.173003304098
KA_SIL,1,2014,2533,8,381.550978060149
ANT_BR,1,2015,4850,1219,413.496719248637
ANT_BR_HSA,1,2015,4850,234,200.949199029648
ANT_G,1,2015,4850,139,101.359175957473
ANT_P,1,2015,4850,45,32.7193888807091
ANT_SIL,1,2015,4850,2915,1184.0426603585
BS_BR,1,2015,4850,49,290.835289976537
BS_BR_HSA,1,2015,4850,15,147.455424887963
BS_G,1,2015,4850,13,104.527035773255
BS_P,1,2015,4850,18,39.8828392610202
BS_SIL,1,2015,4850,167,976.965957697397
KA_BR,1,2015,4850,11,399.213925439447
KA_G,1,2015,4850,0,70.2429351856116
KA_P,1,2015,4850,4,43.4440737380411
KA_SIL,1,2015,4850,21,844.865374565758
ANT_BR,1,2016,5342,1206,408.372205341932
ANT_BR_HSA,1,2016,5342,539,233.273048436914
ANT_G,1,2016,5342,85,56.6153097114648
ANT_P,1,2016,5342,36,16.1357777802636
ANT_SIL,1,2016,5342,2655,947.921832882247
BS_BR,1,2016,5342,113,257.933212021525
BS_BR_HSA,1,2016,5342,32,118.240338952356
BS_G,1,2016,5342,20,54.5234349118555
BS_P,1,2016,5342,6,7.21440767902519
BS_SIL,1,2016,5342,622,956.261743793922
HN_BR,1,2016,5342,0,159.076159959594
HN_G,1,2016,5342,0,13.1566515273643
HN_P,1,2016,5342,0,3.16151327246775
HN_SIL,1,2016,5342,0,256.919108138141
KA_BR,1,2016,5342,4,423.274855076527
KA_BR_HSA,1,2016,5342,1,220.904044032513
KA_G,1,2016,5342,0,84.3830097209393
KA_P,1,2016,5342,1,45.9840136493909
KA_SIL,1,2016,5342,16,949.407243071385
Small_BR,1,2016,5342,2,26.9483595661096
Small_G,1,2016,5342,1,8.15497422274903
Small_P,1,2016,5342,0,1.00147328520319
Small_SIL,1,2016,5342,3,93.1372829661158
ANT_BR,1,2017,5237,917,429.593774241215
ANT_BR_HSA,1,2017,5237,518,214.970124462942
ANT_G,1,2017,5237,63,47.9454261016728
ANT_P,1,2017,5237,19,10.0755963277992
ANT_SIL,1,2017,5237,2489,988.570615113148
BS_BR,1,2017,5237,128,169.070690319824
BS_BR_HSA,1,2017,5237,96,92.3015489166865
BS_G,1,2017,5237,34,25.6130932550141
BS_G3,1,2017,5237,0,3.10768269572598
BS_P,1,2017,5237,8,2.47856022719655
BS_P3,1,2017,5237,0,0.381179664412783
BS_SIL,1,2017,5237,926,519.401436937091
BS_SIL3,1,2017,5237,0,61.3254046142212
HN_BR,1,2017,5237,0,107.591922227375
HN_G,1,2017,5237,0,4.62112044444984
HN_P,1,2017,5237,0,0.904397381263657
HN_SIL,1,2017,5237,0,114.324604574373
KA_BR,1,2017,5237,8,502.404609195077
KA_BR_HSA,1,2017,5237,2,233.197206130116
KA_G,1,2017,5237,1,135.987204992273
KA_G_COIN,1,2017,5237,0,194.145385164195
KA_P,1,2017,5237,1,60.4122827137623
KA_SIL,1,2017,5237,27,1318.57613430017
ANT_BR,1,2018,5216,869,333.580577415523
ANT_BR_HSA,1,2018,5216,386,131.933510480364
ANT_G,1,2018,5216,28,11.3323459000849
ANT_P,1,2018,5216,10,1.23860746817987
ANT_SIL,1,2018,5216,960,292.514722695137
BS_BR,1,2018,5216,402,247.269489863254
BS_BR_HSA,1,2018,5216,223,124.959068722772
BS_G,1,2018,5216,70,32.9663741155456
BS_G3,1,2018,5216,0,3.97176458073945
BS_P,1,2018,5216,16,1.70715183874527
BS_P3,1,2018,5216,0,0.340082586979222
BS_SIL,1,2018,5216,2190,479.674267809408
BS_SIL3,1,2018,5216,0,82.6872320648921
KA_BR,1,2018,5216,7,508.913042862877
KA_BR_HSA,1,2018,5216,2,243.344589013157
KA_G,1,2018,5216,5,425.94888312925
KA_G_COIN,1,2018,5216,8,520.090945580297
KA_P,1,2018,5216,10,288.514990188039
KA_SIL,1,2018,5216,30,1485.01235368476
ANT_BR,1,2019,4523,718,287.222136157155
ANT_BR_HSA,1,2019,4523,316,133.599311722967
ANT_G,1,2019,4523,36,27.4352669023455
ANT_P,1,2019,4523,5,1.36705642285123
ANT_SIL,1,2019,4523,1182,348.698549175103
BS_BR,1,2019,4523,434,179.95084622574
BS_BR_HSA,1,2019,4523,256,89.1670570455699
BS_G,1,2019,4523,52,16.4156140223749
BS_G3,1,2019,4523,0,3.00589993684612
BS_P,1,2019,4523,12,0.462693542069024
BS_P3,1,2019,4523,0,0.0662557319688677
BS_SIL,1,2019,4523,1436,263.915481136331
BS_SIL3,1,2019,4523,1,69.7572236709059
KA_BR,1,2019,4523,12,431.633980869454
KA_BR_HSA,1,2019,4523,2,214.173769103779
KA_G,1,2019,4523,6,309.748786838745
KA_G_COIN,1,2019,4523,14,398.608380853082
KA_P,1,2019,4523,6,196.638916008855
KA_SIL,1,2019,4523,35,1551.13277463385
ANT_BR,2,2014,2263,165,159.993496358313
ANT_BR_HSA,2,2014,2263,27,74.7472164879816
ANT_G,2,2014,2263,34,34.5736532610715
ANT_P,2,2014,2263,7,11.6756187803297
ANT_SIL,2,2014,2263,427,386.357276316265
BS_BR,2,2014,2263,40,131.606928513915
BS_BR_HSA,2,2014,2263,8,66.5538414066999
BS_G,2,2014,2263,34,47.6294684473416
BS_P,2,2014,2263,9,17.9781988629522
BS_SIL,2,2014,2263,356,455.873622194903
HN_BR,2,2014,2263,32,91.7896254676761
HN_G,2,2014,2263,7,8.15541578433256
HN_P,2,2014,2263,3,1.95333261479939
HN_SIL,2,2014,2263,60,99.4209658648521
KA_BR,2,2014,2263,223,170.095060882133
KA_G,2,2014,2263,36,24.8837387621167
KA_P,2,2014,2263,53,14.4216572929823
KA_SIL,2,2014,2263,613,317.813529133995
Small_BR,2,2014,2263,91,32.1128258166624
Small_G,2,2014,2263,2,10.5466039218241
Small_P,2,2014,2263,5,5.77945844247393
Small_SIL,2,2014,2263,31,99.0384653863811
ANT_BR,2,2015,4089,284,268.756187334592
ANT_BR_HSA,2,2015,4089,33,124.916678044269
ANT_G,2,2015,4089,39,37.2954588896376
ANT_P,2,2015,4089,20,10.4911711400262
ANT_SIL,2,2015,4089,480,529.526605371064
BS_BR,2,2015,4089,77,245.57680102908
BS_BR_HSA,2,2015,4089,28,125.139967821724
BS_G,2,2015,4089,37,76.5128676295148
BS_P,2,2015,4089,21,27.3725956373882
BS_SIL,2,2015,4089,710,779.69371382662
HN_BR,2,2015,4089,17,153.582210415364
HN_G,2,2015,4089,0,12.1390381034609
HN_P,2,2015,4089,3,2.5895298077774
HN_SIL,2,2015,4089,19,158.599715119822
KA_BR,2,2015,4089,593,353.604405941181
KA_G,2,2015,4089,81,52.8749433471464
KA_P,2,2015,4089,108,31.8414691879995
KA_SIL,2,2015,4089,1225,697.935818276274
Small_BR,2,2015,4089,178,66.1535461863871
Small_G,2,2015,4089,2,25.3003719010296
Small_P,2,2015,4089,8,13.7606392827754
Small_SIL,2,2015,4089,126,295.336265706867
ANT_BR,2,2016,4499,234,287.458540204997
ANT_BR_HSA,2,2016,4499,121,173.585288883479
ANT_G,2,2016,4499,24,25.9855996816405
ANT_P,2,2016,4499,16,6.79581017296238
ANT_SIL,2,2016,4499,329,508.694353808283
BS_BR,2,2016,4499,89,190.072629731448
BS_BR_HSA,2,2016,4499,20,86.6723018264321
BS_G,2,2016,4499,39,32.462837968794
BS_P,2,2016,4499,10,4.00502680236255
BS_SIL,2,2016,4499,778,642.708579828158
HN_BR,2,2016,4499,9,198.568722800435
HN_G,2,2016,4499,2,19.9753870431664
HN_P,2,2016,4499,1,5.02703879432352
HN_SIL,2,2016,4499,14,381.493832795296
KA_BR,2,2016,4499,541,367.437278695861
KA_BR_HSA,2,2016,4499,171,191.605745247112
KA_G,2,2016,4499,91,63.3623742250964
KA_P,2,2016,4499,94,33.6365109271655
KA_SIL,2,2016,4499,1406,763.62889943668
Small_BR,2,2016,4499,194,71.2062112004846
Small_G,2,2016,4499,12,32.8845559887124
Small_P,2,2016,4499,20,17.5524784342619
Small_SIL,2,2016,4499,284,394.17999550285
ANT_BR,2,2017,4276,107,213.912530432664
ANT_BR_HSA,2,2017,4276,45,113.873043689108
ANT_G,2,2017,4276,9,4.44447400979354
ANT_P,2,2017,4276,1,0.768620082605114
ANT_SIL,2,2017,4276,107,130.50771687161
BS_BR,2,2017,4276,61,144.668221093419
BS_BR_HSA,2,2017,4276,48,85.4547903637972
BS_G,2,2017,4276,36,16.7370683710843
BS_G3,2,2017,4276,0,3.30479330978787
BS_P,2,2017,4276,11,1.493106535901
BS_P3,2,2017,4276,0,0.390727368848546
BS_SIL,2,2017,4276,596,364.186474441545
BS_SIL3,2,2017,4276,0,65.6005061082982
HN_BR,2,2017,4276,9,146.371631382377
HN_G,2,2017,4276,2,6.20986573629812
HN_P,2,2017,4276,2,1.18077353099195
HN_SIL,2,2017,4276,12,150.511405985324
KA_BR,2,2017,4276,592,608.126129278535
KA_BR_HSA,2,2017,4276,163,281.344652873149
KA_G,2,2017,4276,77,91.1373833039858
KA_G_COIN,2,2017,4276,34,132.341646186903
KA_P,2,2017,4276,85,39.1123411086197
KA_SIL,2,2017,4276,1488,974.760352561601
Small_BR,2,2017,4276,239,101.718164183409
Small_G,2,2017,4276,16,40.4341109688184
Small_P,2,2017,4276,18,20.5950351407119
Small_SIL,2,2017,4276,518,536.814435080822
BS_BR,2,2018,4165,126,197.147443653122
BS_BR_HSA,2,2018,4165,56,102.962879283964
BS_G,2,2018,4165,46,7.36516144335819
BS_G3,2,2018,4165,0,1.67039361401739
BS_P,2,2018,4165,7,0.471414790531804
BS_P3,2,2018,4165,0,0.098129840258203
BS_SIL,2,2018,4165,373,103.546677271335
BS_SIL3,2,2018,4165,0,31.2462386144464
HN_BR,2,2018,4165,13,185.29247216335
HN_G,2,2018,4165,1,5.34720946123863
HN_P,2,2018,4165,2,1.05053373662872
HN_SIL,2,2018,4165,3,49.6718063833756
KA_BR,2,2018,4165,632,875.066509124333
KA_BR_HSA,2,2018,4165,162,420.424004258997
KA_G,2,2018,4165,256,262.548652323568
KA_G_COIN,2,2018,4165,327,403.410647177421
KA_P,2,2018,4165,122,108.860110104021
KA_SIL,2,2018,4165,1358,978.459663558905
Small_BR,2,2018,4165,254,121.818390662489
Small_G,2,2018,4165,63,56.0592130870701
Small_P,2,2018,4165,20,25.5466640239268
Small_SIL,2,2018,4165,344,226.935785423646
BS_BR,2,2019,3220,82,110.660650936564
BS_BR_HSA,2,2019,3220,52,57.1414526310692
BS_G,2,2019,3220,32,3.02081761225996
BS_G3,2,2019,3220,1,1.0555603031626
BS_P,2,2019,3220,5,0.112958445310014
BS_P3,2,2019,3220,1,0.0389131052977337
BS_SIL,2,2019,3220,263,46.8753634009759
BS_SIL3,2,2019,3220,1,22.3514895120176
HN_BR,2,2019,3220,7,111.085145656791
HN_G,2,2019,3220,0,1.54968248603061
HN_P,2,2019,3220,0,0.2368142628855
HN_SIL,2,2019,3220,4,16.5887368857652
KA_BR,2,2019,3220,458,669.004351157123
KA_BR_HSA,2,2019,3220,144,346.684851583502
KA_G,2,2019,3220,174,127.890626208196
KA_G_COIN,2,2019,3220,219,229.048178979616
KA_P,2,2019,3220,107,52.7022748229255
KA_SIL,2,2019,3220,1102,1071.46581547343
Small_BR,2,2019,3220,221,112.908765459051
Small_G,2,2019,3220,59,43.2831041788061
Small_P,2,2019,3220,28,18.9719327551794
Small_SIL,2,2019,3220,260,177.322514144045
ANT_BR,3,2014,3169,354,254.417623651925
ANT_BR_HSA,3,2014,3169,43,118.955717466039
ANT_G,3,2014,3169,21,55.0542614271594
ANT_G3,3,2014,3169,0,1.19441441761225
ANT_P,3,2014,3169,19,18.4126066494162
ANT_P3,3,2014,3169,0,0.350379369509111
ANT_SIL,3,2014,3169,690,615.007701188746
ANT_SIL3,3,2014,3169,0,25.8812041048438
BS_BR,3,2014,3169,66,197.152187772521
BS_BR_HSA,3,2014,3169,32,99.8161737044557
BS_G,3,2014,3169,49,67.04428401801
BS_P,3,2014,3169,31,24.8671877360671
BS_SIL,3,2014,3169,684,650.593629041241
KA_BR,3,2014,3169,289,287.65130436646
KA_G,3,2014,3169,33,45.3333125087164
KA_P,3,2014,3169,54,26.2988454121316
KA_SIL,3,2014,3169,739,571.101714569067
Small_BR,3,2014,3169,21,33.6035989179435
Small_G,3,2014,3169,2,6.43123297938066
Small_P,3,2014,3169,5,3.33548916744543
Small_SIL,3,2014,3169,37,66.497131531312
ANT_BR,3,2015,6128,637,475.947835733914
ANT_BR_HSA,3,2015,6128,72,222.389358476727
ANT_G,3,2015,6128,40,90.4572475309348
ANT_G3,3,2015,6128,0,0.772493978354352
ANT_P,3,2015,6128,24,26.7755330284877
ANT_P3,3,2015,6128,0,0.220335274327832
ANT_SIL,3,2015,6128,1413,1192.70747073287
ANT_SIL3,3,2015,6128,0,20.1057344859881
BS_BR,3,2015,6128,153,345.924691481961
BS_BR_HSA,3,2015,6128,45,175.728654693189
BS_G,3,2015,6128,82,108.205466757707
BS_P,3,2015,6128,52,38.802616464245
BS_SIL,3,2015,6128,1053,1097.20141597612
KA_BR,3,2015,6128,683,555.781772567578
KA_G,3,2015,6128,72,98.3964604934396
KA_P,3,2015,6128,113,59.9370848080947
KA_SIL,3,2015,6128,1571,1249.79492046193
Small_BR,3,2015,6128,34,63.5436322440261
Small_G,3,2015,6128,8,25.3319323615155
Small_P,3,2015,6128,6,12.4577552476707
Small_SIL,3,2015,6128,70,267.517587200913
ANT_BR,3,2016,6661,577,433.022932341788
ANT_BR_HSA,3,2016,6661,280,250.9494651445
ANT_G,3,2016,6661,32,47.2287732147428
ANT_G3,3,2016,6661,0,0.35296469047684
ANT_P,3,2016,6661,17,12.3803171533721
ANT_P3,3,2016,6661,0,0.0608298829462695
ANT_SIL,3,2016,6661,1131,904.407828935898
ANT_SIL3,3,2016,6661,1,11.8876465339032
BS_BR,3,2016,6661,144,276.212692426783
BS_BR_HSA,3,2016,6661,38,126.357347129914
BS_G,3,2016,6661,68,48.1024223531939
BS_P,3,2016,6661,21,5.77097310689693
BS_SIL,3,2016,6661,1140,957.801354380569
HN_BR,3,2016,6661,7,251.772407770414
HN_G,3,2016,6661,0,23.7429958220794
HN_P,3,2016,6661,1,5.79756624320026
HN_SIL,3,2016,6661,11,470.769373142243
KA_BR,3,2016,6661,632,555.383915449949
KA_BR_HSA,3,2016,6661,127,284.694359128262
KA_G,3,2016,6661,89,117.544447230877
KA_P,3,2016,6661,114,62.8599074193861
KA_SIL,3,2016,6661,2067,1383.95775789574
Small_BR,3,2016,6661,40,70.2319640859569
Small_G,3,2016,6661,16,27.4291413489357
Small_P,3,2016,6661,7,12.9467233542527
Small_SIL,3,2016,6661,101,319.333893813718
ANT_BR,3,2017,6838,394,465.648314275148
ANT_BR_HSA,3,2017,6838,171,238.441044257186
ANT_G,3,2017,6838,11,17.3897325973082
ANT_G3,3,2017,6838,0,0.199724079008598
ANT_P,3,2017,6838,8,3.06125117810281
ANT_P3,3,2017,6838,0,0.0483168878719607
ANT_SIL,3,2017,6838,485,468.112411347167
ANT_SIL3,3,2017,6838,1,5.5807501443484
BS_BR,3,2017,6838,91,180.459748241141
BS_BR_HSA,3,2017,6838,58,107.018213074925
BS_G,3,2017,6838,40,19.0827845688289
BS_G3,3,2017,6838,0,6.63842281919978
BS_P,3,2017,6838,18,1.55495397311706
BS_P3,3,2017,6838,0,0.751915561767686
BS_SIL,3,2017,6838,817,441.575239667761
BS_SIL3,3,2017,6838,5,132.068840436055
HN_BR,3,2017,6838,4,202.434268759524
HN_G,3,2017,6838,1,8.31538336927178
HN_P,3,2017,6838,0,1.51569234041511
HN_SIL,3,2017,6838,9,211.07701328152
KA_BR,3,2017,6838,865,859.084984946349
KA_BR_HSA,3,2017,6838,171,399.790802750492
KA_G,3,2017,6838,109,190.019947579342
KA_G_COIN,3,2017,6838,58,274.233405504448
KA_P,3,2017,6838,109,82.0948495550929
KA_SIL,3,2017,6838,2954,1964.40118568895
Small_BR,3,2017,6838,76,90.5095710886131
Small_G,3,2017,6838,11,28.6014808143749
Small_P,3,2017,6838,7,11.292049367946
Small_SIL,3,2017,6838,365,426.997701844728
BS_BR,3,2018,7108,230,238.595984733221
BS_BR_HSA,3,2018,7108,124,127.464229864085
BS_G,3,2018,7108,42,9.0354467688624
BS_G3,3,2018,7108,34,88.4888136390602
BS_P,3,2018,7108,18,0.504370927716458
BS_P3,3,2018,7108,2,4.57248985608798
BS_SIL,3,2018,7108,576,128.727589167871
BS_SIL3,3,2018,7108,1292,1169.77028935583
HN_BR,3,2018,7108,94,454.828633698585
HN_G,3,2018,7108,3,10.6182289911875
HN_P,3,2018,7108,1,0.84001389619094
HN_SIL,3,2018,7108,27,151.094714894781
KA_BR,3,2018,7108,1131,1258.20344800266
KA_BR_HSA,3,2018,7108,297,604.57193891516
KA_G,3,2018,7108,331,386.934818115184
KA_G_COIN,3,2018,7108,501,587.464840674313
KA_P,3,2018,7108,162,173.542260291487
KA_SIL,3,2018,7108,2026,1428.45228175564
Small_BR,3,2018,7108,108,113.296868792846
Small_G,3,2018,7108,13,31.9609147434559
Small_P,3,2018,7108,8,11.4650564751501
Small_SIL,3,2018,7108,88,127.566766440633
BS_BR,3,2019,6487,154,148.829156686363
BS_BR_HSA,3,2019,6487,96,77.555316685185
BS_G,3,2019,6487,33,5.15921667499587
BS_G3,3,2019,6487,50,83.3886802563014
BS_P,3,2019,6487,14,0.256278397142809
BS_P3,3,2019,6487,2,3.22489425123907
BS_SIL,3,2019,6487,500,78.0465433522567
BS_SIL3,3,2019,6487,1334,1112.98159302786
HN_BR,3,2019,6487,65,298.931846774536
HN_BR_HSA,3,2019,6487,8,149.007396916829
HN_G,3,2019,6487,2,5.86179658029241
HN_P,3,2019,6487,1,0.386006572954879
HN_SIL,3,2019,6487,22,131.198370295928
KA_BR,3,2019,6487,1027,1183.36487000065
KA_BR_HSA,3,2019,6487,311,615.858482431537
KA_G,3,2019,6487,198,213.460621039516
KA_G_COIN,3,2019,6487,297,361.678560925476
KA_P,3,2019,6487,146,96.5498893219215
KA_SIL,3,2019,6487,2025,1660.19448820185
Small_BR,3,2019,6487,135,122.513652807586
Small_G,3,2019,6487,14,25.9714743972086
Small_P,3,2019,6487,5,8.92702818594505
Small_SIL,3,2019,6487,48,103.653836216429
ANT_BR,4,2014,1719,86,118.372482612802
ANT_BR_HSA,4,2014,1719,13,55.1918165393646
ANT_G,4,2014,1719,12,17.1455547678457
ANT_P,4,2014,1719,9,5.05151568183104
ANT_SIL,4,2014,1719,147,230.672037789238
BS_BR,4,2014,1719,22,88.3031286417401
BS_BR_HSA,4,2014,1719,6,44.9742260005552
BS_G,4,2014,1719,44,21.2286394793252
BS_P,4,2014,1719,29,6.96713043767861
BS_SIL,4,2014,1719,289,243.145921509563
HN_BR,4,2014,1719,27,79.4550009034874
HN_G,4,2014,1719,3,5.30938032022967
HN_P,4,2014,1719,3,1.15876252074001
HN_SIL,4,2014,1719,25,73.9718568956773
KA_BR,4,2014,1719,91,140.13357100043
KA_G,4,2014,1719,13,15.4057397835001
KA_P,4,2014,1719,24,8.4374688055698
KA_SIL,4,2014,1719,241,231.957213760727
Small_BR,4,2014,1719,192,80.818466753904
Small_G,4,2014,1719,2,10.4625655362261
Small_P,4,2014,1719,4,4.56281935271986
Small_SIL,4,2014,1719,437,236.274700906844
ANT_BR,4,2015,2904,119,186.766761265285
ANT_BR_HSA,4,2015,2904,20,86.6158369863406
ANT_G,4,2015,2904,21,16.2118695865919
ANT_P,4,2015,2904,16,3.81117489460916
ANT_SIL,4,2015,2904,202,285.861350944212
BS_BR,4,2015,2904,67,158.182605132018
BS_BR_HSA,4,2015,2904,20,81.5105801669926
BS_G,4,2015,2904,41,32.3764285284342
BS_P,4,2015,2904,42,9.83005517402382
BS_SIL,4,2015,2904,466,398.487341179303
HN_BR,4,2015,2904,11,133.445926997335
HN_G,4,2015,2904,0,7.53527235495784
HN_P,4,2015,2904,2,1.35912405272625
HN_SIL,4,2015,2904,13,115.598756149925
KA_BR,4,2015,2904,340,291.226791742855
KA_G,4,2015,2904,35,32.8190131313267
KA_P,4,2015,2904,41,18.5462695377975
KA_SIL,4,2015,2904,525,516.620966630441
Small_BR,4,2015,2904,305,153.973857901854
Small_G,4,2015,2904,6,12.2769156205741
Small_P,4,2015,2904,5,4.9880562550253
Small_SIL,4,2015,2904,607,355.955045767373
ANT_BR,4,2016,2990,69,141.400109270752
ANT_BR_HSA,4,2016,2990,61,95.3402271132647
ANT_G,4,2016,2990,8,6.14779390088863
ANT_P,4,2016,2990,9,1.41340089030343
ANT_SIL,4,2016,2990,121,150.3587138281
BS_BR,4,2016,2990,90,178.04868029723
BS_BR_HSA,4,2016,2990,13,81.1387743410131
BS_G,4,2016,2990,55,26.4801139720656
BS_P,4,2016,2990,36,3.02827882146332
BS_SIL,4,2016,2990,695,572.007277128104
HN_BR,4,2016,2990,4,118.78820577979
HN_G,4,2016,2990,1,6.83176344633249
HN_P,4,2016,2990,0,1.55135701140377
HN_SIL,4,2016,2990,15,156.760448156893
KA_BR,4,2016,2990,280,257.477029946753
KA_BR_HSA,4,2016,2990,61,136.680342564929
KA_G,4,2016,2990,33,29.172053421859
KA_P,4,2016,2990,40,14.6890450140361
KA_SIL,4,2016,2990,467,397.741026419622
Small_BR,4,2016,2990,351,163.648140778553
Small_G,4,2016,2990,5,16.6748404147589
Small_P,4,2016,2990,4,7.23918728196736
Small_SIL,4,2016,2990,572,427.383190199916
ANT_BR,4,2017,2946,56,160.503430900232
ANT_BR_HSA,4,2017,2946,23,85.3338620700056
ANT_G,4,2017,2946,1,2.19292822738461
ANT_P,4,2017,2946,4,0.348368188585814
ANT_SIL,4,2017,2946,62,77.1829019345568
BS_BR,4,2017,2946,62,109.909653146541
BS_BR_HSA,4,2017,2946,19,65.323847687785
BS_G,4,2017,2946,30,9.42642512155609
BS_G3,4,2017,2946,2,4.84449740808935
BS_P,4,2017,2946,17,0.729496335295221
BS_P3,4,2017,2946,0,0.538407176939144
BS_SIL,4,2017,2946,582,244.939849786115
BS_SIL3,4,2017,2946,7,102.289911502351
HN_BR,4,2017,2946,5,80.2772707806806
HN_G,4,2017,2946,0,1.93937657230679
HN_P,4,2017,2946,0,0.332851001070328
HN_SIL,4,2017,2946,6,58.9619831902542
KA_BR,4,2017,2946,354,434.326407602151
KA_BR_HSA,4,2017,2946,86,199.933041122039
KA_G,4,2017,2946,30,47.3593477646915
KA_G_COIN,4,2017,2946,22,71.9122167592709
KA_P,4,2017,2946,46,18.4954383013016
KA_SIL,4,2017,2946,633,582.961334404882
Small_BR,4,2017,2946,308,161.988296786611
Small_G,4,2017,2946,7,20.1720035529072
Small_P,4,2017,2946,7,8.00046988260218
Small_SIL,4,2017,2946,577,395.776382793793
BS_BR,4,2018,3034,149,203.496378028618
BS_BR_HSA,4,2018,3034,42,105.158871958236
BS_G,4,2018,3034,59,7.29263922991129
BS_G3,4,2018,3034,2,4.47305292722968
BS_P,4,2018,3034,22,0.367642583900559
BS_P3,4,2018,3034,2,0.204857527998339
BS_SIL,4,2018,3034,390,110.593213990188
BS_SIL3,4,2018,3034,50,91.8620141474847
HN_BR,4,2018,3034,3,100.693847498109
HN_G,4,2018,3034,0,1.46933208971613
HN_P,4,2018,3034,1,0.283322722723407
HN_SIL,4,2018,3034,3,14.5672686606678
KA_BR,4,2018,3034,392,704.076337579902
KA_BR_HSA,4,2018,3034,88,339.4284567226
KA_G,4,2018,3034,88,130.708876902317
KA_G_COIN,4,2018,3034,170,217.966730357075
KA_P,4,2018,3034,48,49.3159427397083
KA_SIL,4,2018,3034,530,493.815860404414
Small_BR,4,2018,3034,382,119.630849948396
Small_G,4,2018,3034,19,45.7566635650499
Small_P,4,2018,3034,12,16.3714527554423
Small_SIL,4,2018,3034,582,276.466387660313
BS_BR,4,2019,2599,102,140.296822762811
BS_BR_HSA,4,2019,2599,34,72.3709590691095
BS_G,4,2019,2599,45,3.4221712823313
BS_G3,4,2019,2599,5,3.62008797930426
BS_P,4,2019,2599,19,0.117032790256953
BS_P3,4,2019,2599,0,0.0885757002998894
BS_SIL,4,2019,2599,317,54.8223231849737
BS_SIL3,4,2019,2599,38,75.013954496728
HN_BR,4,2019,2599,2,52.1198189406093
HN_G,4,2019,2599,0,0.408042137033441
HN_P,4,2019,2599,1,0.0671408094563587
HN_SIL,4,2019,2599,1,4.65042457975738
KA_BR,4,2019,2599,364,645.322907737227
KA_BR_HSA,4,2019,2599,78,351.378129223397
KA_G,4,2019,2599,62,60.5307840374711
KA_G_COIN,4,2019,2599,101,115.108623038633
KA_P,4,2019,2599,40,23.0314129685659
KA_SIL,4,2019,2599,539,567.4305880349
Small_BR,4,2019,2599,375,122.141762494169
Small_G,4,2019,2599,24,41.1625429790274
Small_P,4,2019,2599,5,14.0503643789188
Small_SIL,4,2019,2599,447,251.845531375019
ANT_BR,5,2014,1628,38,88.9373870307447
ANT_BR_HSA,5,2014,1628,4,41.3998372192268
ANT_G,5,2014,1628,6,13.3824700282084
ANT_P,5,2014,1628,4,4.20017126957798
ANT_SIL,5,2014,1628,78,165.78354701931
BS_BR,5,2014,1628,41,100.157816091628
BS_BR_HSA,5,2014,1628,8,50.4371904189093
BS_G,5,2014,1628,30,37.7201679023945
BS_P,5,2014,1628,26,13.9985500659839
BS_SIL,5,2014,1628,550,369.346050710038
HN_BR,5,2014,1628,8,67.1207440659071
HN_G,5,2014,1628,3,5.74413931835776
HN_P,5,2014,1628,1,1.33195387208716
HN_SIL,5,2014,1628,8,72.1607580301468
KA_BR,5,2014,1628,188,136.140308306772
KA_G,5,2014,1628,30,22.5460564416197
KA_P,5,2014,1628,31,13.0520792350535
KA_SIL,5,2014,1628,519,290.537877409556
Small_BR,5,2014,1628,12,26.4900438033745
Small_G,5,2014,1628,3,12.4548679712454
Small_P,5,2014,1628,1,5.22644649629036
Small_SIL,5,2014,1628,39,89.8315372935676
ANT_BR,5,2015,2929,58,175.155325865391
ANT_BR_HSA,5,2015,2929,10,81.1295023471909
ANT_G,5,2015,2929,5,18.9214852296131
ANT_P,5,2015,2929,3,5.00405146427117
ANT_SIL,5,2015,2929,84,288.06171554729
BS_BR,5,2015,2929,103,205.023461600447
BS_BR_HSA,5,2015,2929,29,104.227227833793
BS_G,5,2015,2929,70,63.5214642935074
BS_P,5,2015,2929,41,22.5106136159155
BS_SIL,5,2015,2929,865,651.87756391065
HN_BR,5,2015,2929,7,121.765930686655
HN_G,5,2015,2929,0,8.97443426390952
HN_P,5,2015,2929,0,1.88080998913048
HN_SIL,5,2015,2929,7,120.387101764649
KA_BR,5,2015,2929,530,313.0011847229
KA_G,5,2015,2929,61,50.9090844373507
KA_P,5,2015,2929,78,30.6892641155078
KA_SIL,5,2015,2929,978,665.959778311828
ANT_BR,5,2016,3168,41,162.538914132203
ANT_BR_HSA,5,2016,3168,33,103.410828346262
ANT_G,5,2016,3168,5,10.4695393359439
ANT_P,5,2016,3168,4,2.59505220325879
ANT_SIL,5,2016,3168,69,223.048938207298
BS_BR,5,2016,3168,117,192.614772141162
BS_BR_HSA,5,2016,3168,19,88.3755135012398
BS_G,5,2016,3168,75,39.1903256580136
BS_P,5,2016,3168,26,5.0792272896587
BS_SIL,5,2016,3168,985,726.265138907201
HN_BR,5,2016,3168,8,148.312802394993
HN_G,5,2016,3168,3,14.0974497319884
HN_P,5,2016,3168,6,3.52651969802696
HN_SIL,5,2016,3168,17,272.425241056185
KA_BR,5,2016,3168,441,298.184963447359
KA_BR_HSA,5,2016,3168,113,155.220913421484
KA_G,5,2016,3168,56,53.7487869984636
KA_P,5,2016,3168,70,28.6342936545414
KA_SIL,5,2016,3168,1080,640.260779874721
ANT_BR,5,2017,3237,27,146.439070578201
ANT_BR_HSA,5,2017,3237,16,76.3278346755253
ANT_G,5,2017,3237,0,3.04021127473118
ANT_P,5,2017,3237,2,0.620983199034414
ANT_SIL,5,2017,3237,34,92.6647007671374
BS_BR,5,2017,3237,69,138.15189637519
BS_BR_HSA,5,2017,3237,36,76.3074944117636
BS_G,5,2017,3237,38,17.7629557588942
BS_G3,5,2017,3237,0,2.82064469622742
BS_P,5,2017,3237,9,1.68015676485799
BS_P3,5,2017,3237,0,0.397070783471075
BS_SIL,5,2017,3237,801,393.27189777691
BS_SIL3,5,2017,3237,0,57.3030304783643
HN_BR,5,2017,3237,8,115.635861022912
HN_G,5,2017,3237,2,5.4981552966489
HN_P,5,2017,3237,0,1.10767695623186
HN_SIL,5,2017,3237,18,137.394771658554
KA_BR,5,2017,3237,433,423.314988747477
KA_BR_HSA,5,2017,3237,86,196.799100808669
KA_G,5,2017,3237,71,101.501434827118
KA_G_COIN,5,2017,3237,46,147.854818855192
KA_P,5,2017,3237,63,43.2107071977173
KA_SIL,5,2017,3237,1478,1057.89453708917
BS_BR,5,2018,3254,81,169.620789191604
BS_BR_HSA,5,2018,3254,23,84.9726243469416
BS_G,5,2018,3254,43,13.6596817613896
BS_G3,5,2018,3254,2,2.76785467372259
BS_P,5,2018,3254,9,1.06114331716703
BS_P3,5,2018,3254,0,0.316118410357457
BS_SIL,5,2018,3254,591,190.764114805962
BS_SIL3,5,2018,3254,3,51.661282492894
HN_BR,5,2018,3254,6,120.917066399593
HN_G,5,2018,3254,1,5.86239700028864
HN_P,5,2018,3254,1,1.24151934323352
HN_SIL,5,2018,3254,15,53.962154676251
KA_BR,5,2018,3254,340,454.61382912765
KA_BR_HSA,5,2018,3254,81,218.344462030592
KA_G,5,2018,3254,290,294.240909676609
KA_G_COIN,5,2018,3254,296,376.425419023543
KA_P,5,2018,3254,269,146.801813820271
KA_SIL,5,2018,3254,1203,1066.76681990193
BS_BR,5,2019,2439,65,130.851822758557
BS_BR_HSA,5,2019,2439,25,64.4560695628802
BS_G,5,2019,2439,32,8.34435957612596
BS_G3,5,2019,2439,1,1.71353297072333
BS_P,5,2019,2439,10,0.382711042914281
BS_P3,5,2019,2439,0,0.112881748100789
BS_SIL,5,2019,2439,395,128.398076653631
BS_SIL3,5,2019,2439,3,35.6623246660194
HN_BR,5,2019,2439,3,80.5991472199658
HN_G,5,2019,2439,1,1.58415707407004
HN_P,5,2019,2439,1,0.289261326490405
HN_SIL,5,2019,2439,7,16.4980342335592
KA_BR,5,2019,2439,269,333.985738197807
KA_BR_HSA,5,2019,2439,71,169.544845243533
KA_G,5,2019,2439,219,151.348519243092
KA_G_COIN,5,2019,2439,209,234.049359799312
KA_P,5,2019,2439,192,71.8328118746824
KA_SIL,5,2019,2439,936,1009.34634680854
ANT_BR,6,2014,2683,183,182.244956612695
ANT_BR_HSA,6,2014,2683,17,85.0328979541244
ANT_G,6,2014,2683,33,30.9296737933235
ANT_P,6,2014,2683,30,9.77402110964579
ANT_SIL,6,2014,2683,507,387.564959179528
BS_BR,6,2014,2683,95,208.490616409635
BS_BR_HSA,6,2014,2683,33,103.982816857103
BS_G,6,2014,2683,48,92.3890205192775
BS_P,6,2014,2683,22,34.1383317269699
BS_SIL,6,2014,2683,664,874.576637792016
KA_BR,6,2014,2683,249,219.580846049719
KA_G,6,2014,2683,43,29.3911716857956
KA_P,6,2014,2683,54,16.6791384834079
KA_SIL,6,2014,2683,705,408.224911826758
ANT_BR,6,2015,5090,321,345.596518295554
ANT_BR_HSA,6,2015,5090,26,160.749093520374
ANT_G,6,2015,5090,40,44.0773922826294
ANT_P,6,2015,5090,30,11.8126205355156
ANT_SIL,6,2015,5090,719,672.535948510073
BS_BR,6,2015,5090,128,392.771879214258
BS_BR_HSA,6,2015,5090,53,197.994656477543
BS_G,6,2015,5090,67,142.521027734754
BS_P,6,2015,5090,34,50.2948106182051
BS_SIL,6,2015,5090,1154,1454.81491296671
KA_BR,6,2015,5090,773,483.446383469246
KA_G,6,2015,5090,86,73.1611578952447
KA_P,6,2015,5090,83,43.2748584740096
KA_SIL,6,2015,5090,1576,1016.94874000588
ANT_BR,6,2016,5450,187,315.649976948505
ANT_BR_HSA,6,2016,5450,48,198.024174386635
ANT_G,6,2016,5450,18,19.9256786555927
ANT_P,6,2016,5450,11,5.07891879870958
ANT_SIL,6,2016,5450,324,435.372182627027
BS_BR,6,2016,5450,195,425.029215864681
BS_BR_HSA,6,2016,5450,35,195.895236897777
BS_G,6,2016,5450,83,99.1724819752144
BS_P,6,2016,5450,32,13.0410594442282
BS_SIL,6,2016,5450,1797,1804.67181987633
KA_BR,6,2016,5450,753,512.36892531326
KA_BR_HSA,6,2016,5450,185,266.533772662822
KA_G,6,2016,5450,88,82.6180877008647
KA_P,6,2016,5450,119,43.1779225911187
KA_SIL,6,2016,5450,1575,1033.44054625722
ANT_BR,6,2017,5307,83,234.231684808
ANT_BR_HSA,6,2017,5307,23,125.872589851169
ANT_G,6,2017,5307,2,3.8368050722874
ANT_P,6,2017,5307,6,0.73862619019201
ANT_SIL,6,2017,5307,134,119.943507362593
BS_BR,6,2017,5307,202,343.14010786986
BS_BR_HSA,6,2017,5307,62,190.406926338121
BS_G,6,2017,5307,57,49.8590578351357
BS_G3,6,2017,5307,0,29.955400368947
BS_P,6,2017,5307,23,4.78680359206065
BS_P3,6,2017,5307,0,4.09095930336067
BS_SIL,6,2017,5307,1488,1033.33802188156
BS_SIL3,6,2017,5307,1,508.660451039851
KA_BR,6,2017,5307,943,768.075317067155
KA_BR_HSA,6,2017,5307,159,355.067216661124
KA_G,6,2017,5307,78,108.504369148372
KA_G_COIN,6,2017,5307,56,159.910698079533
KA_P,6,2017,5307,89,45.2811648952478
KA_SIL,6,2017,5307,1901,1221.30029263544
BS_BR,6,2018,5381,283,459.546928390911
BS_BR_HSA,6,2018,5381,73,234.669695056786
BS_G,6,2018,5381,59,29.7837628273215
BS_G3,6,2018,5381,7,23.8660287184942
BS_P,6,2018,5381,16,2.08074591696125
BS_P3,6,2018,5381,0,1.40973120236377
BS_SIL,6,2018,5381,879,399.92675131608
BS_SIL3,6,2018,5381,182,414.90443213988
KA_BR,6,2018,5381,1059,1175.16368443578
KA_BR_HSA,6,2018,5381,193,565.333906225856
KA_G,6,2018,5381,297,308.189053263232
KA_G_COIN,6,2018,5381,506,487.975341119745
KA_P,6,2018,5381,152,124.919763166936
KA_SIL,6,2018,5381,1675,1153.23017621966
BS_BR,6,2019,4118,185,309.658512208952
BS_BR_HSA,6,2019,4118,56,155.611190369521
BS_G,6,2019,4118,47,13.5396031498064
BS_G3,6,2019,4118,9,18.7376625624316
BS_P,6,2019,4118,11,0.51385920103837
BS_P3,6,2019,4118,0,0.566505615557212
BS_SIL,6,2019,4118,554,199.113294561816
BS_SIL3,6,2019,4118,150,341.696876837984
KA_BR,6,2019,4118,764,878.562385993608
KA_BR_HSA,6,2019,4118,192,457.124351096506
KA_G,6,2019,4118,158,144.341425705962
KA_G_COIN,6,2019,4118,302,265.746359507207
KA_P,6,2019,4118,112,57.3411486013156
KA_SIL,6,2019,4118,1578,1275.44682458829
ANT_BR,7,2014,2748,519,227.953823592098
ANT_BR_HSA,7,2014,2748,45,106.221713576511
ANT_G,7,2014,2748,30,41.2120366179736
ANT_G3,7,2014,2748,4,14.8772643112621
ANT_P,7,2014,2748,18,12.9628304302783
ANT_P3,7,2014,2748,1,5.121648417602
ANT_SIL,7,2014,2748,991,501.675712850968
ANT_SIL3,7,2014,2748,117,248.339629060896
BS_BR,7,2014,2748,29,118.541578464815
BS_BR_HSA,7,2014,2748,12,61.3330918597276
BS_G,7,2014,2748,22,27.7671342637237
BS_P,7,2014,2748,17,9.31004208033954
BS_SIL,7,2014,2748,209,309.021328050159
HN_BR,7,2014,2748,47,150.108218609902
HN_G,7,2014,2748,4,12.9511477972654
HN_P,7,2014,2748,3,2.89810496057789
HN_SIL,7,2014,2748,36,166.299854473182
KA_BR,7,2014,2748,150,184.204731329747
KA_G,7,2014,2748,24,16.806764102534
KA_P,7,2014,2748,27,9.26368625913691
KA_SIL,7,2014,2748,358,249.91850198721
Small_BR,7,2014,2748,26,80.0925085595862
Small_G,7,2014,2748,5,18.9930201998447
Small_P,7,2014,2748,3,6.7705226106436
Small_SIL,7,2014,2748,51,165.355105534017
ANT_BR,7,2015,5256,990,438.449858140568
ANT_BR_HSA,7,2015,5256,71,204.41738706013
ANT_G,7,2015,5256,44,70.8961114171081
ANT_G3,7,2015,5256,4,16.8255743235284
ANT_P,7,2015,5256,13,19.6102741109793
ANT_P3,7,2015,5256,2,4.89138990788152
ANT_SIL,7,2015,5256,1700,1017.66064889073
ANT_SIL3,7,2015,5256,163,352.556942989001
BS_BR,7,2015,5256,62,183.420563442963
BS_BR_HSA,7,2015,5256,18,95.9337455360567
BS_G,7,2015,5256,57,37.0158044685773
BS_P,7,2015,5256,35,11.7510628076836
BS_SIL,7,2015,5256,412,436.164954819013
HN_BR,7,2015,5256,35,225.134450151421
HN_G,7,2015,5256,5,16.9353165919911
HN_P,7,2015,5256,3,3.42748422991728
HN_SIL,7,2015,5256,24,231.448763546829
KA_BR,7,2015,5256,405,444.830608729185
KA_G,7,2015,5256,57,56.5983769112783
KA_P,7,2015,5256,77,33.1527411838936
KA_SIL,7,2015,5256,906,807.93431669617
Small_BR,7,2015,5256,58,161.859150416238
Small_G,7,2015,5256,3,33.9903003435316
Small_P,7,2015,5256,4,10.8912772809355
Small_SIL,7,2015,5256,108,340.202896004384
ANT_BR,7,2016,5536,875,466.035060563131
ANT_BR_HSA,7,2016,5536,239,273.741519211022
ANT_G,7,2016,5536,34,45.2164581654168
ANT_G3,7,2016,5536,0,8.08143043503474
ANT_P,7,2016,5536,16,11.4481960912735
ANT_P3,7,2016,5536,0,2.01766213973652
ANT_SIL,7,2016,5536,1495,905.348962139355
ANT_SIL3,7,2016,5536,75,191.659225782969
BS_BR,7,2016,5536,64,128.610796670704
BS_BR_HSA,7,2016,5536,12,57.6268895362274
BS_G,7,2016,5536,35,14.4928161451589
BS_P,7,2016,5536,9,1.43450174057226
BS_SIL,7,2016,5536,396,353.77010621622
HN_BR,7,2016,5536,26,264.499240409749
HN_G,7,2016,5536,4,22.4696038939004
HN_P,7,2016,5536,6,5.2560774997855
HN_SIL,7,2016,5536,53,465.95081037327
KA_BR,7,2016,5536,487,464.960923870251
KA_BR_HSA,7,2016,5536,98,245.117311158022
KA_G,7,2016,5536,76,65.5161835949789
KA_P,7,2016,5536,84,33.5188189134741
KA_SIL,7,2016,5536,1087,848.245378279849
Small_BR,7,2016,5536,94,194.312832520387
Small_G,7,2016,5536,12,39.8294836041729
Small_P,7,2016,5536,8,15.3371043306854
Small_SIL,7,2016,5536,251,411.502606714653
ANT_BR,7,2017,5205,628,505.862185811261
ANT_BR_HSA,7,2017,5205,154,256.528516894193
ANT_G,7,2017,5205,21,29.3934720492502
ANT_G3,7,2017,5205,1,9.38006944002133
ANT_P,7,2017,5205,7,5.70259076763136
ANT_P3,7,2017,5205,0,1.56016398476903
ANT_SIL,7,2017,5205,935,718.039753135001
ANT_SIL3,7,2017,5205,49,186.73884356742
BS_BR,7,2017,5205,38,46.983032607319
BS_BR_HSA,7,2017,5205,14,29.1660383962471
BS_G,7,2017,5205,12,3.81479087322699
BS_G3,7,2017,5205,0,10.7751525037564
BS_P,7,2017,5205,3,0.306603783858546
BS_P3,7,2017,5205,0,1.38716801640349
BS_SIL,7,2017,5205,309,99.6730781786651
BS_SIL3,7,2017,5205,31,197.813015997477
HN_BR,7,2017,5205,20,148.560213078024
HN_G,7,2017,5205,2,5.73872315083334
HN_P,7,2017,5205,2,1.10575162840915
HN_SIL,7,2017,5205,50,145.546910297708
KA_BR,7,2017,5205,573,545.165201215781
KA_BR_HSA,7,2017,5205,91,251.723743629793
KA_G,7,2017,5205,63,73.2993340627428
KA_G_COIN,7,2017,5205,23,108.357869151925
KA_P,7,2017,5205,63,30.3055721226894
KA_SIL,7,2017,5205,1250,832.86730061549
Small_BR,7,2017,5205,248,232.250811930632
Small_G,7,2017,5205,19,62.9806307902063
Small_P,7,2017,5205,10,23.4257543109442
Small_SIL,7,2017,5205,589,640.547708008328
ANT_BR,7,2018,5235,443,571.528462059514
ANT_BR_HSA,7,2018,5235,75,213.340191101087
ANT_G,7,2018,5235,14,10.2631651594733
ANT_P,7,2018,5235,1,1.12448761126808
ANT_SIL,7,2018,5235,460,241.134447859347
BS_BR,7,2018,5235,63,92.8802768814546
BS_BR_HSA,7,2018,5235,18,51.3026482890437
BS_G,7,2018,5235,14,2.45503566595675
BS_G3,7,2018,5235,4,10.2646147994539
BS_P,7,2018,5235,3,0.32267092600265
BS_P3,7,2018,5235,0,0.568997293679644
BS_SIL,7,2018,5235,201,33.5190036341416
BS_SIL3,7,2018,5235,90,188.874174796548
KA_BR,7,2018,5235,573,786.932434197476
KA_BR_HSA,7,2018,5235,107,378.029336508692
KA_G,7,2018,5235,153,181.687261012227
KA_G_COIN,7,2018,5235,270,294.163095018429
KA_P,7,2018,5235,99,72.2506947448102
KA_SIL,7,2018,5235,1063,681.359019717101
Small_BR,7,2018,5235,351,376.552319699446
Small_G,7,2018,5235,89,123.554042715836
Small_P,7,2018,5235,19,34.0345101650209
Small_SIL,7,2018,5235,1125,888.859110143993
ANT_BR,7,2019,4536,341,477.064785851334
ANT_BR_HSA,7,2019,4536,48,221.132119863389
ANT_G,7,2019,4536,9,17.8353310257879
ANT_P,7,2019,4536,2,1.34076867828126
ANT_SIL,7,2019,4536,262,203.304583428176
BS_BR,7,2019,4536,47,35.4948374574253
BS_BR_HSA,7,2019,4536,17,18.7823504798235
BS_G,7,2019,4536,19,0.958627356035915
BS_G3,7,2019,4536,9,6.77437856352581
BS_P,7,2019,4536,2,0.179288189745617
BS_P3,7,2019,4536,0,0.262985194444962
BS_SIL,7,2019,4536,139,13.2903943794055
BS_SIL3,7,2019,4536,62,123.443345795312
KA_BR,7,2019,4536,464,594.554167664704
KA_BR_HSA,7,2019,4536,92,308.081623564563
KA_G,7,2019,4536,82,68.3039227239035
KA_G_COIN,7,2019,4536,163,125.28851341102
KA_P,7,2019,4536,73,27.4266643897452
KA_SIL,7,2019,4536,936,603.011781300919
Small_BR,7,2019,4536,391,421.963176079478
Small_G,7,2019,4536,106,97.6295533780817
Small_P,7,2019,4536,22,25.1028737651981
Small_SIL,7,2019,4536,1250,1144.7739274597
ANT_BR,8,2014,1097,42,73.989099269842
ANT_BR_HSA,8,2014,1097,10,34.3762967365918
ANT_G,8,2014,1097,8,8.89380511838921
ANT_P,8,2014,1097,4,2.53839313362229
ANT_SIL,8,2014,1097,84,126.986547543644
BS_BR,8,2014,1097,14,55.4334918317403
BS_BR_HSA,8,2014,1097,7,28.4084323506504
BS_G,8,2014,1097,24,12.2709576104688
BS_P,8,2014,1097,11,3.91533593709612
BS_SIL,8,2014,1097,175,147.037315391196
HN_BR,8,2014,1097,23,53.5154307341899
HN_G,8,2014,1097,0,3.30189320972186
HN_P,8,2014,1097,3,0.720333517634682
HN_SIL,8,2014,1097,17,47.5732130260606
KA_BR,8,2014,1097,131,106.514089942417
KA_G,8,2014,1097,22,12.6606100372085
KA_P,8,2014,1097,25,6.90803932969327
KA_SIL,8,2014,1097,349,194.091439028324
Small_BR,8,2014,1097,43,50.3343280529707
Small_G,8,2014,1097,0,4.67113438942603
Small_P,8,2014,1097,0,1.96469811449962
Small_SIL,8,2014,1097,105,120.895115694614
ANT_BR,8,2015,1938,100,151.417237733911
ANT_BR_HSA,8,2015,1938,18,70.32137394393
ANT_G,8,2015,1938,14,16.6235521283991
ANT_P,8,2015,1938,6,4.08976102643063
ANT_SIL,8,2015,1938,171,276.336561074851
BS_BR,8,2015,1938,40,90.7983469660261
BS_BR_HSA,8,2015,1938,7,47.0795411513867
BS_G,8,2015,1938,38,17.5021075542183
BS_P,8,2015,1938,18,5.30625326775158
BS_SIL,8,2015,1938,301,216.582008227463
HN_BR,8,2015,1938,12,82.1427265525604
HN_G,8,2015,1938,2,4.51982687487015
HN_P,8,2015,1938,1,0.826050245609533
HN_SIL,8,2015,1938,10,68.7975437853033
KA_BR,8,2015,1938,290,205.957845817115
KA_G,8,2015,1938,30,25.6631497630192
KA_P,8,2015,1938,40,14.7099288012377
KA_SIL,8,2015,1938,649,390.985189229506
Small_BR,8,2015,1938,80,84.4525349098229
Small_G,8,2015,1938,1,5.01639524523761
Small_P,8,2015,1938,1,2.00193135631873
Small_SIL,8,2015,1938,109,156.870134345032
ANT_BR,8,2016,2025,124,171.288381494838
ANT_BR_HSA,8,2016,2025,41,103.711514094872
ANT_G,8,2016,2025,11,11.8042349669301
ANT_P,8,2016,2025,5,2.7635681521426
ANT_SIL,8,2016,2025,217,277.864655238272
BS_BR,8,2016,2025,45,53.4077263031908
BS_BR_HSA,8,2016,2025,5,23.8275256962631
BS_G,8,2016,2025,27,5.00404148256645
BS_P,8,2016,2025,5,0.523670752505327
BS_SIL,8,2016,2025,238,135.533770759267
HN_BR,8,2016,2025,12,68.7187036500612
HN_G,8,2016,2025,2,3.18218275145272
HN_P,8,2016,2025,2,0.712161823087052
HN_SIL,8,2016,2025,21,81.6380295013909
KA_BR,8,2016,2025,257,207.368398269764
KA_BR_HSA,8,2016,2025,67,108.733659728888
KA_G,8,2016,2025,41,27.3021579280146
KA_P,8,2016,2025,33,13.5273241684811
KA_SIL,8,2016,2025,662,382.20059503996
Small_BR,8,2016,2025,69,96.0967993906146
Small_G,8,2016,2025,0,8.16042871563888
Small_P,8,2016,2025,0,3.36807307540748
Small_SIL,8,2016,2025,141,238.262397016391
ANT_BR,8,2017,1980,78,162.948088395037
ANT_BR_HSA,8,2017,1980,24,84.845709716547
ANT_G,8,2017,1980,4,3.64870997719742
ANT_P,8,2017,1980,3,0.693215049481898
ANT_SIL,8,2017,1980,94,118.604549568515
BS_BR,8,2017,1980,31,37.5025172308702
BS_BR_HSA,8,2017,1980,13,23.3945269801332
BS_G,8,2017,1980,11,2.68652586389328
BS_G3,8,2017,1980,0,1.23924450269472
BS_P,8,2017,1980,2,0.245348461864974
BS_P3,8,2017,1980,0,0.158130285614493
BS_SIL,8,2017,1980,217,75.7083159926081
BS_SIL3,8,2017,1980,3,28.0280363926935
HN_BR,8,2017,1980,13,39.5194313517701
HN_G,8,2017,1980,0,0.903140986774057
HN_P,8,2017,1980,1,0.179379428745289
HN_SIL,8,2017,1980,23,26.5505959488928
KA_BR,8,2017,1980,327,317.26692449499
KA_BR_HSA,8,2017,1980,43,146.632536767241
KA_G,8,2017,1980,32,43.1689352976849
KA_G_COIN,8,2017,1980,27,65.3707927832947
KA_P,8,2017,1980,38,16.9099533551075
KA_SIL,8,2017,1980,838,519.515633562754
Small_BR,8,2017,1980,60,83.4854621684481
Small_G,8,2017,1980,1,7.865072401996
Small_P,8,2017,1980,1,3.00833216730058
Small_SIL,8,2017,1980,96,169.92089086785
BS_BR,8,2018,1903,72,100.311894208671
BS_BR_HSA,8,2018,1903,15,52.0890268959821
BS_G,8,2018,1903,20,3.19182946549503
BS_G3,8,2018,1903,2,1.9666869884618
BS_P,8,2018,1903,3,0.193537225541055
BS_P3,8,2018,1903,0,0.110018338662127
BS_SIL,8,2018,1903,204,48.9348621075396
BS_SIL3,8,2018,1903,19,41.6044250120525
HN_BR,8,2018,1903,4,46.9570730921968
HN_G,8,2018,1903,1,0.701133298865571
HN_P,8,2018,1903,0,0.1478079529811
HN_SIL,8,2018,1903,1,6.2125222149973
KA_BR,8,2018,1903,312,412.33201246299
KA_BR_HSA,8,2018,1903,68,198.319184820003
KA_G,8,2018,1903,139,118.687265740105
KA_G_COIN,8,2018,1903,173,183.467029253376
KA_P,8,2018,1903,86,46.9292915848032
KA_SIL,8,2018,1903,629,444.383140437234
Small_BR,8,2018,1903,56,52.8572443150186
Small_G,8,2018,1903,6,19.4466629444666
Small_P,8,2018,1903,1,6.72704517149176
Small_SIL,8,2018,1903,92,117.430306469067
BS_BR,8,2019,1343,49,52.9103133877227
BS_BR_HSA,8,2019,1343,10,27.3259975985947
BS_G,8,2019,1343,13,1.10273080598246
BS_G3,8,2019,1343,0,1.18510081032953
BS_P,8,2019,1343,0,0.115825070553036
BS_P3,8,2019,1343,0,0.0789106936763313
BS_SIL,8,2019,1343,146,18.1545357105656
BS_SIL3,8,2019,1343,11,26.6147746660602
HN_BR,8,2019,1343,1,18.5649808512762
HN_G,8,2019,1343,2,0.188244060607879
HN_P,8,2019,1343,0,0.0745693143839679
HN_SIL,8,2019,1343,1,1.51775330099985
KA_BR,8,2019,1343,237,306.746257868286
KA_BR_HSA,8,2019,1343,36,159.224444154867
KA_G,8,2019,1343,65,47.286705657447
KA_G_COIN,8,2019,1343,96,88.3849931544712
KA_P,8,2019,1343,44,17.7799157553949
KA_SIL,8,2019,1343,528,429.517461822549
Small_BR,8,2019,1343,39,41.7614251703979
Small_G,8,2019,1343,3,13.9543355714622
Small_P,8,2019,1343,1,4.48277817730696
Small_SIL,8,2019,1343,61,86.0279463970652
ANT_BR,9,2014,1738,216,123.345109503476
ANT_BR_HSA,9,2014,1738,38,57.6125837164695
ANT_G,9,2014,1738,36,22.6535804642095
ANT_P,9,2014,1738,20,6.5330936181734
ANT_SIL,9,2014,1738,723,307.001529887352
BS_BR,9,2014,1738,63,145.120742187889
BS_BR_HSA,9,2014,1738,28,71.8532399673534
BS_G,9,2014,1738,29,79.7559475982619
BS_P,9,2014,1738,20,28.0143654921655
BS_SIL,9,2014,1738,435,675.648399703932
HN_BR,9,2014,1738,45,90.6115811116576
HN_G,9,2014,1738,3,8.62354944720968
HN_P,9,2014,1738,12,1.68871078066995
HN_SIL,9,2014,1738,70,119.53756652118
ANT_BR,9,2015,2870,637,269.358393295708
ANT_BR_HSA,9,2015,2870,71,125.278771749917
ANT_G,9,2015,2870,49,36.2019353705944
ANT_P,9,2015,2870,24,9.46760573139551
ANT_SIL,9,2015,2870,1095,555.976915634622
BS_BR,9,2015,2870,149,279.426258017786
BS_BR_HSA,9,2015,2870,48,141.462848109397
BS_G,9,2015,2870,52,97.6266892455905
BS_P,9,2015,2870,26,33.7250556451645
BS_SIL,9,2015,2870,683,1015.46432168898
HN_BR,9,2015,2870,13,148.507045222309
HN_G,9,2015,2870,1,10.1961521280512
HN_P,9,2015,2870,1,2.03316595447085
HN_SIL,9,2015,2870,21,145.274842206013
ANT_BR,9,2016,2893,568,307.71100401269
ANT_BR_HSA,9,2016,2893,213,181.397121110772
ANT_G,9,2016,2893,31,25.155013480459
ANT_P,9,2016,2893,12,5.93800893635933
ANT_SIL,9,2016,2893,969,567.581872640448
BS_BR,9,2016,2893,156,166.188385230402
BS_BR_HSA,9,2016,2893,39,75.5492000916753
BS_G,9,2016,2893,23,21.3401682792886
BS_P,9,2016,2893,7,2.08939848996773
BS_SIL,9,2016,2893,707,514.051737590415
HN_BR,9,2016,2893,42,236.331219714162
HN_G,9,2016,2893,2,24.4089727570953
HN_P,9,2016,2893,1,5.63009056886121
HN_SIL,9,2016,2893,98,519.2119057582
Small_BR,9,2016,2893,11,43.7794811602127
Small_G,9,2016,2893,2,14.817240983277
Small_P,9,2016,2893,1,1.71113682650961
Small_SIL,9,2016,2893,11,180.108042369207
ANT_BR,9,2017,2776,380,96.7695395424629
ANT_BR_HSA,9,2017,2776,120,50.6592153441991
ANT_G,9,2017,2776,10,2.28111243512256
ANT_P,9,2017,2776,4,0.355940596004975
ANT_SIL,9,2017,2776,350,88.9819757832047
BS_BR,9,2017,2776,166,49.8850324677354
BS_BR_HSA,9,2017,2776,48,28.076275864585
BS_G,9,2017,2776,24,4.89947817781785
BS_G3,9,2017,2776,4,38.5813466326354
BS_P,9,2017,2776,4,0.345794718267152
BS_P3,9,2017,2776,0,5.22867110183253
BS_SIL,9,2017,2776,875,151.55622898802
BS_SIL3,9,2017,2776,276,373.142646205962
HN_BR,9,2017,2776,24,85.4174206747566
HN_G,9,2017,2776,2,5.89931097983244
HN_P,9,2017,2776,0,1.00020860899204
HN_SIL,9,2017,2776,16,162.342019826891
KA_BR,9,2017,2776,198,311.996145282772
KA_BR_HSA,9,2017,2776,52,145.286109172433
KA_G,9,2017,2776,5,116.345281911423
KA_G_COIN,9,2017,2776,8,150.096640959874
KA_P,9,2017,2776,6,61.0427347170344
KA_SIL,9,2017,2776,204,845.810870008141
BS_BR,9,2018,2533,480,56.0000958472232
BS_BR_HSA,9,2018,2533,168,28.73148831439
BS_G,9,2018,2533,48,3.53780167920735
BS_G3,9,2018,2533,4,38.1405648007953
BS_P,9,2018,2533,8,0.197705417770225
BS_P3,9,2018,2533,0,2.20164769262097
BS_SIL,9,2018,2533,969,65.7751819880795
BS_SIL3,9,2018,2533,260,290.105843520976
HN_BR,9,2018,2533,36,148.787483250535
HN_G,9,2018,2533,4,53.0596333300281
HN_P,9,2018,2533,0,17.0016047339716
HN_SIL,9,2018,2533,16,285.743724742014
KA_BR,9,2018,2533,200,299.827633181142
KA_BR_HSA,9,2018,2533,63,143.949469361017
KA_G,9,2018,2533,39,173.121251042369
KA_G_COIN,9,2018,2533,52,214.228029965245
KA_P,9,2018,2533,13,105.867963883818
KA_SIL,9,2018,2533,173,606.722877248797
BS_BR,9,2019,2003,392,32.6626867516097
BS_BR_HSA,9,2019,2003,154,16.1263838492097
BS_G,9,2019,2003,35,1.68464628257841
BS_G3,9,2019,2003,9,44.3758361887928
BS_P,9,2019,2003,8,0.205297367557475
BS_P3,9,2019,2003,0,4.84373113063723
BS_SIL,9,2019,2003,784,42.6332812420601
BS_SIL3,9,2019,2003,178,237.240076555736
HN_BR,9,2019,2003,27,102.363273848931
HN_G,9,2019,2003,1,42.8585782172187
HN_P,9,2019,2003,0,18.884179730175
HN_SIL,9,2019,2003,12,217.288236137035
KA_BR,9,2019,2003,156,217.089927961021
KA_BR_HSA,9,2019,2003,42,111.771118158571
KA_G,9,2019,2003,20,120.337901502644
KA_G_COIN,9,2019,2003,36,144.76566011572
KA_P,9,2019,2003,7,94.7437678009526
KA_SIL,9,2019,2003,142,553.12541715955
ANT_BR,10,2014,3291,466,254.474586726245
ANT_BR_HSA,10,2014,3291,51,119.326252715047
ANT_G,10,2014,3291,51,78.6493318533098
ANT_P,10,2014,3291,26,27.7399807344666
ANT_SIL,10,2014,3291,1768,834.666013020016
BS_BR,10,2014,3291,32,162.930990993974
BS_BR_HSA,10,2014,3291,11,82.2988035414544
BS_G,10,2014,3291,27,54.3726443543944
BS_P,10,2014,3291,12,20.1942580438249
BS_SIL,10,2014,3291,280,536.249185116218
HN_BR,10,2014,3291,24,124.008971066504
HN_G,10,2014,3291,7,11.0722999938778
HN_P,10,2014,3291,2,2.70127445677707
HN_SIL,10,2014,3291,33,134.927585424044
KA_BR,10,2014,3291,108,248.047554692388
KA_G,10,2014,3291,19,42.3660416885347
KA_P,10,2014,3291,42,24.8038002811519
KA_SIL,10,2014,3291,332,532.170425297773
ANT_BR,10,2015,5574,738,458.783213858527
ANT_BR_HSA,10,2015,5574,72,215.215539997372
ANT_G,10,2015,5574,124,144.32865047621
ANT_P,10,2015,5574,47,47.6375903139167
ANT_SIL,10,2015,5574,3089,1649.44201827219
BS_BR,10,2015,5574,41,216.697382776757
BS_BR_HSA,10,2015,5574,10,110.730127831946
BS_G,10,2015,5574,24,59.8452157018541
BS_P,10,2015,5574,22,21.5995953142938
BS_SIL,10,2015,5574,379,609.088662220476
HN_BR,10,2015,5574,4,150.745925167998
HN_G,10,2015,5574,0,11.7392762527425
HN_P,10,2015,5574,1,2.73720503260273
HN_SIL,10,2015,5574,16,148.710633210696
KA_BR,10,2015,5574,242,446.101009827465
KA_G,10,2015,5574,38,94.5717111379647
KA_P,10,2015,5574,60,58.9783618879825
KA_SIL,10,2015,5574,667,1127.04788071901
ANT_BR,10,2016,6163,734,513.995592305922
ANT_BR_HSA,10,2016,6163,248,285.284054270664
ANT_G,10,2016,6163,99,95.4637823352399
ANT_P,10,2016,6163,49,28.0739707498884
ANT_SIL,10,2016,6163,3303,1546.2781226368
BS_BR,10,2016,6163,31,173.07113486063
BS_BR_HSA,10,2016,6163,5,78.0033985288651
BS_G,10,2016,6163,19,26.1560258062395
BS_P,10,2016,6163,6,3.1264005258249
BS_SIL,10,2016,6163,343,532.9363306482
HN_BR,10,2016,6163,5,165.358274029977
HN_G,10,2016,6163,0,12.2556729567436
HN_P,10,2016,6163,0,2.98027488199841
HN_SIL,10,2016,6163,14,249.232901289994
KA_BR,10,2016,6163,241,533.434773809473
KA_BR_HSA,10,2016,6163,50,273.630193196476
KA_G,10,2016,6163,41,129.937319307327
KA_P,10,2016,6163,63,71.4535964554834
KA_SIL,10,2016,6163,912,1442.32818140425
ANT_BR,10,2017,6103,630,581.207842899166
ANT_BR_HSA,10,2017,6103,211,289.206059355537
ANT_G,10,2017,6103,79,82.0467815769798
ANT_P,10,2017,6103,88,19.0159000469549
ANT_SIL,10,2017,6103,3267,1519.07677011624
BS_BR,10,2017,6103,17,97.9801259184024
BS_BR_HSA,10,2017,6103,11,58.6446019715617
BS_G,10,2017,6103,13,11.5766237737472
BS_G3,10,2017,6103,0,5.51615311461003
BS_P,10,2017,6103,5,1.27372810075119
BS_P3,10,2017,6103,1,0.823490999821446
BS_SIL,10,2017,6103,273,247.688567383406
BS_SIL3,10,2017,6103,2,98.3980856409468
HN_BR,10,2017,6103,11,81.4026015938828
HN_G,10,2017,6103,0,3.22849635160985
HN_P,10,2017,6103,0,0.752617507901344
HN_SIL,10,2017,6103,20,77.1420463724833
KA_BR,10,2017,6103,287,618.310234961331
KA_BR_HSA,10,2017,6103,50,288.239707714967
KA_G,10,2017,6103,45,161.5816846112
KA_G_COIN,10,2017,6103,28,227.279751854291
KA_P,10,2017,6103,54,73.812456689545
KA_SIL,10,2017,6103,1011,1558.79567144467
ANT_BR,10,2018,6941,627,452.699372745609
ANT_BR_HSA,10,2018,6941,128,180.051368087995
ANT_G,10,2018,6941,56,24.7258660165406
ANT_P,10,2018,6941,9,2.22317576670399
ANT_SIL,10,2018,6941,2468,583.977619798041
BS_BR,10,2018,6941,84,227.023883413225
BS_BR_HSA,10,2018,6941,31,114.050292870139
BS_G,10,2018,6941,28,14.3722103856768
BS_G3,10,2018,6941,1,9.11098175912908
BS_P,10,2018,6941,5,0.975351149168831
BS_P3,10,2018,6941,0,0.553695189416166
BS_SIL,10,2018,6941,425,213.538123086353
BS_SIL3,10,2018,6941,26,181.711798498279
HN_BR,10,2018,6941,15,144.165271245819
HN_G,10,2018,6941,2,4.27369370382848
HN_P,10,2018,6941,0,0.93049650553952
HN_SIL,10,2018,6941,13,41.0355209620955
KA_BR,10,2018,6941,309,701.451939128713
KA_BR_HSA,10,2018,6941,67,335.880480455625
KA_G,10,2018,6941,386,583.113224478702
KA_G_COIN,10,2018,6941,391,706.434894514404
KA_P,10,2018,6941,431,360.723884664187
KA_SIL,10,2018,6941,1439,2057.97685557481
ANT_BR,10,2019,6467,470,437.073628424104
ANT_BR_HSA,10,2019,6467,111,204.139969274649
ANT_G,10,2019,6467,100,58.340254328987
ANT_P,10,2019,6467,9,3.74095871199075
ANT_SIL,10,2019,6467,2248,643.677750073481
BS_BR,10,2019,6467,76,166.050511960953
BS_BR_HSA,10,2019,6467,28,83.6989827534935
BS_G,10,2019,6467,26,7.27024957501524
BS_G3,10,2019,6467,0,7.58390693744071
BS_P,10,2019,6467,6,0.540106163928368
BS_P3,10,2019,6467,1,0.346530797769547
BS_SIL,10,2019,6467,325,113.104508260087
BS_SIL3,10,2019,6467,25,151.295945519437
HN_BR,10,2019,6467,8,93.7989888859517
HN_G,10,2019,6467,0,1.46012965296427
HN_P,10,2019,6467,1,0.395251306285677
HN_SIL,10,2019,6467,5,14.1885858607338
KA_BR,10,2019,6467,316,655.422545268284
KA_BR_HSA,10,2019,6467,70,327.260801487996
KA_G,10,2019,6467,279,408.40286856467
KA_G_COIN,10,2019,6467,387,564.72812820488
KA_P,10,2019,6467,282,242.773673906938
KA_SIL,10,2019,6467,1694,2281.70572407996
ANT_BR,11,2014,1507,265,122.404403050804
ANT_BR_HSA,11,2014,1507,22,57.2896344559622
ANT_G,11,2014,1507,10,30.198115445149
ANT_G3,11,2014,1507,0,4.35718707614109
ANT_P,11,2014,1507,11,10.7736873947171
ANT_P3,11,2014,1507,1,1.53195119647481
ANT_SIL,11,2014,1507,361,315.981513549329
ANT_SIL3,11,2014,1507,12,68.9108395746046
BS_BR,11,2014,1507,22,104.173677222087
BS_BR_HSA,11,2014,1507,8,52.3753357339912
BS_G,11,2014,1507,24,41.9679123661765
BS_P,11,2014,1507,14,16.6940612780363
BS_SIL,11,2014,1507,564,378.737187362264
KA_BR,11,2014,1507,44,105.403497650131
KA_G,11,2014,1507,10,13.84434533717
KA_P,11,2014,1507,7,8.02869201220032
KA_SIL,11,2014,1507,132,174.327959294762
ANT_BR,11,2015,2648,385,192.336614398381
ANT_BR_HSA,11,2015,2648,44,89.8987680539241
ANT_G,11,2015,2648,22,41.6049165997348
ANT_G3,11,2015,2648,1,4.63447578930154
ANT_P,11,2015,2648,12,13.1675823659673
ANT_P3,11,2015,2648,1,1.39612885432949
ANT_SIL,11,2015,2648,960,505.324108023417
ANT_SIL3,11,2015,2648,14,89.684336234662
BS_BR,11,2015,2648,40,150.260385403858
BS_BR_HSA,11,2015,2648,10,76.002567579257
BS_G,11,2015,2648,27,54.8201041147205
BS_P,11,2015,2648,17,21.0171758594586
BS_SIL,11,2015,2648,444,514.247295293801
KA_BR,11,2015,2648,188,233.849770874447
KA_G,11,2015,2648,15,49.9077374182472
KA_P,11,2015,2648,25,31.3896422011189
KA_SIL,11,2015,2648,443,578.458390935376
ANT_BR,11,2016,3181,217,155.430504626005
ANT_BR_HSA,11,2016,3181,141,88.0027117603738
ANT_G,11,2016,3181,19,21.674237723077
ANT_G3,11,2016,3181,0,4.3208398340413
ANT_P,11,2016,3181,9,6.5134229486577
ANT_P3,11,2016,3181,0,1.28567374835352
ANT_SIL,11,2016,3181,554,344.221778995273
ANT_SIL3,11,2016,3181,3,80.2725170347875
BS_BR,11,2016,3181,108,176.782853947087
BS_BR_HSA,11,2016,3181,8,82.3319494380382
BS_G,11,2016,3181,38,65.8299354071095
BS_P,11,2016,3181,11,11.5150564327387
BS_SIL,11,2016,3181,1347,898.72213518869
HN_BR,11,2016,3181,1,72.4769207437025
HN_G,11,2016,3181,0,7.15189617966853
HN_P,11,2016,3181,0,1.93542056934239
HN_SIL,11,2016,3181,2,124.973535855773
KA_BR,11,2016,3181,126,189.366636905192
KA_BR_HSA,11,2016,3181,37,96.7715619174787
KA_G,11,2016,3181,16,44.654526296658
KA_P,11,2016,3181,26,25.3600537976903
KA_SIL,11,2016,3181,472,464.95266814576
Small_BR,11,2016,3181,9,28.8191423243662
Small_G,11,2016,3181,3,18.1353033849714
Small_P,11,2016,3181,2,3.21559767037004
Small_SIL,11,2016,3181,32,166.283119124794
ANT_BR,11,2017,3196,205,220.641999906806
ANT_BR_HSA,11,2017,3196,147,110.676372433466
ANT_G,11,2017,3196,15,19.9332263945852
ANT_G3,11,2017,3196,2,4.25755894250331
ANT_P,11,2017,3196,10,4.69104672243029
ANT_P3,11,2017,3196,1,0.830980867719727
ANT_SIL,11,2017,3196,422,372.579084713547
ANT_SIL3,11,2017,3196,16,70.8944010360634
BS_BR,11,2017,3196,68,181.95764665322
BS_BR_HSA,11,2017,3196,17,95.875282177699
BS_G,11,2017,3196,37,51.5634728295348
BS_P,11,2017,3196,8,7.19349637274591
BS_SIL,11,2017,3196,1471,755.763943313803
HN_BR,11,2017,3196,0,47.9898793843595
HN_G,11,2017,3196,1,2.59257414437099
HN_P,11,2017,3196,0,0.579833133850624
HN_SIL,11,2017,3196,1,54.5422009027066
KA_BR,11,2017,3196,165,278.122141552854
KA_BR_HSA,11,2017,3196,22,129.858319946449
KA_G,11,2017,3196,25,64.6579746966063
KA_G_COIN,11,2017,3196,16,89.8502237761028
KA_P,11,2017,3196,23,30.6583719217373
KA_SIL,11,2017,3196,524,600.28996817684
BS_BR,11,2018,3534,212,377.694213498928
BS_BR_HSA,11,2018,3534,84,187.199400442373
BS_G,11,2018,3534,93,103.411803695208
BS_P,11,2018,3534,15,7.6633900961724
BS_SIL,11,2018,3534,2010,1017.37634498958
KA_BR,11,2018,3534,322,465.634495439903
KA_BR_HSA,11,2018,3534,70,223.184090664629
KA_G,11,2018,3534,66,173.705417756617
KA_G_COIN,11,2018,3534,90,259.622002921953
KA_P,11,2018,3534,53,80.5703889280406
KA_SIL,11,2018,3534,519,637.938451566602
BS_BR,11,2019,3266,212,385.081887840199
BS_BR_HSA,11,2019,3266,75,187.775271288054
BS_G,11,2019,3266,88,127.618454848897
BS_P,11,2019,3266,9,9.92905881429753
BS_SIL,11,2019,3266,1967,1192.3855311066
KA_BR,11,2019,3266,207,363.857711069289
KA_BR_HSA,11,2019,3266,47,186.927429756313
KA_G,11,2019,3266,59,77.1999926069461
KA_G_COIN,11,2019,3266,68,127.129488684927
KA_P,11,2019,3266,39,36.3525119026931
KA_SIL,11,2019,3266,495,571.742662081789
ANT_BR,12,2014,2969,490,220.247204510245
ANT_BR_HSA,12,2014,2969,69,102.903341141525
ANT_G,12,2014,2969,59,49.2060624139107
ANT_P,12,2014,2969,25,17.0322415716953
ANT_SIL,12,2014,2969,787,535.690839096371
BS_BR,12,2014,2969,82,195.654510628884
BS_BR_HSA,12,2014,2969,20,98.4553141606604
BS_G,12,2014,2969,57,77.9203702071731
BS_P,12,2014,2969,32,30.4234089464811
BS_SIL,12,2014,2969,1142,718.316611735427
KA_BR,12,2014,2969,46,266.789418877164
KA_G,12,2014,2969,6,48.3943843100893
KA_P,12,2014,2969,10,28.7834979002648
KA_SIL,12,2014,2969,144,579.182794500112
ANT_BR,12,2015,5435,980,409.116297632421
ANT_BR_HSA,12,2015,5435,149,190.94494502832
ANT_G,12,2015,5435,102,74.8843321583042
ANT_P,12,2015,5435,56,22.3564692118039
ANT_SIL,12,2015,5435,1562,971.875491200962
BS_BR,12,2015,5435,148,347.69120999577
BS_BR_HSA,12,2015,5435,40,175.915606349685
BS_G,12,2015,5435,88,121.799427470862
BS_P,12,2015,5435,52,45.3214673001019
BS_SIL,12,2015,5435,1745,1179.14904190391
KA_BR,12,2015,5435,188,518.960170937064
KA_G,12,2015,5435,16,99.7332240321721
KA_P,12,2015,5435,27,61.5490850818871
KA_SIL,12,2015,5435,282,1215.70323169674
ANT_BR,12,2016,6003,625,333.040501085072
ANT_BR_HSA,12,2016,6003,350,193.895774257007
ANT_G,12,2016,6003,78,35.8589954185508
ANT_P,12,2016,6003,44,9.92538624884183
ANT_SIL,12,2016,6003,1221,646.378801342356
BS_BR,12,2016,6003,263,380.713335583624
BS_BR_HSA,12,2016,6003,36,176.66227950858
BS_G,12,2016,6003,105,117.617377632969
BS_P,12,2016,6003,36,17.9908101684798
BS_SIL,12,2016,6003,2704,1813.01753833393
KA_BR,12,2016,6003,138,448.648349901689
KA_BR_HSA,12,2016,6003,42,229.858703017057
KA_G,12,2016,6003,16,98.5328946402196
KA_P,12,2016,6003,25,54.2052054600482
KA_SIL,12,2016,6003,293,1096.06110798036
Small_BR,12,2016,6003,13,55.6729849937438
Small_G,12,2016,6003,0,26.0100615202136
Small_P,12,2016,6003,0,3.9565497291664
Small_SIL,12,2016,6003,14,264.953343178094
ANT_BR,12,2017,6061,623,316.509245772071
ANT_BR_HSA,12,2017,6061,337,161.165345290798
ANT_G,12,2017,6061,51,17.1375438624359
ANT_P,12,2017,6061,61,3.46848184600979
ANT_SIL,12,2017,6061,958,394.195765169626
BS_BR,12,2017,6061,209,260.151064530273
BS_BR_HSA,12,2017,6061,62,140.739895675082
BS_G,12,2017,6061,93,57.3060816900543
BS_G3,12,2017,6061,4,136.784039916371
BS_P,12,2017,6061,22,6.6337529730167
BS_P3,12,2017,6061,1,26.7062981018489
BS_SIL,12,2017,6061,2653,984.157898983258
BS_SIL3,12,2017,6061,208,1260.94430535388
KA_BR,12,2017,6061,248,512.673821023606
KA_BR_HSA,12,2017,6061,56,239.081315331446
KA_G,12,2017,6061,15,122.86221922842
KA_G_COIN,12,2017,6061,14,174.262035541565
KA_P,12,2017,6061,17,55.4992165261296
KA_SIL,12,2017,6061,429,1190.7216731841
BS_BR,12,2018,6178,700,484.334055312604
BS_BR_HSA,12,2018,6178,332,241.931245324247
BS_G,12,2018,6178,162,62.302130639852
BS_G3,12,2018,6178,119,217.149985900485
BS_P,12,2018,6178,40,4.05930507295626
BS_P3,12,2018,6178,2,15.8942253373272
BS_SIL,12,2018,6178,2816,711.558623522271
BS_SIL3,12,2018,6178,1289,1786.85739818247
KA_BR,12,2018,6178,226,743.579079116997
KA_BR_HSA,12,2018,6178,52,356.554799165822
KA_G,12,2018,6178,58,232.726519647133
KA_G_COIN,12,2018,6178,62,357.757154138065
KA_P,12,2018,6178,29,101.820772164075
KA_SIL,12,2018,6178,291,861.474706475697
BS_BR,12,2019,5401,612,465.605798140441
BS_BR_HSA,12,2019,5401,319,230.572056686294
BS_G,12,2019,5401,156,50.9272323318401
BS_G3,12,2019,5401,81,144.615039648575
BS_P,12,2019,5401,37,2.88613925455214
BS_P3,12,2019,5401,3,7.20023490583442
BS_SIL,12,2019,5401,2234,601.479062931698
BS_SIL3,12,2019,5401,1361,1467.44986941927
KA_BR,12,2019,5401,187,690.103326955529
KA_BR_HSA,12,2019,5401,60,356.504451736433
KA_G,12,2019,5401,31,123.215835684264
KA_G_COIN,12,2019,5401,37,213.756302558775
KA_P,12,2019,5401,20,53.6971763392176
KA_SIL,12,2019,5401,263,992.987473407272
ANT_BR,13,2014,395,144,20.8149917507529
ANT_BR_HSA,13,2014,395,16,9.67118441682111
ANT_G,13,2014,395,3,2.10045889621803
ANT_P,13,2014,395,0,0.567667243911301
ANT_SIL,13,2014,395,32,35.1855297668137
BS_BR,13,2014,395,44,16.6311935858013
BS_BR_HSA,13,2014,395,6,8.48214824073577
BS_G,13,2014,395,5,3.30671277782088
BS_P,13,2014,395,2,0.974098619542077
BS_SIL,13,2014,395,139,45.4286515744219
KA_BR,13,2014,395,0,33.1994758672679
KA_G,13,2014,395,1,19.6916262312923
KA_P,13,2014,395,0,10.7844059514694
KA_SIL,13,2014,395,3,188.161855077131
ANT_BR,13,2015,730,297,40.0720029196914
ANT_BR_HSA,13,2015,730,18,18.570632140099
ANT_G,13,2015,730,1,3.66071116187587
ANT_P,13,2015,730,5,0.732394883751731
ANT_SIL,13,2015,730,167,77.1892110062844
BS_BR,13,2015,730,79,25.9365166745248
BS_BR_HSA,13,2015,730,10,13.2797385932037
BS_G,13,2015,730,9,4.24544303828372
BS_P,13,2015,730,3,1.08887785157419
BS_SIL,13,2015,730,131,63.2511435693026
KA_BR,13,2015,730,2,67.8081418026945
KA_G,13,2015,730,0,39.0318199215524
KA_P,13,2015,730,1,22.8614472219706
KA_SIL,13,2015,730,7,352.271919215191
ANT_BR,13,2016,1119,131,47.4847561210528
ANT_BR_HSA,13,2016,1119,20,28.0444234055331
ANT_G,13,2016,1119,3,2.76356618571866
ANT_P,13,2016,1119,4,0.707948017821784
ANT_SIL,13,2016,1119,89,71.4324824679646
BS_BR,13,2016,1119,23,28.0143156158495
BS_BR_HSA,13,2016,1119,7,12.7774721800046
BS_G,13,2016,1119,6,3.08379585936646
BS_P,13,2016,1119,1,0.424466900635838
BS_SIL,13,2016,1119,149,82.433215452712
KA_BR,13,2016,1119,2,90.4184923387037
KA_BR_HSA,13,2016,1119,0,44.5793892993086
KA_G,13,2016,1119,0,30.7687017285869
KA_P,13,2016,1119,0,15.6089602641362
KA_SIL,13,2016,1119,1,319.822823256192
Small_BR,13,2016,1119,57,17.9335623231231
Small_G,13,2016,1119,206,53.2510149083317
Small_P,13,2016,1119,156,21.4007607035007
Small_SIL,13,2016,1119,264,248.049852971458
ANT_BR,13,2017,1581,82,77.5024775075988
ANT_BR_HSA,13,2017,1581,16,40.5386589647776
ANT_G,13,2017,1581,3,2.35336567365323
ANT_P,13,2017,1581,0,0.468634419350254
ANT_SIL,13,2017,1581,130,72.2691858815168
BS_BR,13,2017,1581,23,20.9165544398338
BS_BR_HSA,13,2017,1581,6,12.6377321236305
BS_G,13,2017,1581,3,1.69522406569931
BS_P,13,2017,1581,1,0.166079523426589
BS_SIL,13,2017,1581,72,44.419044953096
KA_BR,13,2017,1581,1,141.990821788067
KA_BR_HSA,13,2017,1581,0,66.9488803975739
KA_G,13,2017,1581,1,54.8095736431489
KA_G_COIN,13,2017,1581,0,77.2338871039938
KA_P,13,2017,1581,0,23.4603018134843
KA_SIL,13,2017,1581,0,454.315210408985
Small_BR,13,2017,1581,125,54.3585585016666
Small_G,13,2017,1581,251,61.8476713844069
Small_P,13,2017,1581,191,27.6458183354304
Small_SIL,13,2017,1581,676,345.42231907066
BS_BR,13,2018,1647,59,62.8046468935053
BS_BR_HSA,13,2018,1647,13,31.9603255857701
BS_G,13,2018,1647,7,2.82554876289271
BS_P,13,2018,1647,2,0.358635357705811
BS_SIL,13,2018,1647,163,43.5928574042495
KA_BR,13,2018,1647,1,150.568234148132
KA_BR_HSA,13,2018,1647,0,72.2710470254234
KA_G,13,2018,1647,0,143.427765874977
KA_G_COIN,13,2018,1647,1,197.105052273704
KA_P,13,2018,1647,1,78.9207218061267
KA_SIL,13,2018,1647,2,520.883209015989
Small_BR,13,2018,1647,173,50.7427627415589
Small_G,13,2018,1647,239,52.125947063288
Small_P,13,2018,1647,256,20.9753014438349
Small_SIL,13,2018,1647,730,218.437944602843
BS_BR,13,2019,1307,45,38.0371074480407
BS_BR_HSA,13,2019,1307,10,19.4494787419757
BS_G,13,2019,1307,4,1.69034494826335
BS_P,13,2019,1307,1,0.143432636844108
BS_SIL,13,2019,1307,122,25.6380614414352
KA_BR,13,2019,1307,2,132.52174099868
KA_BR_HSA,13,2019,1307,0,66.5766603137966
KA_G,13,2019,1307,0,65.5154937479476
KA_G_COIN,13,2019,1307,0,93.3448541438985
KA_P,13,2019,1307,1,31.2532577060218
KA_SIL,13,2019,1307,0,398.517664893639
Small_BR,13,2019,1307,108,52.3376977158073
Small_G,13,2019,1307,200,58.5279032142826
Small_P,13,2019,1307,211,19.6494824780098
Small_SIL,13,2019,1307,603,303.796819571359
ANT_BR,14,2014,968,155,66.7652435282601
ANT_BR_HSA,14,2014,968,15,31.2779828418045
ANT_G,14,2014,968,7,18.0853587277098
ANT_P,14,2014,968,4,6.67004410105015
ANT_SIL,14,2014,968,171,182.139010568762
BS_BR,14,2014,968,9,57.1135121190138
BS_BR_HSA,14,2014,968,5,28.6584042080538
BS_G,14,2014,968,26,24.7949827973421
BS_P,14,2014,968,20,10.140763818087
BS_SIL,14,2014,968,434,216.304801901772
HN_BR,14,2014,968,20,48.6850791359919
HN_G,14,2014,968,0,7.63815466394401
HN_P,14,2014,968,1,2.06653389300833
HN_SIL,14,2014,968,9,79.6225336529461
KA_BR,14,2014,968,18,61.0199557124608
KA_G,14,2014,968,2,9.38066602759813
KA_P,14,2014,968,12,5.58561687481891
KA_SIL,14,2014,968,60,112.051355427377
ANT_BR,14,2015,1738,321,127.212563799521
ANT_BR_HSA,14,2015,1738,27,59.5822964494812
ANT_G,14,2015,1738,25,31.3273217752701
ANT_P,14,2015,1738,11,10.3991474650353
ANT_SIL,14,2015,1738,632,360.394247544424
BS_BR,14,2015,1738,30,99.3596871419086
BS_BR_HSA,14,2015,1738,5,50.1196836309605
BS_G,14,2015,1738,32,38.7296288822162
BS_P,14,2015,1738,20,15.3978438853176
BS_SIL,14,2015,1738,373,350.078623482089
HN_BR,14,2015,1738,21,79.9597291311589
HN_G,14,2015,1738,0,11.6233407888484
HN_P,14,2015,1738,0,2.97153237835037
HN_SIL,14,2015,1738,12,125.695619387847
KA_BR,14,2015,1738,56,115.109563788103
KA_G,14,2015,1738,5,19.1581281821792
KA_P,14,2015,1738,15,11.9308761962219
KA_SIL,14,2015,1738,153,228.950166091068
ANT_BR,14,2016,1842,182,114.347961716482
ANT_BR_HSA,14,2016,1842,110,66.1208269333691
ANT_G,14,2016,1842,3,15.8863507546031
ANT_P,14,2016,1842,5,4.95360810971889
ANT_SIL,14,2016,1842,269,241.133079959016
BS_BR,14,2016,1842,50,110.001074922835
BS_BR_HSA,14,2016,1842,5,50.7429396045572
BS_G,14,2016,1842,38,33.1355156426396
BS_P,14,2016,1842,11,5.76062059168941
BS_SIL,14,2016,1842,877,466.375166171858
HN_BR,14,2016,1842,10,82.1142376039205
HN_G3,14,2016,1842,4,19.8239803668971
HN_P3,14,2016,1842,6,10.298104572497
HN_SIL3,14,2016,1842,38,153.054940785697
KA_BR,14,2016,1842,41,119.592103184628
KA_BR_HSA,14,2016,1842,13,62.5824016574564
KA_G,14,2016,1842,11,23.8576617205784
KA_P,14,2016,1842,22,13.544498525019
KA_SIL,14,2016,1842,147,248.674927176538
ANT_BR,14,2017,1766,135,124.593405820126
ANT_BR_HSA,14,2017,1766,106,62.4744999044477
ANT_G,14,2017,1766,4,12.0147898083849
ANT_P,14,2017,1766,4,2.88623470005005
ANT_SIL,14,2017,1766,195,219.724668631499
BS_BR,14,2017,1766,27,79.4807747810004
BS_BR_HSA,14,2017,1766,12,42.8197699657289
BS_G,14,2017,1766,24,18.1419310341059
BS_G3,14,2017,1766,0,5.1312488689969
BS_P,14,2017,1766,8,2.41225807083107
BS_P3,14,2017,1766,0,0.855604225184729
BS_SIL,14,2017,1766,628,281.242740978784
BS_SIL3,14,2017,1766,2,73.3751492195502
HN_BR,14,2017,1766,4,52.9242235280417
HN_G3,14,2017,1766,5,15.8020333785739
HN_P3,14,2017,1766,2,7.39883733287797
HN_SIL3,14,2017,1766,339,225.692811795086
KA_BR,14,2017,1766,48,137.987679317603
KA_BR_HSA,14,2017,1766,7,64.186090126876
KA_G,14,2017,1766,5,27.3049652154972
KA_G_COIN,14,2017,1766,10,38.1740663061473
KA_P,14,2017,1766,18,12.7721946298616
KA_SIL,14,2017,1766,183,258.604022360747
BS_BR,14,2018,1835,111,184.301112679676
BS_BR_HSA,14,2018,1835,42,92.0561488430003
BS_G,14,2018,1835,62,32.9351351834991
BS_G3,14,2018,1835,0,8.96146104683982
BS_P,14,2018,1835,12,2.45195554773658
BS_P3,14,2018,1835,0,0.636822669532303
BS_SIL,14,2018,1835,748,339.247273775588
BS_SIL3,14,2018,1835,5,122.816448306102
HN_BR,14,2018,1835,15,97.5595800739684
HN_G3,14,2018,1835,7,23.156042109502
HN_P3,14,2018,1835,7,9.71488957747864
HN_SIL3,14,2018,1835,387,187.362579451966
KA_BR,14,2018,1835,158,234.115804320643
KA_BR_HSA,14,2018,1835,48,112.336954045067
KA_G,14,2018,1835,18,58.2057698145702
KA_G_COIN,14,2018,1835,48,88.2727595825818
KA_P,14,2018,1835,21,26.3722186831713
KA_SIL,14,2018,1835,146,214.497044289078
BS_BR,14,2019,1463,120,165.644442949751
BS_BR_HSA,14,2019,1463,31,81.4568019371005
BS_G,14,2019,1463,58,28.5834578159221
BS_G3,14,2019,1463,2,7.27980761377833
BS_P,14,2019,1463,9,1.71005913902559
BS_P3,14,2019,1463,0,0.311353978149783
BS_SIL,14,2019,1463,747,300.250916822883
BS_SIL3,14,2019,1463,8,100.307039537783
HN_BR,14,2019,1463,16,80.1607599005343
HN_G3,14,2019,1463,3,11.1484960567032
HN_P3,14,2019,1463,3,3.84387844280931
HN_SIL3,14,2019,1463,139,97.386858223565
KA_BR,14,2019,1463,89,180.887070643772
KA_BR_HSA,14,2019,1463,51,94.1844768423769
KA_G,14,2019,1463,21,28.477186732137
KA_G_COIN,14,2019,1463,33,48.128140326369
KA_P,14,2019,1463,17,12.9243245798413
KA_SIL,14,2019,1463,116,220.3149284575
ANT_BR,15,2014,8927,239,398.950708390065
ANT_BR_HSA,15,2014,8927,25,186.28167620497
ANT_G,15,2014,8927,22,96.9128737803836
ANT_G3,15,2014,8927,18,63.4199288628549
ANT_P,15,2014,8927,27,37.0356182863307
ANT_P3,15,2014,8927,6,27.2443235959945
ANT_SIL,15,2014,8927,294,935.745822488159
ANT_SIL3,15,2014,8927,277,735.075357828771
BS_BR,15,2014,8927,263,411.635291930249
BS_BR_HSA,15,2014,8927,55,206.460289518775
BS_G,15,2014,8927,144,195.546974365506
BS_P,15,2014,8927,101,85.9355178975248
BS_SIL,15,2014,8927,2735,1572.83970393367
HN_BR,15,2014,8927,48,276.702892014266
HN_G3,15,2014,8927,200,183.794519743153
HN_P3,15,2014,8927,91,96.9331419731877
HN_SIL3,15,2014,8927,3200,1129.84455778276
KA_BR,15,2014,8927,118,411.94911360312
KA_G,15,2014,8927,29,71.2554316285217
KA_P,15,2014,8927,61,43.8452645772708
KA_SIL,15,2014,8927,399,780.386093233797
Small_BR,15,2014,8927,391,211.457458117172
Small_G,15,2014,8927,12,98.8486882909181
Small_P,15,2014,8927,21,53.4174410687925
Small_SIL,15,2014,8927,151,615.48131088377
ANT_BR,15,2015,15765,329,639.055482659668
ANT_BR_HSA,15,2015,15765,28,297.203737476424
ANT_G,15,2015,15765,40,115.46769910497
ANT_G3,15,2015,15765,16,118.959856783143
ANT_P,15,2015,15765,21,37.9352484880098
ANT_P3,15,2015,15765,9,46.4209331092224
ANT_SIL,15,2015,15765,495,1343.64184186065
ANT_SIL3,15,2015,15765,649,1544.92477863102
BS_BR,15,2015,15765,493,704.218033515323
BS_BR_HSA,15,2015,15765,76,356.378167838387
BS_G,15,2015,15765,243,289.098742180584
BS_P,15,2015,15765,185,121.310151914213
BS_SIL,15,2015,15765,4331,2445.19862010991
HN_BR3,15,2015,15765,6,223.349000960643
HN_G3,15,2015,15765,302,344.365336278001
HN_P3,15,2015,15765,138,186.226335498499
HN_SIL3,15,2015,15765,5917,2030.50086814457
KA_BR,15,2015,15765,588,909.626374428233
KA_G,15,2015,15765,55,184.055397607323
KA_P,15,2015,15765,127,118.895354741594
KA_SIL,15,2015,15765,1044,1981.81692974301
Small_BR,15,2015,15765,430,323.362276078057
Small_G,15,2015,15765,12,188.099731738279
Small_P,15,2015,15765,22,65.4353334154684
Small_SIL,15,2015,15765,209,1149.45376769483
ANT_BR,15,2016,16503,450,778.177170349165
ANT_BR_HSA,15,2016,16503,549,462.406688855367
ANT_G,15,2016,16503,37,129.236310447248
ANT_G3,15,2016,16503,11,76.7363572487394
ANT_P,15,2016,16503,32,43.7971928828049
ANT_P3,15,2016,16503,9,27.9387155946764
ANT_SIL,15,2016,16503,572,1720.16330532169
ANT_SIL3,15,2016,16503,307,1019.79025362215
BS_BR,15,2016,16503,574,845.331174352883
BS_BR_HSA,15,2016,16503,56,390.438843257205
BS_G,15,2016,16503,260,313.066258118997
BS_P,15,2016,16503,120,64.6879486970696
BS_SIL,15,2016,16503,7106,3749.86699831033
HN_BR,15,2016,16503,45,482.129836256746
HN_G3,15,2016,16503,180,210.502494933454
HN_P3,15,2016,16503,113,118.901385952372
HN_SIL3,15,2016,16503,3890,1451.63599167098
KA_BR,15,2016,16503,334,687.748071049678
KA_BR_HSA,15,2016,16503,89,367.530121498735
KA_G,15,2016,16503,59,149.829505849668
KA_P,15,2016,16503,120,87.8471401464388
KA_SIL,15,2016,16503,978,1457.11108544086
Small_BR,15,2016,16503,321,346.408173844815
Small_G,15,2016,16503,18,193.981294299617
Small_P,15,2016,16503,13,63.8347115508795
Small_SIL,15,2016,16503,260,1263.90297044742
ANT_BR,15,2017,16830,192,542.95718923011
ANT_BR_HSA,15,2017,16830,128,288.138910316639
ANT_G,15,2017,16830,10,30.6006618734651
ANT_G3,15,2017,16830,13,114.415982364004
ANT_P,15,2017,16830,15,7.2304606038512
ANT_P3,15,2017,16830,4,30.4954023963278
ANT_SIL,15,2017,16830,238,572.251218519706
ANT_SIL3,15,2017,16830,300,1333.74816966558
BS_BR,15,2017,16830,366,623.612316732159
BS_BR_HSA,15,2017,16830,118,349.919060309681
BS_G,15,2017,16830,206,166.459017699152
BS_G3,15,2017,16830,7,140.118717355508
BS_P,15,2017,16830,76,26.2389082645367
BS_P3,15,2017,16830,2,31.1963580553549
BS_SIL,15,2017,16830,5331,2216.37953259909
BS_SIL3,15,2017,16830,157,1526.71638568651
HN_BR,15,2017,16830,15,321.527448254182
HN_G3,15,2017,16830,79,109.311649324776
HN_P3,15,2017,16830,51,54.32475046247
HN_SIL3,15,2017,16830,3194,1453.19059386364
KA_BR,15,2017,16830,509,1054.49156919452
KA_BR_HSA,15,2017,16830,89,484.689861577389
KA_G,15,2017,16830,57,178.873415019523
KA_G_COIN,15,2017,16830,32,244.285313205353
KA_P,15,2017,16830,107,88.0814535809591
KA_SIL,15,2017,16830,1068,1574.62705789286
Small_BR,15,2017,16830,1157,622.624077308478
Small_G,15,2017,16830,88,348.951546090022
Small_P,15,2017,16830,36,146.503164397247
Small_SIL,15,2017,16830,3185,2148.03980815689
BS_BR,15,2018,17401,521,1231.87359127369
BS_BR_HSA,15,2018,17401,139,621.701657658405
BS_G,15,2018,17401,265,172.421325661492
BS_G3,15,2018,17401,25,191.477204049607
BS_P,15,2018,17401,88,14.3076945381843
BS_P3,15,2018,17401,1,16.7216521062985
BS_SIL,15,2018,17401,4438,1650.59993712789
BS_SIL3,15,2018,17401,1278,2084.75598002186
HN_BR,15,2018,17401,1046,990.632732185448
HN_G,15,2018,17401,13,132.947187115214
HN_G3,15,2018,17401,76,202.358415442457
HN_P,15,2018,17401,1,16.8996400185532
HN_P3,15,2018,17401,30,42.2269529104753
HN_SIL,15,2018,17401,202,1293.24935347555
HN_SIL3,15,2018,17401,3236,1482.08330252653
KA_BR,15,2018,17401,583,1667.93661648554
KA_BR_HSA,15,2018,17401,120,801.289983663063
KA_G,15,2018,17401,135,325.30790681658
KA_G_COIN,15,2018,17401,168,478.836734393893
KA_P,15,2018,17401,130,155.737594099204
KA_SIL,15,2018,17401,817,1189.94774139377
Small_BR,15,2018,17401,584,283.687919195145
Small_G,15,2018,17401,319,419.156580092998
Small_P,15,2018,17401,76,138.714067775965
Small_SIL,15,2018,17401,3110,1796.12822997217
BS_BR,15,2019,16184,414,824.148161331496
BS_BR_HSA,15,2019,16184,98,418.793170700674
BS_G,15,2019,16184,182,78.1712491829481
BS_G3,15,2019,16184,32,185.939747294321
BS_P,15,2019,16184,54,4.95552465441393
BS_P3,15,2019,16184,1,12.2869938429028
BS_SIL,15,2019,16184,3015,811.700496717889
BS_SIL3,15,2019,16184,1776,2056.62817502792
HN_BR,15,2019,16184,828,888.884191670899
HN_BR_HSA,15,2019,16184,78,603.664408254385
HN_G,15,2019,16184,14,99.3890498268161
HN_G3,15,2019,16184,91,232.682661033135
HN_P,15,2019,16184,4,10.8110990821876
HN_P3,15,2019,16184,31,40.3997497714767
HN_SIL,15,2019,16184,492,1355.67911488143
HN_SIL3,15,2019,16184,3637,1743.78472951109
KA_BR,15,2019,16184,521,1480.71032146139
KA_BR_HSA,15,2019,16184,135,791.824419474882
KA_G,15,2019,16184,81,184.122894056208
KA_G_COIN,15,2019,16184,119,300.957631038388
KA_P,15,2019,16184,108,87.3109059714617
KA_SIL,15,2019,16184,825,1347.70441984752
Small_BR,15,2019,16184,784,349.141633463131
Small_G,15,2019,16184,347,390.194900713951
Small_P,15,2019,16184,74,148.958665033636
Small_SIL,15,2019,16184,2443,1735.15568615549
ANT_BR,16,2014,10978,459,542.552857337908
ANT_BR_HSA,16,2014,10978,46,251.90605056957
ANT_G,16,2014,10978,77,107.764566453638
ANT_G3,16,2014,10978,25,108.634907776561
ANT_P,16,2014,10978,55,39.1782148313804
ANT_P3,16,2014,10978,27,46.4319727377295
ANT_SIL,16,2014,10978,786,1102.95790516048
ANT_SIL3,16,2014,10978,1073,1267.44976885892
BS_BR,16,2014,10978,198,456.242476288127
BS_BR_HSA,16,2014,10978,32,234.155989996652
BS_G,16,2014,10978,153,170.693735731612
BS_P,16,2014,10978,133,69.9502881112115
BS_SIL,16,2014,10978,1791,1488.45767898826
HN_BR,16,2014,10978,144,289.464639256559
HN_G3,16,2014,10978,246,221.273102008898
HN_P3,16,2014,10978,114,112.434477073817
HN_SIL3,16,2014,10978,3564,1441.12964576873
KA_BR,16,2014,10978,198,501.833703059545
KA_G,16,2014,10978,34,69.8062713441618
KA_P,16,2014,10978,65,41.7125639815733
KA_SIL,16,2014,10978,532,824.447938541978
Small_BR,16,2014,10978,958,343.775625196251
Small_G,16,2014,10978,14,187.620351129442
Small_P,16,2014,10978,25,77.0833482289804
Small_SIL,16,2014,10978,229,981.041921568029
ANT_BR,16,2015,18678,506,615.463102681624
ANT_BR_HSA,16,2015,18678,51,283.846337922612
ANT_G,16,2015,18678,115,89.7141695889786
ANT_G3,16,2015,18678,33,158.580087513371
ANT_P,16,2015,18678,83,27.6396177048867
ANT_P3,16,2015,18678,28,61.6426215187563
ANT_SIL,16,2015,18678,1327,1128.37729257093
ANT_SIL3,16,2015,18678,1392,2085.29574644767
BS_BR,16,2015,18678,406,668.780714091175
BS_BR_HSA,16,2015,18678,71,346.206628317799
BS_G,16,2015,18678,275,230.496906964987
BS_P,16,2015,18678,238,91.620732935802
BS_SIL,16,2015,18678,3163,2085.17458827982
HN_BR3,16,2015,18678,3,195.85165026519
HN_G3,16,2015,18678,353,419.718815158047
HN_P3,16,2015,18678,150,223.001556930778
HN_SIL3,16,2015,18678,6154,2541.17863054879
KA_BR,16,2015,18678,959,1315.68449226705
KA_G,16,2015,18678,89,248.630918909964
KA_P,16,2015,18678,143,160.305517473871
KA_SIL,16,2015,18678,1517,2701.74884976742
Small_BR,16,2015,18678,1275,545.534851988196
Small_G,16,2015,18678,16,332.289308623592
Small_P,16,2015,18678,20,118.567520812007
Small_SIL,16,2015,18678,311,2002.64934071667
ANT_BR,16,2016,19702,546,757.697417894155
ANT_BR_HSA,16,2016,19702,281,499.075550960424
ANT_G,16,2016,19702,91,89.4856428402459
ANT_G3,16,2016,19702,31,139.232407080079
ANT_P,16,2016,19702,81,27.3694076781668
ANT_P3,16,2016,19702,14,50.9542248803781
ANT_SIL,16,2016,19702,1447,1369.25517774981
ANT_SIL3,16,2016,19702,1084,1836.83188851447
BS_BR,16,2016,19702,258,486.812234354269
BS_BR_HSA,16,2016,19702,32,221.43130870078
BS_G,16,2016,19702,247,116.620737799796
BS_P,16,2016,19702,107,18.2833146569768
BS_SIL,16,2016,19702,3140,1783.72545892144
HN_BR,16,2016,19702,7,467.915181353826
HN_G3,16,2016,19702,211,318.696346316338
HN_P3,16,2016,19702,112,178.242640605378
HN_SIL3,16,2016,19702,4615,2231.72165455635
KA_BR,16,2016,19702,647,1079.12522253763
KA_BR_HSA,16,2016,19702,191,579.326810186145
KA_G,16,2016,19702,96,224.622430591561
KA_P,16,2016,19702,135,130.645584438203
KA_SIL,16,2016,19702,1633,2223.18279746199
Small_BR,16,2016,19702,1579,784.870111580532
Small_G,16,2016,19702,128,563.664245839951
Small_P,16,2016,19702,34,200.265214166197
Small_SIL,16,2016,19702,2955,3322.94698833492
ANT_BR,16,2017,19779,347,485.975075062088
ANT_BR_HSA,16,2017,19779,117,260.894579325989
ANT_G,16,2017,19779,41,19.8624108953326
ANT_G3,16,2017,19779,41,169.343048073196
ANT_P,16,2017,19779,25,4.13846058877968
ANT_P3,16,2017,19779,13,44.3829112598991
ANT_SIL,16,2017,19779,651,424.333543787379
ANT_SIL3,16,2017,19779,1074,2013.4324601232
BS_BR,16,2017,19779,231,308.112739697159
BS_BR_HSA,16,2017,19779,68,178.583783174796
BS_G,16,2017,19779,239,56.3507028563585
BS_G3,16,2017,19779,6,57.9294428850217
BS_P,16,2017,19779,103,6.75172747811945
BS_P3,16,2017,19779,1,10.5188835057196
BS_SIL,16,2017,19779,3012,931.943069274762
BS_SIL3,16,2017,19779,54,753.248146118783
HN_BR,16,2017,19779,10,284.045645926892
HN_G3,16,2017,19779,88,143.093743462064
HN_P3,16,2017,19779,56,69.8441553979295
HN_SIL3,16,2017,19779,2930,1986.91037950788
KA_BR,16,2017,19779,843,1688.59972441528
KA_BR_HSA,16,2017,19779,191,775.519259698518
KA_G,16,2017,19779,90,276.224118630818
KA_G_COIN,16,2017,19779,47,378.17072215028
KA_P,16,2017,19779,168,135.206301387904
KA_SIL,16,2017,19779,1771,2452.01875343383
Small_BR,16,2017,19779,1894,1086.32554731977
Small_G,16,2017,19779,188,631.886828117132
Small_P,16,2017,19779,76,266.588369381604
Small_SIL,16,2017,19779,5404,3878.76546706349
BS_BR,16,2018,19973,444,501.950887329624
BS_BR_HSA,16,2018,19973,103,268.59003162805
BS_G,16,2018,19973,246,31.8925831574564
BS_G3,16,2018,19973,23,68.0709971997199
BS_P,16,2018,19973,105,1.91335868148408
BS_P3,16,2018,19973,0,4.34287977881238
BS_SIL,16,2018,19973,2564,366.522059910445
BS_SIL3,16,2018,19973,298,886.434555552579
HN_BR,16,2018,19973,343,1056.33067493339
HN_G,16,2018,19973,14,52.0714920102788
HN_G3,16,2018,19973,124,348.941166887323
HN_P,16,2018,19973,5,5.20376647719078
HN_P3,16,2018,19973,30,71.1171917588421
HN_SIL,16,2018,19973,262,578.953389293435
HN_SIL3,16,2018,19973,3553,2599.57666548842
KA_BR,16,2018,19973,1302,3221.55481396976
KA_BR_HSA,16,2018,19973,262,1548.69762678481
KA_G,16,2018,19973,278,604.352308130347
KA_G_COIN,16,2018,19973,331,892.368176807831
KA_P,16,2018,19973,209,287.575143601988
KA_SIL,16,2018,19973,1502,2212.62954239745
Small_BR,16,2018,19973,2215,571.345594475899
Small_G,16,2018,19973,580,671.845654879844
Small_P,16,2018,19973,95,215.598095417817
Small_SIL,16,2018,19973,5085,2905.12134344718
BS_BR,16,2019,17172,411,438.660087927216
BS_BR_HSA,16,2019,17172,111,226.486744434703
BS_G,16,2019,17172,209,26.1533991474301
BS_G3,16,2019,17172,16,60.4010607457868
BS_P,16,2019,17172,87,1.40824129754541
BS_P3,16,2019,17172,1,2.81990433833549
BS_SIL,16,2019,17172,2149,312.068149361217
BS_SIL3,16,2019,17172,295,808.776593429079
HN_BR,16,2019,17172,230,715.608460322783
HN_BR_HSA,16,2019,17172,19,436.172376851253
HN_G,16,2019,17172,10,29.5558930684889
HN_G3,16,2019,17172,86,204.635378791655
HN_P,16,2019,17172,2,2.50615135917504
HN_P3,16,2019,17172,31,30.9524146136457
HN_SIL,16,2019,17172,228,493.024252884308
HN_SIL3,16,2019,17172,2505,1655.76291870766
KA_BR,16,2019,17172,987,2445.06656935178
KA_BR_HSA,16,2019,17172,249,1290.01659340238
KA_G,16,2019,17172,172,345.797160019396
KA_G_COIN,16,2019,17172,242,570.166094044966
KA_P,16,2019,17172,173,161.966272518907
KA_SIL,16,2019,17172,1554,2567.68049345816
Small_BR,16,2019,17172,1829,590.799896242693
Small_G,16,2019,17172,616,640.013852332426
Small_P,16,2019,17172,118,235.320170796612
Small_SIL,16,2019,17172,4842,2880.1808705524
ANT_BR,17,2014,6075,291,274.250266677143
ANT_BR_HSA,17,2014,6075,32,127.85322164961
ANT_G,17,2014,6075,34,61.9973599227672
ANT_G3,17,2014,6075,8,44.6737259550451
ANT_P,17,2014,6075,32,23.3486096315871
ANT_P3,17,2014,6075,1,19.0995928209027
ANT_SIL,17,2014,6075,342,611.410009599693
ANT_SIL3,17,2014,6075,257,525.169746788982
BS_BR,17,2014,6075,125,291.400927465961
BS_BR_HSA,17,2014,6075,67,146.502879825277
BS_G,17,2014,6075,108,134.121652782173
BS_P,17,2014,6075,60,58.4366991172409
BS_SIL,17,2014,6075,1499,1094.45153068703
HN_BR,17,2014,6075,26,177.535685533154
HN_G3,17,2014,6075,124,93.3282174781609
HN_P3,17,2014,6075,87,47.3061101684057
HN_SIL3,17,2014,6075,1941,610.305423787138
KA_BR,17,2014,6075,167,315.854302420705
KA_G,17,2014,6075,29,56.5186180437896
KA_P,17,2014,6075,69,34.8640791822479
KA_SIL,17,2014,6075,498,614.743396307862
Small_BR,17,2014,6075,205,138.359097017028
Small_G,17,2014,6075,4,87.4745486153343
Small_P,17,2014,6075,2,30.3673438042103
Small_SIL,17,2014,6075,67,455.626954718547
ANT_BR,17,2015,10675,338,447.388868635395
ANT_BR_HSA,17,2015,10675,26,207.209598621075
ANT_G,17,2015,10675,44,75.2868750046467
ANT_G3,17,2015,10675,5,63.2893895676074
ANT_P,17,2015,10675,36,24.1481525513461
ANT_P3,17,2015,10675,4,23.6390177500327
ANT_SIL,17,2015,10675,556,901.128161464156
ANT_SIL3,17,2015,10675,339,880.786770751677
BS_BR,17,2015,10675,397,512.465402127687
BS_BR_HSA,17,2015,10675,76,260.740403150795
BS_G,17,2015,10675,152,205.054247309931
BS_P,17,2015,10675,92,85.2532367155264
BS_SIL,17,2015,10675,2471,1754.63259938326
HN_BR3,17,2015,10675,8,142.462073615881
HN_G3,17,2015,10675,185,161.19539686858
HN_P3,17,2015,10675,121,83.2763507105551
HN_SIL3,17,2015,10675,2707,1002.17266572291
KA_BR,17,2015,10675,687,668.821277499673
KA_G,17,2015,10675,48,129.143922527815
KA_P,17,2015,10675,138,82.9989364611881
KA_SIL,17,2015,10675,1154,1409.68485604564
Small_BR,17,2015,10675,530,274.371695972083
Small_G,17,2015,10675,24,173.45495702669
Small_P,17,2015,10675,1,61.6857624863506
Small_SIL,17,2015,10675,536,1044.7093820295
ANT_BR,17,2016,11886,201,420.489103151353
ANT_BR_HSA,17,2016,11886,121,271.556564445357
ANT_G,17,2016,11886,23,50.2752336146704
ANT_G3,17,2016,11886,6,59.8629791210785
ANT_P,17,2016,11886,27,15.4406344578504
ANT_P3,17,2016,11886,4,21.4130827799528
ANT_SIL,17,2016,11886,434,764.068239981506
ANT_SIL3,17,2016,11886,188,817.025985492936
BS_BR,17,2016,11886,399,552.680625323471
BS_BR_HSA,17,2016,11886,41,253.630868521609
BS_G,17,2016,11886,151,174.205715848221
BS_P,17,2016,11886,51,32.7672109537616
BS_SIL,17,2016,11886,3127,2267.30750495323
HN_BR,17,2016,11886,10,290.277000115295
HN_G3,17,2016,11886,168,155.297849825088
HN_P3,17,2016,11886,98,86.2143869401579
HN_SIL3,17,2016,11886,2237,1095.29804473213
KA_BR,17,2016,11886,381,568.019830383737
KA_BR_HSA,17,2016,11886,135,303.388759790376
KA_G,17,2016,11886,65,118.980174494525
KA_P,17,2016,11886,117,69.1994538770293
KA_SIL,17,2016,11886,1128,1178.30255839267
Small_BR,17,2016,11886,1001,378.805183866338
Small_G,17,2016,11886,65,266.72969856266
Small_P,17,2016,11886,15,93.0528173965319
Small_SIL,17,2016,11886,1693,1581.71049297846
ANT_BR,17,2017,11355,90,318.748528574207
ANT_BR_HSA,17,2017,11355,44,169.820874729591
ANT_G,17,2017,11355,10,15.9246969208835
ANT_G3,17,2017,11355,4,50.2805604824917
ANT_P,17,2017,11355,6,3.5774701262391
ANT_P3,17,2017,11355,1,12.4937506687441
ANT_SIL,17,2017,11355,159,313.871904289693
ANT_SIL3,17,2017,11355,128,629.685010386688
BS_BR,17,2017,11355,229,350.582345490657
BS_BR_HSA,17,2017,11355,66,198.275521609146
BS_G,17,2017,11355,129,85.6607764183052
BS_G3,17,2017,11355,2,91.8725023534624
BS_P,17,2017,11355,47,12.6285065623941
BS_P3,17,2017,11355,1,20.0223155091545
BS_SIL,17,2017,11355,2186,1202.03811827518
BS_SIL3,17,2017,11355,169,1016.20459693689
HN_BR,17,2017,11355,3,149.696749456412
HN_G3,17,2017,11355,113,109.944620062221
HN_P3,17,2017,11355,82,55.8601208001836
HN_SIL3,17,2017,11355,2610,1386.3597794873
KA_BR,17,2017,11355,423,733.206423825421
KA_BR_HSA,17,2017,11355,76,336.330580916481
KA_G,17,2017,11355,66,120.51219327192
KA_G_COIN,17,2017,11355,18,165.112110539321
KA_P,17,2017,11355,81,58.8508470890544
KA_SIL,17,2017,11355,1031,1071.49871033747
Small_BR,17,2017,11355,1097,499.277908339107
Small_G,17,2017,11355,100,290.110671074746
Small_P,17,2017,11355,23,123.729020558841
Small_SIL,17,2017,11355,2361,1762.8227849078
BS_BR,17,2018,11091,289,751.093387798382
BS_BR_HSA,17,2018,11091,88,380.315332727415
BS_G,17,2018,11091,109,91.6393795859051
BS_G3,17,2018,11091,27,131.56818544294
BS_P,17,2018,11091,28,6.68381242881642
BS_P3,17,2018,11091,0,10.4841311212667
BS_SIL,17,2018,11091,1815,930.858361316024
BS_SIL3,17,2018,11091,1916,1492.60745229458
HN_BR,17,2018,11091,648,608.423684010178
HN_G,17,2018,11091,18,85.9729165782212
HN_G3,17,2018,11091,131,118.356384154196
HN_P,17,2018,11091,2,10.0744898683652
HN_P3,17,2018,11091,67,52.1803497982468
HN_SIL,17,2018,11091,173,874.651067881819
HN_SIL3,17,2018,11091,2503,905.964813179313
KA_BR,17,2018,11091,565,1212.87317729922
KA_BR_HSA,17,2018,11091,161,582.799021641376
KA_G,17,2018,11091,148,265.051829011693
KA_G_COIN,17,2018,11091,224,393.783610501699
KA_P,17,2018,11091,150,124.661806537359
KA_SIL,17,2018,11091,894,971.726370184093
Small_BR,17,2018,11091,585,433.714809087239
Small_G,17,2018,11091,36,113.559147759003
Small_P,17,2018,11091,13,34.7427130223337
Small_SIL,17,2018,11091,501,507.213766770317
BS_BR,17,2019,8941,219,442.812764762422
BS_BR_HSA,17,2019,8941,65,224.195872910323
BS_G,17,2019,8941,79,37.1536041922214
BS_G3,17,2019,8941,27,101.457704156953
BS_P,17,2019,8941,22,2.24164890617575
BS_P3,17,2019,8941,1,6.12885719020776
BS_SIL,17,2019,8941,1199,402.620107814192
BS_SIL3,17,2019,8941,1864,1175.8185464528
HN_BR,17,2019,8941,529,457.738944183948
HN_BR_HSA,17,2019,8941,72,357.231522725915
HN_G,17,2019,8941,26,62.826370019451
HN_G3,17,2019,8941,101,82.1849619203393
HN_P,17,2019,8941,2,6.51745276471662
HN_P3,17,2019,8941,50,30.6962918144744
HN_SIL,17,2019,8941,328,885.070892527157
HN_SIL3,17,2019,8941,1648,658.406694214419
KA_BR,17,2019,8941,462,895.251218881943
KA_BR_HSA,17,2019,8941,129,474.469328151044
KA_G,17,2019,8941,92,118.978828452254
KA_G_COIN,17,2019,8941,130,196.517235243851
KA_P,17,2019,8941,97,55.6546308375349
KA_SIL,17,2019,8941,720,885.656957715792
Small_BR,17,2019,8941,504,399.434870870012
Small_G,17,2019,8941,48,137.895352399077
Small_P,17,2019,8941,10,34.0514101029483
Small_SIL,17,2019,8941,517,809.98793078982
ANT_BR,18,2014,6124,480,371.074936889281
ANT_BR_HSA,18,2014,6124,55,173.839520627166
ANT_G,18,2014,6124,23,101.979564570072
ANT_G3,18,2014,6124,5,44.3571325841771
ANT_P,18,2014,6124,22,38.9050363405471
ANT_P3,18,2014,6124,5,18.35407322959
ANT_SIL,18,2014,6124,437,992.897006011465
ANT_SIL3,18,2014,6124,180,552.009044589054
BS_BR,18,2014,6124,208,293.774805542147
BS_BR_HSA,18,2014,6124,41,148.180572351001
BS_G,18,2014,6124,151,120.635994369128
BS_P,18,2014,6124,96,50.2530313933797
BS_SIL,18,2014,6124,1835,1038.54600457939
HN_BR,18,2014,6124,127,227.723489260011
HN_G3,18,2014,6124,137,129.71282469131
HN_P3,18,2014,6124,69,65.4447547257176
HN_SIL3,18,2014,6124,1813,829.626844208886
KA_BR,18,2014,6124,105,311.286081287004
KA_G,18,2014,6124,17,46.4275021972957
KA_P,18,2014,6124,44,28.0437412595172
KA_SIL,18,2014,6124,274,540.928039293865
ANT_BR,18,2015,11883,1065,730.86705826812
ANT_BR_HSA,18,2015,11883,77,342.212868519757
ANT_G,18,2015,11883,47,168.168631169791
ANT_G3,18,2015,11883,4,65.403561398599
ANT_P,18,2015,11883,41,55.1777672719467
ANT_P3,18,2015,11883,10,23.1039268237875
ANT_SIL,18,2015,11883,833,1883.03465873582
ANT_SIL3,18,2015,11883,243,1039.29442278122
BS_BR,18,2015,11883,536,568.331050702049
BS_BR_HSA,18,2015,11883,90,287.507595577772
BS_G,18,2015,11883,298,208.804277118655
BS_P,18,2015,11883,178,81.7800982099649
BS_SIL,18,2015,11883,3815,1914.53318223098
HN_BR3,18,2015,11883,30,214.714149038566
HN_G3,18,2015,11883,193,205.886571596048
HN_P3,18,2015,11883,69,102.816589741763
HN_SIL3,18,2015,11883,3139,1314.90074511878
KA_BR,18,2015,11883,364,774.11782469116
KA_G,18,2015,11883,56,142.740813409039
KA_P,18,2015,11883,78,89.622818154071
KA_SIL,18,2015,11883,717,1669.98138944216
ANT_BR,18,2016,13047,1266,880.285822458901
ANT_BR_HSA,18,2016,13047,499,496.852108011407
ANT_G,18,2016,13047,81,165.482213197639
ANT_G3,18,2016,13047,3,49.6463204763348
ANT_P,18,2016,13047,58,54.1289286633364
ANT_P3,18,2016,13047,6,16.2962084682013
ANT_SIL,18,2016,13047,1736,2311.63007015076
ANT_SIL3,18,2016,13047,114,770.391461900213
BS_BR,18,2016,13047,401,566.786012279359
BS_BR_HSA,18,2016,13047,62,260.202142357428
BS_G,18,2016,13047,251,150.347098442023
BS_P,18,2016,13047,122,24.6368034448079
BS_SIL,18,2016,13047,4364,2215.1838804105
HN_BR,18,2016,13047,101,554.061250234289
HN_G3,18,2016,13047,102,134.843206988224
HN_P3,18,2016,13047,52,70.5830597247967
HN_SIL3,18,2016,13047,2499,1028.92721159316
KA_BR,18,2016,13047,277,658.743290252562
KA_BR_HSA,18,2016,13047,84,347.835485444532
KA_G,18,2016,13047,52,120.564365129341
KA_P,18,2016,13047,80,67.7228082762498
KA_SIL,18,2016,13047,814,1283.7954574449
Small_BR,18,2016,13047,11,236.474740330045
Small_G,18,2016,13047,2,70.2622519888316
Small_P,18,2016,13047,2,31.8226798271613
Small_SIL,18,2016,13047,8,479.495122504998
ANT_BR,18,2017,12697,657,763.603460990813
ANT_BR_HSA,18,2017,12697,253,396.636737626418
ANT_G,18,2017,12697,23,44.919622592823
ANT_G3,18,2017,12697,5,54.9068512815868
ANT_P,18,2017,12697,16,10.3364840268322
ANT_P3,18,2017,12697,6,12.6306278904242
ANT_SIL,18,2017,12697,503,844.010907684565
ANT_SIL3,18,2017,12697,168,741.901099289525
BS_BR,18,2017,12697,280,358.109145737215
BS_BR_HSA,18,2017,12697,92,205.822109131859
BS_G,18,2017,12697,202,71.6038901053295
BS_G3,18,2017,12697,8,63.1483789363526
BS_P,18,2017,12697,85,9.0238359260267
BS_P3,18,2017,12697,4,11.7508154155529
BS_SIL,18,2017,12697,3534,1129.45912119799
BS_SIL3,18,2017,12697,109,798.83572962621
HN_BR,18,2017,12697,23,357.263890603597
HN_G3,18,2017,12697,52,95.1546328418846
HN_P3,18,2017,12697,26,45.5204483929035
HN_SIL3,18,2017,12697,2937,1365.72477112177
KA_BR,18,2017,12697,397,892.461635858459
KA_BR_HSA,18,2017,12697,89,409.814609327158
KA_G,18,2017,12697,38,124.227602136853
KA_G_COIN,18,2017,12697,24,173.49625064949
KA_P,18,2017,12697,91,58.1254989493822
KA_SIL,18,2017,12697,812,1174.84252041444
Small_BR,18,2017,12697,918,515.868232102375
Small_G,18,2017,12697,37,248.515489495297
Small_P,18,2017,12697,19,96.5977370395318
Small_SIL,18,2017,12697,1289,1622.68786360733
BS_BR,18,2018,12933,502,915.562818892094
BS_BR_HSA,18,2018,12933,112,462.455124310663
BS_G,18,2018,12933,230,94.1036628805147
BS_G3,18,2018,12933,21,94.2451114899244
BS_P,18,2018,12933,108,5.83450688331401
BS_P3,18,2018,12933,4,5.92251846312977
BS_SIL,18,2018,12933,3066,1036.68589150384
BS_SIL3,18,2018,12933,653,1237.67005295078
HN_BR,18,2018,12933,368,854.381334809023
HN_G,18,2018,12933,5,50.276919429415
HN_G3,18,2018,12933,137,210.357769637523
HN_P,18,2018,12933,5,4.83360671876828
HN_P3,18,2018,12933,22,38.0350111599256
HN_SIL,18,2018,12933,59,581.140918963036
HN_SIL3,18,2018,12933,4205,1640.96349064993
KA_BR,18,2018,12933,514,1522.43162958381
KA_BR_HSA,18,2018,12933,102,731.495917104022
KA_G,18,2018,12933,142,323.721192846588
KA_G_COIN,18,2018,12933,143,493.398202464313
KA_P,18,2018,12933,115,144.945775006474
KA_SIL,18,2018,12933,694,1194.75225695134
Small_BR,18,2018,12933,1103,338.706104270959
Small_G,18,2018,12933,50,150.251757869685
Small_P,18,2018,12933,9,42.8168472620086
Small_SIL,18,2018,12933,564,758.011577898908
BS_BR,18,2019,11896,499,767.969443161142
BS_BR_HSA,18,2019,11896,116,384.658460285569
BS_G,18,2019,11896,211,59.8392340910421
BS_G3,18,2019,11896,28,82.2082557342487
BS_P,18,2019,11896,65,3.1107530339872
BS_P3,18,2019,11896,2,3.88210619823202
BS_SIL,18,2019,11896,2527,689.902708367646
BS_SIL3,18,2019,11896,776,1102.35230469289
HN_BR,18,2019,11896,349,790.970194817672
HN_BR_HSA,18,2019,11896,27,425.50514011538
HN_G,18,2019,11896,7,49.0349379230738
HN_G3,18,2019,11896,118,146.835659693583
HN_P,18,2019,11896,3,4.25878373680147
HN_P3,18,2019,11896,19,20.4606910897502
HN_SIL,18,2019,11896,157,804.336012018986
HN_SIL3,18,2019,11896,3701,1239.02347896826
KA_BR,18,2019,11896,527,1308.8518668556
KA_BR_HSA,18,2019,11896,123,690.256049938358
KA_G,18,2019,11896,88,163.478669945694
KA_G_COIN,18,2019,11896,111,279.321698978378
KA_P,18,2019,11896,102,72.7549060320284
KA_SIL,18,2019,11896,714,1286.6136384445
Small_BR,18,2019,11896,1097,413.281160578236
Small_G,18,2019,11896,45,148.585908353638
Small_P,18,2019,11896,7,32.2091597520348
Small_SIL,18,2019,11896,477,926.298777193264
ANT_BR,19,2014,5699,356,316.19064086349
ANT_BR_HSA,19,2014,5699,33,148.154997834915
ANT_G,19,2014,5699,20,78.3619963032788
ANT_G3,19,2014,5699,1,17.540844578402
ANT_P,19,2014,5699,26,28.307070536979
ANT_P3,19,2014,5699,1,6.60615455989528
ANT_SIL,19,2014,5699,520,814.419527632889
ANT_SIL3,19,2014,5699,13,257.713267761106
BS_BR,19,2014,5699,83,223.150569648118
BS_BR_HSA,19,2014,5699,30,113.199886795448
BS_G,19,2014,5699,95,75.6107715814
BS_P,19,2014,5699,67,29.4558795640108
BS_SIL,19,2014,5699,908,704.831040432365
HN_BR,19,2014,5699,131,226.029436905633
HN_G3,19,2014,5699,113,108.030397438639
HN_P3,19,2014,5699,50,52.3036267336199
HN_SIL3,19,2014,5699,1847,713.734054801142
KA_BR,19,2014,5699,187,379.242957511113
KA_G,19,2014,5699,28,75.4121395932617
KA_P,19,2014,5699,67,45.7493424838518
KA_SIL,19,2014,5699,523,861.509537495945
Small_BR,19,2014,5699,163,59.7969776360738
Small_G,19,2014,5699,25,51.3879812430466
Small_P,19,2014,5699,64,25.0301107924009
Small_SIL,19,2014,5699,348,287.230789272976
ANT_BR,19,2015,10863,542,606.849958681139
ANT_BR_HSA,19,2015,10863,59,282.848378819333
ANT_G,19,2015,10863,30,104.548634940726
ANT_G3,19,2015,10863,2,22.5504874179096
ANT_P,19,2015,10863,28,32.4096400783054
ANT_P3,19,2015,10863,2,7.17171856867967
ANT_SIL,19,2015,10863,795,1310.67920473171
ANT_SIL3,19,2015,10863,28,409.462727720354
BS_BR,19,2015,10863,237,408.846173722521
BS_BR_HSA,19,2015,10863,80,210.653360495489
BS_G,19,2015,10863,156,121.179647052339
BS_P,19,2015,10863,113,44.929273685199
BS_SIL,19,2015,10863,1733,1188.31792317086
HN_BR3,19,2015,10863,65,220.446917727467
HN_G3,19,2015,10863,124,162.464264958685
HN_P3,19,2015,10863,53,79.018717043635
HN_SIL3,19,2015,10863,2606,1073.02072253829
KA_BR,19,2015,10863,1141,914.060698442924
KA_G,19,2015,10863,76,201.956309466694
KA_P,19,2015,10863,135,128.204726708613
KA_SIL,19,2015,10863,1342,2286.15003293487
Small_BR,19,2015,10863,482,126.252436230533
Small_G,19,2015,10863,83,115.889955398971
Small_P,19,2015,10863,96,40.5300741727797
Small_SIL,19,2015,10863,855,764.558015291978
ANT_BR,19,2016,11584,295,528.38164886825
ANT_BR_HSA,19,2016,11584,94,342.674144463833
ANT_G,19,2016,11584,16,50.4374137789624
ANT_G3,19,2016,11584,0,14.651155753305
ANT_P,19,2016,11584,18,14.3537291569397
ANT_P3,19,2016,11584,1,4.21249752076501
ANT_SIL,19,2016,11584,473,856.430878117628
ANT_SIL3,19,2016,11584,11,276.558578274573
BS_BR,19,2016,11584,170,378.687946461748
BS_BR_HSA,19,2016,11584,48,171.812431872405
BS_G,19,2016,11584,134,80.1382840511567
BS_P,19,2016,11584,52,11.5842152303957
BS_SIL,19,2016,11584,1891,1324.37462357327
HN_BR,19,2016,11584,177,651.749265550525
HN_G3,19,2016,11584,73,153.436690522678
HN_P3,19,2016,11584,51,80.37604162337
HN_SIL3,19,2016,11584,1905,1169.96158371173
KA_BR,19,2016,11584,606,904.01985460329
KA_BR_HSA,19,2016,11584,191,475.216289940116
KA_G,19,2016,11584,62,182.453738639774
KA_P,19,2016,11584,89,104.066664825575
KA_SIL,19,2016,11584,1241,1878.71821288218
Small_BR,19,2016,11584,1513,192.006946683984
Small_G,19,2016,11584,144,223.917961460147
Small_P,19,2016,11584,89,68.1864288628299
Small_SIL,19,2016,11584,2240,1445.59277357056
ANT_BR,19,2017,10708,118,274.484130125674
ANT_BR_HSA,19,2017,10708,46,148.539699097472
ANT_G,19,2017,10708,3,8.57162391858723
ANT_G3,19,2017,10708,3,9.2595420081411
ANT_P,19,2017,10708,10,1.65566332877579
ANT_P3,19,2017,10708,0,1.69462765964445
ANT_SIL,19,2017,10708,142,206.021283945432
ANT_SIL3,19,2017,10708,15,158.391396125665
BS_BR,19,2017,10708,130,216.495175832551
BS_BR_HSA,19,2017,10708,50,126.387918804692
BS_G,19,2017,10708,125,35.7862146900104
BS_G3,19,2017,10708,1,13.3798248902196
BS_P,19,2017,10708,27,3.98368467139346
BS_P3,19,2017,10708,0,1.97795906451874
BS_SIL,19,2017,10708,1395,629.321557742695
BS_SIL3,19,2017,10708,2,206.98854007557
HN_BR,19,2017,10708,52,416.646177063179
HN_G3,19,2017,10708,59,100.020613368844
HN_P3,19,2017,10708,39,47.6107327839944
HN_SIL3,19,2017,10708,1881,1460.05592665964
KA_BR,19,2017,10708,571,1229.73620730396
KA_BR_HSA,19,2017,10708,133,567.193021310432
KA_G,19,2017,10708,54,198.208491015141
KA_G_COIN,19,2017,10708,24,274.005056403231
KA_P,19,2017,10708,73,94.8299543914898
KA_SIL,19,2017,10708,1069,1813.60977826547
Small_BR,19,2017,10708,1818,276.29230844206
Small_G,19,2017,10708,132,274.901144765487
Small_P,19,2017,10708,82,106.238849561962
Small_SIL,19,2017,10708,2654,1805.71289668405
BS_BR,19,2018,10894,173,460.829717180681
BS_BR_HSA,19,2018,10894,73,243.512653008276
BS_G,19,2018,10894,106,29.0742589289213
BS_G3,19,2018,10894,37,105.237518183222
BS_P,19,2018,10894,31,1.76968730633425
BS_P3,19,2018,10894,3,7.27130988763678
BS_SIL,19,2018,10894,968,335.715628661018
BS_SIL3,19,2018,10894,824,1313.96030616663
HN_BR,19,2018,10894,227,765.742577775967
HN_G,19,2018,10894,6,30.4789282979182
HN_G3,19,2018,10894,63,121.61036190669
HN_P,19,2018,10894,5,2.9846979861258
HN_P3,19,2018,10894,39,51.6663247589269
HN_SIL,19,2018,10894,43,352.570747607754
HN_SIL3,19,2018,10894,2578,975.253746880213
KA_BR,19,2018,10894,861,1726.96951044549
KA_BR_HSA,19,2018,10894,172,829.15846068043
KA_G,19,2018,10894,157,373.516947268243
KA_G_COIN,19,2018,10894,239,559.838569471577
KA_P,19,2018,10894,110,173.026904960594
KA_SIL,19,2018,10894,889,1372.49415249359
Small_BR,19,2018,10894,1831,292.642935367863
Small_G,19,2018,10894,310,132.263130909302
Small_P,19,2018,10894,98,38.8068637785834
Small_SIL,19,2018,10894,1051,597.604060088035
BS_BR,19,2019,9340,150,277.30804677439
BS_BR_HSA,19,2019,9340,69,142.982423746793
BS_G,19,2019,9340,75,17.2344827831801
BS_G3,19,2019,9340,30,74.4823596941914
BS_P,19,2019,9340,30,0.887975519969189
BS_P3,19,2019,9340,8,3.9436250005128
BS_SIL,19,2019,9340,684,203.60534404011
BS_SIL3,19,2019,9340,741,925.487230480052
HN_BR,19,2019,9340,179,478.975008838598
HN_BR_HSA,19,2019,9340,13,206.941817937815
HN_G,19,2019,9340,5,12.6674054130111
HN_G3,19,2019,9340,73,130.040562276265
HN_P,19,2019,9340,3,1.05734299614212
HN_P3,19,2019,9340,39,48.7855255304476
HN_SIL,19,2019,9340,34,216.540456235263
HN_SIL3,19,2019,9340,2038,1037.455980239
KA_BR,19,2019,9340,760,1267.13063434801
KA_BR_HSA,19,2019,9340,261,677.858921662855
KA_G,19,2019,9340,81,157.104865643348
KA_G_COIN,19,2019,9340,139,260.587818331836
KA_P,19,2019,9340,79,72.8133513483119
KA_SIL,19,2019,9340,735,1177.5054392723
Small_BR,19,2019,9340,1401,588.378489658085
Small_G,19,2019,9340,301,190.465025337282
Small_P,19,2019,9340,87,46.64330165009
Small_SIL,19,2019,9340,1325,1123.11656524216
