plan_id,region,year,tot_nonmiss,obs_purchase,pred_purchase
ANT_BR,1,2014,2533,592,222.336519103592
ANT_BR_HSA,1,2014,2533,106,111.948530611846
ANT_G,1,2014,2533,84,64.773979953096
ANT_P,1,2014,2533,32,21.4753343064285
ANT_SIL,1,2014,2533,1530,512.657216979005
BS_BR,1,2014,2533,25,177.790862403672
BS_BR_HSA,1,2014,2533,9,96.1715015893622
BS_G,1,2014,2533,8,70.4971747791286
BS_P,1,2014,2533,12,25.5119394100525
BS_SIL,1,2014,2533,123,493.96685208038
KA_BR,1,2014,2533,3,274.799330369034
KA_G,1,2014,2533,0,41.3083682104672
KA_P,1,2014,2533,1,23.1754349282955
KA_SIL,1,2014,2533,8,396.586955275641
ANT_BR,1,2015,3120,786,264.912406329219
ANT_BR_HSA,1,2015,3120,149,137.846557044499
ANT_G,1,2015,3120,96,69.5736016342891
ANT_P,1,2015,3120,31,20.2688938312671
ANT_SIL,1,2015,3120,1879,643.88077638487
BS_BR,1,2015,3120,32,205.584271463644
BS_BR_HSA,1,2015,3120,9,111.536613449619
BS_G,1,2015,3120,9,75.690704669301
BS_P,1,2015,3120,9,26.4656574989388
BS_SIL,1,2015,3120,92,549.497568451331
KA_BR,1,2015,3120,9,344.491746898514
KA_G,1,2015,3120,0,60.0774582495768
KA_P,1,2015,3120,3,35.5741555915354
KA_SIL,1,2015,3120,16,574.599588503398
ANT_BR,1,2016,1855,376,144.611970946135
ANT_BR_HSA,1,2016,1855,260,89.7050231675307
ANT_G,1,2016,1855,23,19.3723560868175
ANT_P,1,2016,1855,7,4.9871692946895
ANT_SIL,1,2016,1855,750,262.334085800349
BS_BR,1,2016,1855,61,97.6271711765392
BS_BR_HSA,1,2016,1855,20,47.9671535356429
BS_G,1,2016,1855,9,19.5855737154075
BS_P,1,2016,1855,2,2.21048094076187
BS_SIL,1,2016,1855,332,278.73300897719
HN_BR,1,2016,1855,0,60.0345641585452
HN_G,1,2016,1855,0,4.35088183047974
HN_P,1,2016,1855,0,0.937843480900067
HN_SIL,1,2016,1855,0,69.4547050988418
KA_BR,1,2016,1855,0,199.213497838531
KA_BR_HSA,1,2016,1855,1,111.010940260962
KA_G,1,2016,1855,0,38.4837160989956
KA_P,1,2016,1855,0,19.9777945245857
KA_SIL,1,2016,1855,9,338.944148549618
Small_BR,1,2016,1855,2,12.6161765787364
Small_G,1,2016,1855,0,3.27076803627337
Small_P,1,2016,1855,0,0.34288817075415
Small_SIL,1,2016,1855,3,29.2280817317146
ANT_BR,1,2017,1477,256,141.888445078151
ANT_BR_HSA,1,2017,1477,116,76.8957705109079
ANT_G,1,2017,1477,17,11.4165739534367
ANT_P,1,2017,1477,1,2.1743488884365
ANT_SIL,1,2017,1477,666,190.979544344901
BS_BR,1,2017,1477,41,48.7867825056416
BS_BR_HSA,1,2017,1477,40,30.8393782582382
BS_G,1,2017,1477,14,6.19164067081361
BS_G3,1,2017,1477,0,0.829537544199429
BS_P,1,2017,1477,1,0.495094193602503
BS_P3,1,2017,1477,0,0.0799895145420917
BS_SIL,1,2017,1477,305,99.4879265137644
BS_SIL3,1,2017,1477,0,13.1234840821684
HN_BR,1,2017,1477,0,29.4170961438778
HN_G,1,2017,1477,0,1.02007665664803
HN_P,1,2017,1477,0,0.166801606535615
HN_SIL,1,2017,1477,0,20.4457834123387
KA_BR,1,2017,1477,5,218.912668395416
KA_BR_HSA,1,2017,1477,1,109.411067468073
KA_G,1,2017,1477,0,44.7834837716851
KA_G_COIN,1,2017,1477,0,65.423012523901
KA_P,1,2017,1477,0,18.9073352552474
KA_SIL,1,2017,1477,14,345.324158707475
ANT_BR,1,2018,1445,200,69.6422102084238
ANT_BR_HSA,1,2018,1445,67,30.7035146713137
ANT_G,1,2018,1445,1,1.88317861086243
ANT_P,1,2018,1445,0,0.0833437571317736
ANT_SIL,1,2018,1445,83,41.6959325482017
BS_BR,1,2018,1445,166,59.7940366280647
BS_BR_HSA,1,2018,1445,62,31.9468867776135
BS_G,1,2018,1445,26,6.49697776769842
BS_G3,1,2018,1445,0,0.787255010090002
BS_P,1,2018,1445,8,0.144598448748948
BS_P3,1,2018,1445,0,0.0115586742040376
BS_SIL,1,2018,1445,797,74.6076316927387
BS_SIL3,1,2018,1445,0,14.5757320980526
KA_BR,1,2018,1445,4,162.398770769771
KA_BR_HSA,1,2018,1445,1,83.5494816915162
KA_G,1,2018,1445,2,164.098646922034
KA_G_COIN,1,2018,1445,6,197.838778598696
KA_P,1,2018,1445,5,99.5170325092273
KA_SIL,1,2018,1445,17,405.224432615611
ANT_BR,1,2019,906,121,44.7900507259779
ANT_BR_HSA,1,2019,906,54,22.5646439513748
ANT_G,1,2019,906,17,3.83710655250242
ANT_P,1,2019,906,1,0.144478529821021
ANT_SIL,1,2019,906,307,37.6683490650918
BS_BR,1,2019,906,101,34.2134245440215
BS_BR_HSA,1,2019,906,45,18.1324359706218
BS_G,1,2019,906,17,2.3315228386489
BS_G3,1,2019,906,0,0.479738905104778
BS_P,1,2019,906,1,0.0373341358276803
BS_P3,1,2019,906,0,0.00442524135836394
BS_SIL,1,2019,906,219,29.4928026599902
BS_SIL3,1,2019,906,1,9.15327542647189
KA_BR,1,2019,906,3,96.841883304326
KA_BR_HSA,1,2019,906,0,52.2454076023128
KA_G,1,2019,906,3,85.9217206140508
KA_G_COIN,1,2019,906,5,113.581194879435
KA_P,1,2019,906,1,45.1322188876737
KA_SIL,1,2019,906,10,309.42798616539
ANT_BR,2,2014,2263,165,172.651866193503
ANT_BR_HSA,2,2014,2263,27,86.4905463089393
ANT_G,2,2014,2263,34,34.8409266627121
ANT_P,2,2014,2263,7,10.5202937555858
ANT_SIL,2,2014,2263,427,308.725906890262
BS_BR,2,2014,2263,40,148.166826512965
BS_BR_HSA,2,2014,2263,8,80.6154956131512
BS_G,2,2014,2263,34,52.0476203899129
BS_P,2,2014,2263,9,17.8265268271773
BS_SIL,2,2014,2263,356,389.567955639651
HN_BR,2,2014,2263,32,103.743575184807
HN_G,2,2014,2263,7,7.73969312769238
HN_P,2,2014,2263,3,1.48361109921586
HN_SIL,2,2014,2263,60,76.4412214455782
KA_BR,2,2014,2263,223,238.517081299741
KA_G,2,2014,2263,36,31.1858286391988
KA_P,2,2014,2263,53,17.0664037932994
KA_SIL,2,2014,2263,613,321.227524872022
Small_BR,2,2014,2263,91,47.5467921201674
Small_G,2,2014,2263,2,13.1612457370427
Small_P,2,2014,2263,5,6.77859964921652
Small_SIL,2,2014,2263,31,96.6544582381587
ANT_BR,2,2015,2685,178,183.618474824107
ANT_BR_HSA,2,2015,2685,19,91.6302189143951
ANT_G,2,2015,2685,22,23.3040709345755
ANT_P,2,2015,2685,14,5.71777778330935
ANT_SIL,2,2015,2685,273,267.236416352395
BS_BR,2,2015,2685,55,177.51251663761
BS_BR_HSA,2,2015,2685,19,97.2337639334434
BS_G,2,2015,2685,20,53.7732936337042
BS_P,2,2015,2685,14,17.4285871662251
BS_SIL,2,2015,2685,452,428.199833741839
HN_BR,2,2015,2685,11,111.044332773602
HN_G,2,2015,2685,0,7.38140924440226
HN_P,2,2015,2685,2,1.30416920281802
HN_SIL,2,2015,2685,12,78.4195704827164
KA_BR,2,2015,2685,432,317.261591417178
KA_G,2,2015,2685,49,43.9661406868204
KA_P,2,2015,2685,78,25.178569889325
KA_SIL,2,2015,2685,823,465.072876835345
Small_BR,2,2015,2685,114,62.5286584150547
Small_G,2,2015,2685,0,21.137729524003
Small_P,2,2015,2685,6,10.8506557756491
Small_SIL,2,2015,2685,92,195.199341831485
ANT_BR,2,2016,1806,85,116.675257744697
ANT_BR_HSA,2,2016,1806,68,76.4458458061767
ANT_G,2,2016,1806,7,9.42496061697977
ANT_P,2,2016,1806,4,2.1315318580224
ANT_SIL,2,2016,1806,65,153.542074723468
BS_BR,2,2016,1806,27,80.8696369523234
BS_BR_HSA,2,2016,1806,7,39.4943936083517
BS_G,2,2016,1806,15,12.6508881667795
BS_P,2,2016,1806,5,1.22286883252102
BS_SIL,2,2016,1806,296,208.283225292912
HN_BR,2,2016,1806,2,85.8193039408482
HN_G,2,2016,1806,0,7.71417424171213
HN_P,2,2016,1806,1,1.67086040946452
HN_SIL,2,2016,1806,4,122.342864029649
KA_BR,2,2016,1806,247,195.627802191068
KA_BR_HSA,2,2016,1806,69,109.959748322184
KA_G,2,2016,1806,40,32.1972086258845
KA_P,2,2016,1806,40,16.092714927273
KA_SIL,2,2016,1806,589,307.748961235037
Small_BR,2,2016,1806,70,39.9949734811044
Small_G,2,2016,1806,5,16.8966424371559
Small_P,2,2016,1806,9,8.51608324102747
Small_SIL,2,2016,1806,151,160.677979315359
ANT_BR,2,2017,1418,20,66.0139546192992
ANT_BR_HSA,2,2017,1418,7,38.0364312671968
ANT_G,2,2017,1418,0,1.06970954130632
ANT_P,2,2017,1418,0,0.150046591680942
ANT_SIL,2,2017,1418,12,26.7688863370483
BS_BR,2,2017,1418,18,45.2863649370627
BS_BR_HSA,2,2017,1418,16,29.3378273498801
BS_G,2,2017,1418,12,4.77122362450789
BS_G3,2,2017,1418,0,1.05512801415231
BS_P,2,2017,1418,3,0.336025556898316
BS_P3,2,2017,1418,0,0.096946110300694
BS_SIL,2,2017,1418,137,85.3224453292211
BS_SIL3,2,2017,1418,0,17.3023505371992
HN_BR,2,2017,1418,3,47.6126395995771
HN_G,2,2017,1418,1,1.67942520052609
HN_P,2,2017,1418,0,0.271380874476196
HN_SIL,2,2017,1418,4,33.9578944758391
KA_BR,2,2017,1418,225,249.866782093009
KA_BR_HSA,2,2017,1418,44,124.251801761732
KA_G,2,2017,1418,24,36.4305567069571
KA_G_COIN,2,2017,1418,23,54.4750062959796
KA_P,2,2017,1418,22,14.6183384961176
KA_SIL,2,2017,1418,510,302.469889864469
Small_BR,2,2017,1418,98,43.6971932869337
Small_G,2,2017,1418,11,16.0610404911263
Small_P,2,2017,1418,5,7.75794888879011
Small_SIL,2,2017,1418,223,169.302762148713
BS_BR,2,2018,1190,41,51.9901172056031
BS_BR_HSA,2,2018,1190,15,29.3309143935296
BS_G,2,2018,1190,17,1.45136725027133
BS_G3,2,2018,1190,0,0.333762924337775
BS_P,2,2018,1190,3,0.0311351366037164
BS_P3,2,2018,1190,0,0.00552858915787267
BS_SIL,2,2018,1190,66,17.2989974560934
BS_SIL3,2,2018,1190,0,6.03550582623678
HN_BR,2,2018,1190,3,49.8715328078428
HN_G,2,2018,1190,0,1.06335628536493
HN_P,2,2018,1190,1,0.127680863931791
HN_SIL,2,2018,1190,0,8.00786920856336
KA_BR,2,2018,1190,193,253.443143022704
KA_BR_HSA,2,2018,1190,36,130.528899524849
KA_G,2,2018,1190,112,92.3325143109675
KA_G_COIN,2,2018,1190,167,148.295540407042
KA_P,2,2018,1190,55,35.4505166342688
KA_SIL,2,2018,1190,321,246.246152140174
Small_BR,2,2018,1190,53,38.1318081470313
Small_G,2,2018,1190,33,18.4326329767215
Small_P,2,2018,1190,11,7.82812487803349
Small_SIL,2,2018,1190,63,53.7629000106728
BS_BR,2,2019,499,16,14.7834719858751
BS_BR_HSA,2,2019,499,6,8.25383427264661
BS_G,2,2019,499,7,0.357977421097271
BS_G3,2,2019,499,1,0.147973466584209
BS_P,2,2019,499,0,0.00667799935503096
BS_P3,2,2019,499,1,0.00188252227321417
BS_SIL,2,2019,499,30,4.35562554819987
BS_SIL3,2,2019,499,0,2.5309416685561
HN_BR,2,2019,499,1,15.4541124870989
HN_G,2,2019,499,0,0.179531001675787
HN_P,2,2019,499,0,0.0191269524002356
HN_SIL,2,2019,499,0,1.48423038440729
KA_BR,2,2019,499,64,111.823177255255
KA_BR_HSA,2,2019,499,16,62.5045887918477
KA_G,2,2019,499,34,23.6027094346218
KA_G_COIN,2,2019,499,30,43.9410544232385
KA_P,2,2019,499,27,9.18949027808664
KA_SIL,2,2019,499,174,146.797140358632
Small_BR,2,2019,499,36,19.696158949121
Small_G,2,2019,499,15,7.77047728496389
Small_P,2,2019,499,6,3.23006861155699
Small_SIL,2,2019,499,35,22.8697489025073
ANT_BR,3,2014,3169,354,260.300352717469
ANT_BR_HSA,3,2014,3169,43,130.758140894296
ANT_G,3,2014,3169,21,56.4676476976786
ANT_G3,3,2014,3169,0,1.04962939133855
ANT_P,3,2014,3169,19,16.9763664293191
ANT_P3,3,2014,3169,0,0.257925023138009
ANT_SIL,3,2014,3169,690,499.909605257505
ANT_SIL3,3,2014,3169,0,20.2672709493181
BS_BR,3,2014,3169,66,216.186111375351
BS_BR_HSA,3,2014,3169,32,117.338313968808
BS_G,3,2014,3169,49,73.6807538259053
BS_P,3,2014,3169,31,24.8288290758277
BS_SIL,3,2014,3169,684,559.173209362544
KA_BR,3,2014,3169,289,387.202806543202
KA_G,3,2014,3169,33,58.7344054597589
KA_P,3,2014,3169,54,32.2969101856622
KA_SIL,3,2014,3169,739,593.913341527057
Small_BR,3,2014,3169,21,47.7081870303997
Small_G,3,2014,3169,2,7.44144967859257
Small_P,3,2014,3169,5,3.59802229450854
Small_SIL,3,2014,3169,37,60.9107213123226
ANT_BR,3,2015,3948,430,309.835707101017
ANT_BR_HSA,3,2015,3948,44,155.502779407331
ANT_G,3,2015,3948,34,58.9018326605801
ANT_G3,3,2015,3948,0,0.313109212416716
ANT_P,3,2015,3948,13,15.4118978248307
ANT_P3,3,2015,3948,0,0.0590235597726528
ANT_SIL,3,2015,3948,948,621.442923888621
ANT_SIL3,3,2015,3948,0,8.98510016249409
BS_BR,3,2015,3948,88,242.793911912037
BS_BR_HSA,3,2015,3948,27,132.33885849179
BS_G,3,2015,3948,60,75.3482875065393
BS_P,3,2015,3948,28,24.4408574088579
BS_SIL,3,2015,3948,567,597.135811704958
KA_BR,3,2015,3948,464,475.474901931646
KA_G,3,2015,3948,47,83.1470323799315
KA_P,3,2015,3948,79,48.2913318063549
KA_SIL,3,2015,3948,1039,842.713780206202
Small_BR,3,2015,3948,23,57.6245070806524
Small_G,3,2015,3948,7,20.2939863926201
Small_P,3,2015,3948,5,9.2750860609121
Small_SIL,3,2015,3948,45,168.669273300433
ANT_BR,3,2016,2725,199,175.280159197101
ANT_BR_HSA,3,2016,2725,161,110.716959378547
ANT_G,3,2016,2725,13,18.6466405047876
ANT_G3,3,2016,2725,0,0.113201715386469
ANT_P,3,2016,2725,8,4.36024036544432
ANT_P3,3,2016,2725,0,0.0190693505175158
ANT_SIL,3,2016,2725,378,286.987269718883
ANT_SIL3,3,2016,2725,1,3.39772999469332
BS_BR,3,2016,2725,42,118.861072492036
BS_BR_HSA,3,2016,2725,5,58.2818903988424
BS_G,3,2016,2725,22,20.0332214499649
BS_P,3,2016,2725,8,1.95933181293323
BS_SIL,3,2016,2725,394,321.593670276887
HN_BR,3,2016,2725,7,109.491876202428
HN_G,3,2016,2725,0,9.65967400330743
HN_P,3,2016,2725,1,2.05904441024917
HN_SIL,3,2016,2725,10,154.860172188282
KA_BR,3,2016,2725,292,295.089574686922
KA_BR_HSA,3,2016,2725,51,163.456645560559
KA_G,3,2016,2725,44,64.2145330694782
KA_P,3,2016,2725,48,32.7653070543952
KA_SIL,3,2016,2725,956,585.463854242009
Small_BR,3,2016,2725,17,39.256755075697
Small_G,3,2016,2725,5,14.1826309773525
Small_P,3,2016,2725,4,6.32018734382398
Small_SIL,3,2016,2725,59,127.929288529474
ANT_BR,3,2017,2603,83,167.974764214819
ANT_BR_HSA,3,2017,2603,32,92.2853343737396
ANT_G,3,2017,2603,5,5.45674422849754
ANT_G3,3,2017,2603,0,0.0558114653069677
ANT_P,3,2017,2603,0,0.855919737128044
ANT_P3,3,2017,2603,0,0.00561737040738924
ANT_SIL,3,2017,2603,93,119.462881693814
ANT_SIL3,3,2017,2603,1,1.35856858139081
BS_BR,3,2017,2603,20,64.7419736146306
BS_BR_HSA,3,2017,2603,18,42.0591249755474
BS_G,3,2017,2603,7,6.35137302450136
BS_G3,3,2017,2603,0,2.63724846763808
BS_P,3,2017,2603,5,0.436898882060462
BS_P3,3,2017,2603,0,0.257418580889252
BS_SIL,3,2017,2603,204,118.322083620228
BS_SIL3,3,2017,2603,4,41.7803625123094
HN_BR,3,2017,2603,3,76.5802606582233
HN_G,3,2017,2603,1,2.69488296150437
HN_P,3,2017,2603,0,0.436885116547363
HN_SIL,3,2017,2603,7,55.3625977896236
KA_BR,3,2017,2603,409,403.115776309775
KA_BR_HSA,3,2017,2603,58,201.571906658684
KA_G,3,2017,2603,39,90.4164660554456
KA_G_COIN,3,2017,2603,38,134.084224051303
KA_P,3,2017,2603,35,36.9377359784863
KA_SIL,3,2017,2603,1357,727.870577046454
Small_BR,3,2017,2603,32,44.7524804973442
Small_G,3,2017,2603,2,12.5419455758708
Small_P,3,2017,2603,1,4.66013273898825
Small_SIL,3,2017,2603,149,147.932003218843
BS_BR,3,2018,2614,63,78.4038155196431
BS_BR_HSA,3,2018,2614,33,45.5728861814295
BS_G,3,2018,2614,14,2.18253114552663
BS_G3,3,2018,2614,20,35.1552681090652
BS_P,3,2018,2614,7,0.04812731299956
BS_P3,3,2018,2614,0,1.34737511586165
BS_SIL,3,2018,2614,135,25.2182757773892
BS_SIL3,3,2018,2614,647,392.510465769972
HN_BR,3,2018,2614,40,160.626977139921
HN_G,3,2018,2614,2,2.72223038201845
HN_P,3,2018,2614,1,0.12618770993773
HN_SIL,3,2018,2614,16,31.0449752276051
KA_BR,3,2018,2614,430,512.203843285221
KA_BR_HSA,3,2018,2614,95,263.891509058545
KA_G,3,2018,2614,148,170.223274719129
KA_G_COIN,3,2018,2614,284,273.280542124204
KA_P,3,2018,2614,82,68.8467046415424
KA_SIL,3,2018,2614,540,450.821893128952
Small_BR,3,2018,2614,31,51.5795850025198
Small_G,3,2018,2614,6,11.4300580854417
Small_P,3,2018,2614,4,3.74380644198067
Small_SIL,3,2018,2614,16,33.0196681210935
BS_BR,3,2019,1993,37,37.5330133864212
BS_BR_HSA,3,2019,1993,12,21.2450492322903
BS_G,3,2019,1993,9,0.935976903484747
BS_G3,3,2019,1993,27,26.5480939439966
BS_P,3,2019,1993,6,0.0167935578544491
BS_P3,3,2019,1993,1,0.729936234775151
BS_SIL,3,2019,1993,102,11.3472056818267
BS_SIL3,3,2019,1993,467,305.400020130003
HN_BR,3,2019,1993,21,87.623972552254
HN_BR_HSA,3,2019,1993,4,47.1135284911337
HN_G,3,2019,1993,1,1.1185395209058
HN_P,3,2019,1993,1,0.0427226314085337
HN_SIL,3,2019,1993,12,20.7831217375198
KA_BR,3,2019,1993,337,441.217509235292
KA_BR_HSA,3,2019,1993,90,249.522967698857
KA_G,3,2019,1993,53,70.5598002450355
KA_G_COIN,3,2019,1993,98,128.702420605923
KA_P,3,2019,1993,62,28.2498249496891
KA_SIL,3,2019,1993,595,436.455041748347
Small_BR,3,2019,1993,41,47.7325972127518
Small_G,3,2019,1993,3,7.15278951895757
Small_P,3,2019,1993,3,2.20563069616351
Small_SIL,3,2019,1993,11,20.7634440851081
ANT_BR,4,2014,1719,86,117.231625608037
ANT_BR_HSA,4,2014,1719,13,58.6878244331267
ANT_G,4,2014,1719,12,16.8960724064388
ANT_P,4,2014,1719,9,4.3329014081744
ANT_SIL,4,2014,1719,147,183.316212843535
BS_BR,4,2014,1719,22,92.4788924640009
BS_BR_HSA,4,2014,1719,6,50.6580401646949
BS_G,4,2014,1719,44,22.4699372791409
BS_P,4,2014,1719,29,6.53665291000012
BS_SIL,4,2014,1719,289,204.277366307784
HN_BR,4,2014,1719,27,83.8551295721899
HN_G,4,2014,1719,3,5.05046226241297
HN_P,4,2014,1719,3,0.833910503540271
HN_SIL,4,2014,1719,25,57.874862829132
KA_BR,4,2014,1719,91,182.117036848468
KA_G,4,2014,1719,13,19.29914061516
KA_P,4,2014,1719,24,9.88673957527357
KA_SIL,4,2014,1719,241,237.732369585088
Small_BR,4,2014,1719,192,101.365879418786
Small_G,4,2014,1719,2,13.6745475984065
Small_P,4,2014,1719,4,5.48478537908026
Small_SIL,4,2014,1719,437,244.939609987531
ANT_BR,4,2015,1758,69,109.616716312962
ANT_BR_HSA,4,2015,1758,14,54.6085373396723
ANT_G,4,2015,1758,7,9.37450700847276
ANT_P,4,2015,1758,7,1.96862373272712
ANT_SIL,4,2015,1758,116,131.259016037556
BS_BR,4,2015,1758,47,98.70369603284
BS_BR_HSA,4,2015,1758,13,54.5740726566985
BS_G,4,2015,1758,33,20.7037026229145
BS_P,4,2015,1758,27,5.77354111006238
BS_SIL,4,2015,1758,274,197.27151210056
HN_BR,4,2015,1758,5,83.4867380652981
HN_G,4,2015,1758,0,4.47229230094902
HN_P,4,2015,1758,2,0.69228439366157
HN_SIL,4,2015,1758,11,54.1103058228762
KA_BR,4,2015,1758,251,223.317336809425
KA_G,4,2015,1758,25,25.7889175052662
KA_P,4,2015,1758,26,14.0025464657631
KA_SIL,4,2015,1758,363,319.624975153561
Small_BR,4,2015,1758,151,114.652768927664
Small_G,4,2015,1758,4,9.44917633865434
Small_P,4,2015,1758,4,3.60322762732628
Small_SIL,4,2015,1758,309,220.945505635088
ANT_BR,4,2016,1233,15,55.8525334034136
ANT_BR_HSA,4,2016,1233,29,40.9978151757281
ANT_G,4,2016,1233,1,2.12188460563038
ANT_P,4,2016,1233,3,0.399694596990928
ANT_SIL,4,2016,1233,28,43.8407842638163
BS_BR,4,2016,1233,48,74.9565162886848
BS_BR_HSA,4,2016,1233,3,36.6110136276431
BS_G,4,2016,1233,23,11.0357610377999
BS_P,4,2016,1233,11,0.996923193464119
BS_SIL,4,2016,1233,323,191.276313541375
HN_BR,4,2016,1233,3,50.1173697267437
HN_G,4,2016,1233,0,2.61485899173554
HN_P,4,2016,1233,0,0.491030686456658
HN_SIL,4,2016,1233,6,49.6709927774148
KA_BR,4,2016,1233,136,135.668082658778
KA_BR_HSA,4,2016,1233,36,77.986495738775
KA_G,4,2016,1233,18,15.0221957524048
KA_P,4,2016,1233,18,7.13152903233098
KA_SIL,4,2016,1233,193,159.892021261044
Small_BR,4,2016,1233,142,86.899925266929
Small_G,4,2016,1233,1,8.68869321850486
Small_P,4,2016,1233,1,3.5370752882695
Small_SIL,4,2016,1233,195,177.190489866068
ANT_BR,4,2017,1133,10,56.226237433142
ANT_BR_HSA,4,2017,1133,6,32.4169691512742
ANT_G,4,2017,1133,0,0.642346951449374
ANT_P,4,2017,1133,1,0.0827088479848137
ANT_SIL,4,2017,1133,17,18.8997438132345
BS_BR,4,2017,1133,19,39.4362182632236
BS_BR_HSA,4,2017,1133,6,25.4941763698707
BS_G,4,2017,1133,13,3.24685594415162
BS_G3,4,2017,1133,2,2.04205808365416
BS_P,4,2017,1133,6,0.197445584297939
BS_P3,4,2017,1133,0,0.187241419399726
BS_SIL,4,2017,1133,175,67.4784394899794
BS_SIL3,4,2017,1133,6,34.1230872406965
HN_BR,4,2017,1133,1,28.9504398374954
HN_G,4,2017,1133,0,0.612269049305414
HN_P,4,2017,1133,0,0.0864724422176531
HN_SIL,4,2017,1133,3,15.3654623771277
KA_BR,4,2017,1133,186,204.925378780705
KA_BR_HSA,4,2017,1133,29,101.343959257739
KA_G,4,2017,1133,14,22.11990485396
KA_G_COIN,4,2017,1133,17,34.3546956154638
KA_P,4,2017,1133,19,8.1682826638236
KA_SIL,4,2017,1133,299,207.271072582555
Small_BR,4,2017,1133,113,74.7584131388761
Small_G,4,2017,1133,2,9.28047797781787
Small_P,4,2017,1133,2,3.4902086097053
Small_SIL,4,2017,1133,187,141.799434220851
BS_BR,4,2018,1080,72,67.7799024683252
BS_BR_HSA,4,2018,1080,19,37.9032648543942
BS_G,4,2018,1080,21,2.08978626761063
BS_G3,4,2018,1080,0,1.596805448089
BS_P,4,2018,1080,11,0.0422316492358017
BS_P3,4,2018,1080,1,0.0303727011354427
BS_SIL,4,2018,1080,97,25.464652917721
BS_SIL3,4,2018,1080,25,26.6106756949583
HN_BR,4,2018,1080,2,32.602695825977
HN_G,4,2018,1080,0,0.352647768438003
HN_P,4,2018,1080,0,0.0357235024704724
HN_SIL,4,2018,1080,0,2.91782352214386
KA_BR,4,2018,1080,181,265.402611729934
KA_BR_HSA,4,2018,1080,34,137.023402374501
KA_G,4,2018,1080,50,56.0736849468339
KA_G_COIN,4,2018,1080,108,95.9793867238045
KA_P,4,2018,1080,22,20.1627580588358
KA_SIL,4,2018,1080,176,150.931131093652
Small_BR,4,2018,1080,105,47.0975665965984
Small_G,4,2018,1080,12,19.122501514526
Small_P,4,2018,1080,5,6.50384291432709
Small_SIL,4,2018,1080,139,84.2765314264889
BS_BR,4,2019,696,30,33.4235888358485
BS_BR_HSA,4,2019,696,15,18.6203379202705
BS_G,4,2019,696,13,0.722195189249989
BS_G3,4,2019,696,3,0.998357753573441
BS_P,4,2019,696,6,0.0108937120607549
BS_P3,4,2019,696,0,0.0126244921772864
BS_SIL,4,2019,696,57,9.30082137453965
BS_SIL3,4,2019,696,13,16.4539761399067
HN_BR,4,2019,696,2,12.0278500546247
HN_G,4,2019,696,0,0.0687075740666823
HN_P,4,2019,696,0,0.0055209519393849
HN_SIL,4,2019,696,0,0.6544461542023
KA_BR,4,2019,696,124,186.943111607212
KA_BR_HSA,4,2019,696,17,108.727631747957
KA_G,4,2019,696,12,19.1393376925061
KA_G_COIN,4,2019,696,28,37.4144009201716
KA_P,4,2019,696,13,6.91999416494212
KA_SIL,4,2019,696,173,132.512608513337
Small_BR,4,2019,696,102,36.9926549722222
Small_G,4,2019,696,6,13.0406527730155
Small_P,4,2019,696,1,4.24151996143755
Small_SIL,4,2019,696,81,57.7687674947395
ANT_BR,5,2014,1628,38,90.1107986028466
ANT_BR_HSA,5,2014,1628,4,45.0503723013961
ANT_G,5,2014,1628,6,12.752676285585
ANT_P,5,2014,1628,4,3.5072929560041
ANT_SIL,5,2014,1628,78,126.94288348388
BS_BR,5,2014,1628,41,107.536616819708
BS_BR_HSA,5,2014,1628,8,58.0720013013191
BS_G,5,2014,1628,30,41.8060881197048
BS_P,5,2014,1628,26,14.0831987126888
BS_SIL,5,2014,1628,550,319.646718139917
HN_BR,5,2014,1628,8,72.4076512325818
HN_G,5,2014,1628,3,5.47434562969346
HN_P,5,2014,1628,1,1.02306227697054
HN_SIL,5,2014,1628,8,55.8319625555601
KA_BR,5,2014,1628,188,180.387042868481
KA_G,5,2014,1628,30,29.1193532455206
KA_P,5,2014,1628,31,15.9274682340397
KA_SIL,5,2014,1628,519,301.419034921159
Small_BR,5,2014,1628,12,34.2421855770605
Small_G,5,2014,1628,3,16.4026015082415
Small_P,5,2014,1628,1,6.31809660247144
Small_SIL,5,2014,1628,39,89.9385486251723
ANT_BR,5,2015,1912,39,115.759953635039
ANT_BR_HSA,5,2015,1912,8,57.536082484271
ANT_G,5,2015,1912,4,11.6420030204028
ANT_P,5,2015,1912,2,2.7027893643957
ANT_SIL,5,2015,1912,55,141.6442119373
BS_BR,5,2015,1912,70,143.75416391868
BS_BR_HSA,5,2015,1912,21,78.4821400041391
BS_G,5,2015,1912,44,45.3811677243731
BS_P,5,2015,1912,31,14.7928092407327
BS_SIL,5,2015,1912,485,358.185750787119
HN_BR,5,2015,1912,5,85.4929371263233
HN_G,5,2015,1912,0,5.63184962513284
HN_P,5,2015,1912,0,0.977787493951249
HN_SIL,5,2015,1912,5,60.1919940285815
KA_BR,5,2015,1912,386,270.833556673589
KA_G,5,2015,1912,48,43.8457078467779
KA_P,5,2015,1912,58,25.3696121148421
KA_SIL,5,2015,1912,651,449.77548297435
ANT_BR,5,2016,1244,12,63.6328775763919
ANT_BR_HSA,5,2016,1244,24,43.5876482065247
ANT_G,5,2016,1244,3,3.71453501901042
ANT_P,5,2016,1244,2,0.811773412842916
ANT_SIL,5,2016,1244,25,64.2316510745597
BS_BR,5,2016,1244,49,80.0815151502438
BS_BR_HSA,5,2016,1244,6,39.4209204608368
BS_G,5,2016,1244,22,16.1848947573731
BS_P,5,2016,1244,9,1.77248758642563
BS_SIL,5,2016,1244,339,238.56616124146
HN_BR,5,2016,1244,4,61.9997564617106
HN_G,5,2016,1244,2,5.56855061636095
HN_P,5,2016,1244,2,1.23397247074185
HN_SIL,5,2016,1244,7,86.1422450583499
KA_BR,5,2016,1244,209,153.353265785317
KA_BR_HSA,5,2016,1244,56,85.8371517246405
KA_G,5,2016,1244,27,27.8557014250014
KA_P,5,2016,1244,32,14.1926349505509
KA_SIL,5,2016,1244,414,255.812257021658
ANT_BR,5,2017,1266,9,52.790502683459
ANT_BR_HSA,5,2017,1266,5,29.6974049771903
ANT_G,5,2017,1266,0,0.927602707474621
ANT_P,5,2017,1266,1,0.134075903395649
ANT_SIL,5,2017,1266,9,23.7993590337817
BS_BR,5,2017,1266,18,52.2490415126362
BS_BR_HSA,5,2017,1266,11,31.3147209418285
BS_G,5,2017,1266,11,6.59125630233873
BS_G3,5,2017,1266,0,1.17276844460256
BS_P,5,2017,1266,2,0.492055366565652
BS_P3,5,2017,1266,0,0.113859196511159
BS_SIL,5,2017,1266,183,116.594491800227
BS_SIL3,5,2017,1266,0,19.2157727685144
HN_BR,5,2017,1266,3,44.457694746758
HN_G,5,2017,1266,0,1.93060781881295
HN_P,5,2017,1266,0,0.321461725769713
HN_SIL,5,2017,1266,12,39.1480926736372
KA_BR,5,2017,1266,188,195.441128150238
KA_BR_HSA,5,2017,1266,29,97.7418229674053
KA_G,5,2017,1266,27,51.6816433836577
KA_G_COIN,5,2017,1266,34,77.1467471833122
KA_P,5,2017,1266,29,20.8588255003948
KA_SIL,5,2017,1266,695,402.179064211489
BS_BR,5,2018,1034,22,45.9750202861329
BS_BR_HSA,5,2018,1034,2,24.6679286096514
BS_G,5,2018,1034,15,3.97148936831894
BS_G3,5,2018,1034,2,0.768394866840739
BS_P,5,2018,1034,6,0.076683334621641
BS_P3,5,2018,1034,0,0.0112866122492989
BS_SIL,5,2018,1034,105,50.2634272673236
BS_SIL3,5,2018,1034,1,15.0456688278843
HN_BR,5,2018,1034,4,32.8935157551064
HN_G,5,2018,1034,0,1.52200403725482
HN_P,5,2018,1034,0,0.162188334598619
HN_SIL,5,2018,1034,3,12.3422953625636
KA_BR,5,2018,1034,101,136.816741961925
KA_BR_HSA,5,2018,1034,17,70.4319798279405
KA_G,5,2018,1034,142,120.506383449468
KA_G_COIN,5,2018,1034,148,147.988481704844
KA_P,5,2018,1034,127,71.8952340093789
KA_SIL,5,2018,1034,339,298.661276383898
BS_BR,5,2019,263,6,11.8234981261395
BS_BR_HSA,5,2019,263,0,6.28014389175845
BS_G,5,2019,263,2,0.853474444643928
BS_G3,5,2019,263,0,0.174593851722822
BS_P,5,2019,263,1,0.0117501093564421
BS_P3,5,2019,263,0,0.00139991313143679
BS_SIL,5,2019,263,12,11.9955454991529
BS_SIL3,5,2019,263,1,3.6977903572334
HN_BR,5,2019,263,1,7.27653909629338
HN_G,5,2019,263,0,0.120123835146834
HN_P,5,2019,263,0,0.00970732254740216
HN_SIL,5,2019,263,0,1.16294865012041
KA_BR,5,2019,263,22,36.608885775808
KA_BR_HSA,5,2019,263,7,20.109454630117
KA_G,5,2019,263,29,24.4847892473911
KA_G_COIN,5,2019,263,39,33.2952560706614
KA_P,5,2019,263,36,12.5488742265343
KA_SIL,5,2019,263,107,92.5452249522414
ANT_BR,6,2014,2683,183,187.217105701548
ANT_BR_HSA,6,2014,2683,17,93.8108483653641
ANT_G,6,2014,2683,33,30.6079342445475
ANT_P,6,2014,2683,30,8.2903314876846
ANT_SIL,6,2014,2683,507,309.8466591745
BS_BR,6,2014,2683,95,227.449532516496
BS_BR_HSA,6,2014,2683,33,122.144386258656
BS_G,6,2014,2683,48,107.352734923077
BS_P,6,2014,2683,22,35.8700968074054
BS_SIL,6,2014,2683,664,785.436611942716
KA_BR,6,2014,2683,249,296.003722166697
KA_G,6,2014,2683,43,37.0801143962244
KA_P,6,2014,2683,54,19.5506873332772
KA_SIL,6,2014,2683,705,422.339234681808
ANT_BR,6,2015,3264,192,226.278651621813
ANT_BR_HSA,6,2015,3264,20,113.140945811484
ANT_G,6,2015,3264,23,27.3806916492151
ANT_P,6,2015,3264,21,6.39110671690736
ANT_SIL,6,2015,3264,426,335.068776401635
BS_BR,6,2015,3264,60,272.255424810822
BS_BR_HSA,6,2015,3264,25,147.195888342984
BS_G,6,2015,3264,43,102.737212700564
BS_P,6,2015,3264,25,33.259995498583
BS_SIL,6,2015,3264,709,814.864526354121
KA_BR,6,2015,3264,569,414.026732230934
KA_G,6,2015,3264,57,61.2153167374664
KA_P,6,2015,3264,56,34.5720653240085
KA_SIL,6,2015,3264,1038,675.612665799459
ANT_BR,6,2016,2108,46,120.104684773535
ANT_BR_HSA,6,2016,2108,22,81.8959854688835
ANT_G,6,2016,2108,2,7.03085226122985
ANT_P,6,2016,2108,3,1.50328349476858
ANT_SIL,6,2016,2108,51,125.231997797399
BS_BR,6,2016,2108,90,173.056969779961
BS_BR_HSA,6,2016,2108,4,85.5139717900579
BS_G,6,2016,2108,36,41.6822138825738
BS_P,6,2016,2108,9,4.63247464829655
BS_SIL,6,2016,2108,755,592.256241093453
KA_BR,6,2016,2108,330,259.050479539778
KA_BR_HSA,6,2016,2108,88,146.394153862522
KA_G,6,2016,2108,42,42.1033810462659
KA_P,6,2016,2108,49,20.9676771083798
KA_SIL,6,2016,2108,581,406.575633452896
ANT_BR,6,2017,1898,10,76.9816498935361
ANT_BR_HSA,6,2017,1898,4,44.7314211815066
ANT_G,6,2017,1898,1,1.03002938618302
ANT_P,6,2017,1898,0,0.138642168959901
ANT_SIL,6,2017,1898,11,27.6371166934359
BS_BR,6,2017,1898,51,121.530194353028
BS_BR_HSA,6,2017,1898,26,72.838479925682
BS_G,6,2017,1898,19,17.461213543808
BS_G3,6,2017,1898,0,12.9691474958343
BS_P,6,2017,1898,4,1.38425047531032
BS_P3,6,2017,1898,0,1.53047474357048
BS_SIL,6,2017,1898,436,283.082438706613
BS_SIL3,6,2017,1898,1,170.298765066696
KA_BR,6,2017,1898,434,340.202880346906
KA_BR_HSA,6,2017,1898,48,169.041991440498
KA_G,6,2017,1898,28,48.9492347011306
KA_G_COIN,6,2017,1898,41,73.6803252772593
KA_P,6,2017,1898,34,19.3532829641459
KA_SIL,6,2017,1898,750,415.158461635897
BS_BR,6,2018,1713,74,136.178691472792
BS_BR_HSA,6,2018,1713,21,74.5580949549975
BS_G,6,2018,1713,24,7.86537445341557
BS_G3,6,2018,1713,7,8.10204464158165
BS_P,6,2018,1713,6,0.205569179708568
BS_P3,6,2018,1713,0,0.211617480245721
BS_SIL,6,2018,1713,140,85.7356054302698
BS_SIL3,6,2018,1713,84,114.854673049391
KA_BR,6,2018,1713,350,386.174143676676
KA_BR_HSA,6,2018,1713,53,199.132978273387
KA_G,6,2018,1713,146,122.846725203817
KA_G_COIN,6,2018,1713,282,202.255097414551
KA_P,6,2018,1713,75,46.4939910189731
KA_SIL,6,2018,1713,451,328.385393750194
BS_BR,6,2019,677,31,45.7742050025092
BS_BR_HSA,6,2019,677,3,24.7092813849682
BS_G,6,2019,677,7,1.94649411339846
BS_G3,6,2019,677,2,3.52036040659042
BS_P,6,2019,677,4,0.0411691819648177
BS_P3,6,2019,677,0,0.066475447297874
BS_SIL,6,2019,677,52,22.2120434671251
BS_SIL3,6,2019,677,30,49.2524710894778
KA_BR,6,2019,677,117,156.63482574076
KA_BR_HSA,6,2019,677,40,88.3270838247086
KA_G,6,2019,677,18,29.1204460075324
KA_G_COIN,6,2019,677,54,55.0196961156934
KA_P,6,2019,677,30,11.0875668481954
KA_SIL,6,2019,677,289,189.287881369779
ANT_BR,7,2014,2748,519,236.276473506034
ANT_BR_HSA,7,2014,2748,45,118.342575977417
ANT_G,7,2014,2748,30,42.572242182759
ANT_G3,7,2014,2748,4,18.1943937145149
ANT_P,7,2014,2748,18,11.9391860251466
ANT_P3,7,2014,2748,1,5.58926249273593
ANT_SIL,7,2014,2748,991,410.525577321521
ANT_SIL3,7,2014,2748,117,247.771421344747
BS_BR,7,2014,2748,29,131.038704169746
BS_BR_HSA,7,2014,2748,12,73.0373781492456
BS_G,7,2014,2748,22,29.0915299302469
BS_P,7,2014,2748,17,8.65024098762866
BS_SIL,7,2014,2748,209,255.44895305892
HN_BR,7,2014,2748,47,166.731121444753
HN_G,7,2014,2748,4,13.0689673818469
HN_P,7,2014,2748,3,2.38810279382897
HN_SIL,7,2014,2748,36,134.868850021656
KA_BR,7,2014,2748,150,253.52280692906
KA_G,7,2014,2748,24,20.4380939671094
KA_P,7,2014,2748,27,10.4834966435746
KA_SIL,7,2014,2748,358,248.500891376565
Small_BR,7,2014,2748,26,106.666072305157
Small_G,7,2014,2748,5,25.2792092630871
Small_P,7,2014,2748,3,8.16395755308259
Small_SIL,7,2014,2748,51,169.410491459617
ANT_BR,7,2015,3350,631,276.319314372672
ANT_BR_HSA,7,2015,3350,38,138.546198684343
ANT_G,7,2015,3350,28,46.8273710743769
ANT_G3,7,2015,3350,2,12.7952198544074
ANT_P,7,2015,3350,10,11.6707619620239
ANT_P3,7,2015,3350,1,3.34053588512647
ANT_SIL,7,2015,3350,1040,530.400351855565
ANT_SIL3,7,2015,3350,97,218.385484760891
BS_BR,7,2015,3350,39,125.671528227538
BS_BR_HSA,7,2015,3350,12,70.859899517006
BS_G,7,2015,3350,27,24.4721881489151
BS_P,7,2015,3350,24,7.03371726978307
BS_SIL,7,2015,3350,247,225.071926417687
HN_BR,7,2015,3350,18,155.101972166673
HN_G,7,2015,3350,1,10.8413326380439
HN_P,7,2015,3350,2,1.88985114377626
HN_SIL,7,2015,3350,13,117.441734957129
KA_BR,7,2015,3350,286,372.739109982472
KA_G,7,2015,3350,38,47.4565365656143
KA_P,7,2015,3350,45,26.6202663660652
KA_SIL,7,2015,3350,637,535.141470492305
Small_BR,7,2015,3350,36,131.18357015744
Small_G,7,2015,3350,2,28.9706121354349
Small_P,7,2015,3350,3,8.48634766020007
Small_SIL,7,2015,3350,73,222.73269770451
ANT_BR,7,2016,2258,320,187.232077501037
ANT_BR_HSA,7,2016,2258,152,120.244419765269
ANT_G,7,2016,2258,15,18.2256371663532
ANT_G3,7,2016,2258,0,3.70200082897155
ANT_P,7,2016,2258,5,4.18398377871624
ANT_P3,7,2016,2258,0,0.822194735290487
ANT_SIL,7,2016,2258,488,289.142458540829
ANT_SIL3,7,2016,2258,11,70.9853510212783
BS_BR,7,2016,2258,20,53.0219510956732
BS_BR_HSA,7,2016,2258,3,25.3992175023216
BS_G,7,2016,2258,10,5.68018402323457
BS_P,7,2016,2258,2,0.447223772959404
BS_SIL,7,2016,2258,142,112.512091477238
HN_BR,7,2016,2258,11,114.61230184775
HN_G,7,2016,2258,4,9.36322294506287
HN_P,7,2016,2258,1,1.96064939729675
HN_SIL,7,2016,2258,19,154.628451416851
KA_BR,7,2016,2258,221,247.105778155148
KA_BR_HSA,7,2016,2258,44,139.299476324949
KA_G,7,2016,2258,35,35.0266253939055
KA_P,7,2016,2258,41,17.1344619177515
KA_SIL,7,2016,2258,485,349.638861856689
Small_BR,7,2016,2258,60,99.5877132716704
Small_G,7,2016,2258,10,21.5053727082689
Small_P,7,2016,2258,2,7.78602570640008
Small_SIL,7,2016,2258,157,168.752267849086
ANT_BR,7,2017,1911,165,172.235613033859
ANT_BR_HSA,7,2017,1911,39,94.170343757026
ANT_G,7,2017,1911,8,10.0289986849058
ANT_G3,7,2017,1911,1,3.77988183251385
ANT_P,7,2017,1911,3,1.6906607190701
ANT_P3,7,2017,1911,0,0.527755369167321
ANT_SIL,7,2017,1911,188,197.985016356615
ANT_SIL3,7,2017,1911,17,60.4137829356155
BS_BR,7,2017,1911,13,15.9311619096221
BS_BR_HSA,7,2017,1911,3,10.7956463314298
BS_G,7,2017,1911,6,1.13807561668126
BS_G3,7,2017,1911,0,4.62193833962103
BS_P,7,2017,1911,1,0.0643842717914553
BS_P3,7,2017,1911,0,0.486145385468042
BS_SIL,7,2017,1911,93,25.4181959999792
BS_SIL3,7,2017,1911,12,67.7231794698563
HN_BR,7,2017,1911,7,55.3768381880087
HN_G,7,2017,1911,0,1.86190103320525
HN_P,7,2017,1911,0,0.295083259353319
HN_SIL,7,2017,1911,19,39.2211030939608
KA_BR,7,2017,1911,246,245.565097470113
KA_BR_HSA,7,2017,1911,36,122.2132508189
KA_G,7,2017,1911,24,34.4803140395127
KA_G_COIN,7,2017,1911,14,52.3284052497086
KA_P,7,2017,1911,19,13.3970439409727
KA_SIL,7,2017,1911,503,300.275258214717
Small_BR,7,2017,1911,149,101.921497688965
Small_G,7,2017,1911,10,30.6254127468692
Small_P,7,2017,1911,2,10.6771075531046
Small_SIL,7,2017,1911,333,235.750906689386
ANT_BR,7,2018,1809,92,156.545767041025
ANT_BR_HSA,7,2018,1809,9,66.1498448417836
ANT_G,7,2018,1809,6,2.77650900056151
ANT_P,7,2018,1809,0,0.141688673630877
ANT_SIL,7,2018,1809,40,56.9449000153928
BS_BR,7,2018,1809,25,31.039787557671
BS_BR_HSA,7,2018,1809,4,18.6474591268022
BS_G,7,2018,1809,4,0.494555484297145
BS_G3,7,2018,1809,3,3.8595967994722
BS_P,7,2018,1809,0,0.00806250985841437
BS_P3,7,2018,1809,0,0.0860001926194569
BS_SIL,7,2018,1809,53,6.71335423362781
BS_SIL3,7,2018,1809,31,59.5768929209722
KA_BR,7,2018,1809,209,279.167726172361
KA_BR_HSA,7,2018,1809,22,143.913964238377
KA_G,7,2018,1809,76,84.5607432699019
KA_G_COIN,7,2018,1809,136,143.19873150186
KA_P,7,2018,1809,42,31.0142906890003
KA_SIL,7,2018,1809,266,226.994154035963
Small_BR,7,2018,1809,165,135.975737018715
Small_G,7,2018,1809,51,59.4452721536765
Small_P,7,2018,1809,11,14.6432593451155
Small_SIL,7,2018,1809,564,287.101703177315
ANT_BR,7,2019,1188,55,104.403309804122
ANT_BR_HSA,7,2019,1188,8,52.1372662034697
ANT_G,7,2019,1188,4,3.94586767854208
ANT_P,7,2019,1188,0,0.170686752298726
ANT_SIL,7,2019,1188,31,36.8038615056882
BS_BR,7,2019,1188,12,8.53090911220253
BS_BR_HSA,7,2019,1188,4,4.90211549927833
BS_G,7,2019,1188,5,0.1146467256767
BS_G3,7,2019,1188,3,1.84289866510745
BS_P,7,2019,1188,2,0.00133313775006019
BS_P3,7,2019,1188,0,0.0268727075830014
BS_SIL,7,2019,1188,19,1.68251235113525
BS_SIL3,7,2019,1188,15,29.2086604176558
KA_BR,7,2019,1188,84,170.508475426298
KA_BR_HSA,7,2019,1188,20,96.0873213027449
KA_G,7,2019,1188,18,22.6749306928705
KA_G_COIN,7,2019,1188,40,44.4239742576222
KA_P,7,2019,1188,22,8.18912477635077
KA_SIL,7,2019,1188,197,157.628616540431
Small_BR,7,2019,1188,146,129.442688178784
Small_G,7,2019,1188,48,36.8957381600268
Small_P,7,2019,1188,10,8.1798490854523
Small_SIL,7,2019,1188,445,270.198341018909
ANT_BR,8,2014,1097,42,74.0380654480252
ANT_BR_HSA,8,2014,1097,10,36.9912200201142
ANT_G,8,2014,1097,8,8.21304317393027
ANT_P,8,2014,1097,4,1.98383573432057
ANT_SIL,8,2014,1097,84,96.1687732697257
BS_BR,8,2014,1097,14,59.2994868907241
BS_BR_HSA,8,2014,1097,7,32.670813136556
BS_G,8,2014,1097,24,12.3323674497617
BS_P,8,2014,1097,11,3.42503637365075
BS_SIL,8,2014,1097,175,118.709953790392
HN_BR,8,2014,1097,23,57.2111993928077
HN_G,8,2014,1097,0,2.97262412734922
HN_P,8,2014,1097,3,0.470025315852441
HN_SIL,8,2014,1097,17,35.8264845327149
KA_BR,8,2014,1097,131,138.96704281044
KA_G,8,2014,1097,22,15.600568098477
KA_P,8,2014,1097,25,7.93009961884062
KA_SIL,8,2014,1097,349,196.735861999763
Small_BR,8,2014,1097,43,63.3125317805884
Small_G,8,2014,1097,0,5.65254539051573
Small_P,8,2014,1097,0,2.14791429761561
Small_SIL,8,2014,1097,105,126.340507347835
ANT_BR,8,2015,1289,79,101.732254806072
ANT_BR_HSA,8,2015,1289,12,50.7147838827382
ANT_G,8,2015,1289,12,10.4437616765072
ANT_P,8,2015,1289,4,2.29474479197265
ANT_SIL,8,2015,1289,120,139.824884761165
BS_BR,8,2015,1289,26,63.819944128815
BS_BR_HSA,8,2015,1289,6,35.6812524252843
BS_G,8,2015,1289,23,11.6244599870988
BS_P,8,2015,1289,7,3.20202315277517
BS_SIL,8,2015,1289,181,113.238143934232
HN_BR,8,2015,1289,9,58.6558654548378
HN_G,8,2015,1289,0,2.78052876146014
HN_P,8,2015,1289,1,0.437250170302452
HN_SIL,8,2015,1289,4,33.9003857811701
KA_BR,8,2015,1289,210,182.05184769753
KA_G,8,2015,1289,19,21.5602449891626
KA_P,8,2015,1289,29,11.8011427296883
KA_SIL,8,2015,1289,446,262.4939041557
Small_BR,8,2015,1289,46,73.4762453186177
Small_G,8,2015,1289,1,3.91745033205086
Small_P,8,2015,1289,1,1.45341511904511
Small_SIL,8,2015,1289,53,103.895465943774
ANT_BR,8,2016,844,65,68.4774111072008
ANT_BR_HSA,8,2016,844,27,45.3262929947181
ANT_G,8,2016,844,6,4.59977353974885
ANT_P,8,2016,844,4,0.954131622377405
ANT_SIL,8,2016,844,94,86.6130622358599
BS_BR,8,2016,844,14,21.880646863077
BS_BR_HSA,8,2016,844,1,10.4303274969635
BS_G,8,2016,844,7,1.92050368894348
BS_P,8,2016,844,1,0.141953528742442
BS_SIL,8,2016,844,66,42.6316062865325
HN_BR,8,2016,844,6,29.4721912796703
HN_G,8,2016,844,0,1.21576333195599
HN_P,8,2016,844,0,0.220117886948968
HN_SIL,8,2016,844,6,25.5494323654205
KA_BR,8,2016,844,106,108.824305706872
KA_BR_HSA,8,2016,844,31,61.4936367616063
KA_G,8,2016,844,20,14.5406490205958
KA_P,8,2016,844,12,6.88350283986549
KA_SIL,8,2016,844,283,157.348260798159
Small_BR,8,2016,844,36,50.289292880705
Small_G,8,2016,844,0,4.19615718936712
Small_P,8,2016,844,0,1.62939293790958
Small_SIL,8,2016,844,59,99.3615876367597
ANT_BR,8,2017,791,25,64.1364372622939
ANT_BR_HSA,8,2017,791,8,35.8961480562181
ANT_G,8,2017,791,0,1.01839404612837
ANT_P,8,2017,791,0,0.137253954659591
ANT_SIL,8,2017,791,19,28.4623533197416
BS_BR,8,2017,791,10,12.523368904581
BS_BR_HSA,8,2017,791,4,8.62468833631863
BS_G,8,2017,791,6,0.757417416115643
BS_G3,8,2017,791,0,0.420304124151884
BS_P,8,2017,791,2,0.0411649587549328
BS_P3,8,2017,791,0,0.0345350795372653
BS_SIL,8,2017,791,67,18.472041397866
BS_SIL3,8,2017,791,3,8.16932835224415
HN_BR,8,2017,791,3,13.9056752020773
HN_G,8,2017,791,0,0.22396514871256
HN_P,8,2017,791,1,0.0305987992367324
HN_SIL,8,2017,791,8,6.17140656037091
KA_BR,8,2017,791,168,164.822876396563
KA_BR_HSA,8,2017,791,19,81.7764912386911
KA_G,8,2017,791,15,19.1698894650645
KA_G_COIN,8,2017,791,20,29.9860302399401
KA_P,8,2017,791,10,6.99171627316651
KA_SIL,8,2017,791,368,184.348678626074
Small_BR,8,2017,791,17,42.0458921592071
Small_G,8,2017,791,0,3.23932722420286
Small_P,8,2017,791,1,1.14578696782308
Small_SIL,8,2017,791,17,58.4482304902589
BS_BR,8,2018,586,25,29.8897389180876
BS_BR_HSA,8,2018,586,1,16.888987310659
BS_G,8,2018,586,8,0.54846865256325
BS_G3,8,2018,586,2,0.429437872495774
BS_P,8,2018,586,0,0.00812976589268758
BS_P3,8,2018,586,0,0.00597614400549947
BS_SIL,8,2018,586,48,7.6284795276379
BS_SIL3,8,2018,586,10,8.37662421874069
HN_BR,8,2018,586,1,12.9376504046432
HN_G,8,2018,586,0,0.0788310943568282
HN_P,8,2018,586,0,0.00662328802051481
HN_SIL,8,2018,586,1,0.722224627659954
KA_BR,8,2018,586,93,141.284816031458
KA_BR_HSA,8,2018,586,26,72.7970815574036
KA_G,8,2018,586,63,41.3638991973352
KA_G_COIN,8,2018,586,88,71.3456801541601
KA_P,8,2018,586,36,14.2349012597026
KA_SIL,8,2018,586,163,112.009292864988
Small_BR,8,2018,586,12,20.1013342369205
Small_G,8,2018,586,1,5.88923356924199
Small_P,8,2018,586,0,1.82082609628062
Small_SIL,8,2018,586,8,27.6317632077464
BS_BR,8,2019,138,5,4.82145078529145
BS_BR_HSA,8,2019,138,1,2.70912156203493
BS_G,8,2019,138,3,0.0699701607268117
BS_G3,8,2019,138,0,0.103001437653009
BS_P,8,2019,138,0,0.000960884202041687
BS_P3,8,2019,138,0,0.00114051595839078
BS_SIL,8,2019,138,13,0.994050085698712
BS_SIL3,8,2019,138,1,1.93426429787662
HN_BR,8,2019,138,0,1.55235535079805
HN_G,8,2019,138,1,0.00595271933848741
HN_P,8,2019,138,0,0.00047007495685705
HN_SIL,8,2019,138,0,0.0595412238000292
KA_BR,8,2019,138,25,35.0234926926985
KA_BR_HSA,8,2019,138,4,19.6488789842291
KA_G,8,2019,138,4,5.3417720267213
KA_G_COIN,8,2019,138,12,10.8380144498567
KA_P,8,2019,138,2,1.84650725389587
KA_SIL,8,2019,138,57,38.8099233092557
Small_BR,8,2019,138,3,5.15875765531839
Small_G,8,2019,138,0,1.50825302119726
Small_P,8,2019,138,0,0.443890016507892
Small_SIL,8,2019,138,7,7.128231491984
ANT_BR,9,2014,1738,216,142.964957838077
ANT_BR_HSA,9,2014,1738,38,71.6386692140788
ANT_G,9,2014,1738,36,21.8721759901721
ANT_P,9,2014,1738,20,5.71178831190044
ANT_SIL,9,2014,1738,723,234.102120344743
BS_BR,9,2014,1738,63,180.995236192816
BS_BR_HSA,9,2014,1738,28,97.0524333455044
BS_G,9,2014,1738,29,89.3705729819948
BS_P,9,2014,1738,20,28.9606530780893
BS_SIL,9,2014,1738,435,651.739308513806
HN_BR,9,2014,1738,45,111.670725782397
HN_G,9,2014,1738,3,8.37576275053994
HN_P,9,2014,1738,12,1.46225833782086
HN_SIL,9,2014,1738,70,92.0833373180604
ANT_BR,9,2015,1779,454,180.925138157445
ANT_BR_HSA,9,2015,1779,46,90.506602281145
ANT_G,9,2015,1779,33,23.4655131840802
ANT_P,9,2015,1779,13,5.42179774817996
ANT_SIL,9,2015,1779,687,291.626032938836
BS_BR,9,2015,1779,87,199.720384976917
BS_BR_HSA,9,2015,1779,22,108.130339516798
BS_G,9,2015,1779,31,72.6356797014046
BS_P,9,2015,1779,13,22.8518134421361
BS_SIL,9,2015,1779,372,594.142107117571
HN_BR,9,2015,1779,6,108.185234769581
HN_G,9,2015,1779,1,6.42782785509805
HN_P,9,2015,1779,1,1.05030871892553
HN_SIL,9,2015,1779,13,73.9112195918828
ANT_BR,9,2016,1002,194,118.281398592589
ANT_BR_HSA,9,2016,1002,117,77.1757047283304
ANT_G,9,2016,1002,8,8.96962576743839
ANT_P,9,2016,1002,5,1.89293170599257
ANT_SIL,9,2016,1002,303,163.97296132142
BS_BR,9,2016,1002,47,68.2529689080456
BS_BR_HSA,9,2016,1002,9,33.2081724861217
BS_G,9,2016,1002,7,7.92410023216685
BS_P,9,2016,1002,1,0.648887647899385
BS_SIL,9,2016,1002,235,155.312308485821
HN_BR,9,2016,1002,19,96.6838475647319
HN_G,9,2016,1002,0,9.4209834643642
HN_P,9,2016,1002,1,1.94555332924355
HN_SIL,9,2016,1002,42,162.142235592293
Small_BR,9,2016,1002,4,23.4320052122643
Small_G,9,2016,1002,2,6.91450897696577
Small_P,9,2016,1002,1,0.67851613971652
Small_SIL,9,2016,1002,7,65.1432898445955
ANT_BR,9,2017,843,76,28.0600915488568
ANT_BR_HSA,9,2017,843,31,16.8305106598057
ANT_G,9,2017,843,1,0.311644142209024
ANT_P,9,2017,843,0,0.040015305558692
ANT_SIL,9,2017,843,30,8.84486284482943
BS_BR,9,2017,843,70,9.80627896784914
BS_BR_HSA,9,2017,843,13,6.61990549622778
BS_G,9,2017,843,8,0.729219975784913
BS_G3,9,2017,843,2,7.89812024594052
BS_P,9,2017,843,2,0.0410382911569711
BS_P3,9,2017,843,0,0.962467879773939
BS_SIL,9,2017,843,337,15.9455229539634
BS_SIL3,9,2017,843,76,101.026182936858
HN_BR,9,2017,843,4,29.1302390525875
HN_G,9,2017,843,0,0.88857103763162
HN_P,9,2017,843,0,0.138541758530548
HN_SIL,9,2017,843,3,18.9188053612785
KA_BR,9,2017,843,79,182.593796262329
KA_BR_HSA,9,2017,843,16,90.9858661762935
KA_G,9,2017,843,3,28.7630330692449
KA_G_COIN,9,2017,843,4,43.0570166954363
KA_P,9,2017,843,4,11.517951905198
KA_SIL,9,2017,843,84,239.890317432656
BS_BR,9,2018,682,135,9.55860991131995
BS_BR_HSA,9,2018,682,55,5.74983641859998
BS_G,9,2018,682,22,0.170656780610357
BS_G3,9,2018,682,3,4.36863590091128
BS_P,9,2018,682,3,0.00313400673184165
BS_P3,9,2018,682,0,0.131651331395995
BS_SIL,9,2018,682,247,2.22811287172495
BS_SIL3,9,2018,682,58,57.8321512044157
HN_BR,9,2018,682,12,64.0703268478111
HN_G,9,2018,682,2,5.30158296115195
HN_P,9,2018,682,0,0.810838386598068
HN_SIL,9,2018,682,6,34.8941295232959
KA_BR,9,2018,682,61,159.259400995965
KA_BR_HSA,9,2018,682,12,82.1169521079618
KA_G,9,2018,682,15,44.799946330963
KA_G_COIN,9,2018,682,20,73.9544966548013
KA_P,9,2018,682,6,17.2819787118886
KA_SIL,9,2018,682,25,119.467559053853
BS_BR,9,2019,314,94,1.1268063904462
BS_BR_HSA,9,2019,314,21,0.648896731283369
BS_G,9,2019,314,4,0.0138838614021308
BS_G3,9,2019,314,0,2.12229735972635
BS_P,9,2019,314,2,0.000157839679914364
BS_P3,9,2019,314,0,0.0430119797991963
BS_SIL,9,2019,314,165,0.20948696553236
BS_SIL3,9,2019,314,6,28.9927409889009
HN_BR,9,2019,314,4,28.7788272502685
HN_G,9,2019,314,0,1.04576049469509
HN_P,9,2019,314,0,0.131232313870222
HN_SIL,9,2019,314,1,7.85150786035486
KA_BR,9,2019,314,6,78.5157173059634
KA_BR_HSA,9,2019,314,2,44.5874046321022
KA_G,9,2019,314,2,12.1316463650423
KA_G_COIN,9,2019,314,4,23.0234763848582
KA_P,9,2019,314,0,4.60488183282221
KA_SIL,9,2019,314,3,80.1722634432526
ANT_BR,10,2014,3291,466,262.596365025961
ANT_BR_HSA,10,2014,3291,51,132.320793155801
ANT_G,10,2014,3291,51,85.3887378978514
ANT_P,10,2014,3291,26,26.9750053754365
ANT_SIL,10,2014,3291,1768,711.758200897219
BS_BR,10,2014,3291,32,181.500582452794
BS_BR_HSA,10,2014,3291,11,98.4204914614745
BS_G,10,2014,3291,27,59.7678535178444
BS_P,10,2014,3291,12,19.8622208947007
BS_SIL,10,2014,3291,280,464.968323783146
HN_BR,10,2014,3291,24,138.699235119166
HN_G,10,2014,3291,7,10.587476624838
HN_P,10,2014,3291,2,2.01737676243513
HN_SIL,10,2014,3291,33,106.141705532262
KA_BR,10,2014,3291,108,339.811420888618
KA_G,10,2014,3291,19,55.410349919504
KA_P,10,2014,3291,42,30.5191738382389
KA_SIL,10,2014,3291,332,564.25468685271
ANT_BR,10,2015,3465,480,306.275366779068
ANT_BR_HSA,10,2015,3465,48,154.391252841624
ANT_G,10,2015,3465,75,96.5161852075428
ANT_P,10,2015,3465,32,28.924316542384
ANT_SIL,10,2015,3465,1937,855.485666093143
BS_BR,10,2015,3465,20,144.89475836516
BS_BR_HSA,10,2015,3465,2,80.4458092707837
BS_G,10,2015,3465,14,39.034963322294
BS_P,10,2015,3465,8,12.699626466084
BS_SIL,10,2015,3465,189,309.796218468599
HN_BR,10,2015,3465,0,100.979242828483
HN_G,10,2015,3465,0,6.72446162359156
HN_P,10,2015,3465,1,1.22305994749669
HN_SIL,10,2015,3465,11,69.3713180232342
KA_BR,10,2015,3465,159,393.263203962822
KA_G,10,2015,3465,25,78.6885557057018
KA_P,10,2015,3465,36,47.0329145084616
KA_SIL,10,2015,3465,428,739.253080043529
ANT_BR,10,2016,2415,284,220.851785642126
ANT_BR_HSA,10,2016,2415,157,134.636052759408
ANT_G,10,2016,2415,33,36.7922098561243
ANT_P,10,2016,2415,20,9.94777300698535
ANT_SIL,10,2016,2415,1191,469.361663414552
BS_BR,10,2016,2415,12,66.6839205749844
BS_BR_HSA,10,2016,2415,1,32.1314543836992
BS_G,10,2016,2415,8,9.71761592480584
BS_P,10,2016,2415,3,0.956563449508013
BS_SIL,10,2016,2415,104,158.60343213487
HN_BR,10,2016,2415,4,68.0405964701953
HN_G,10,2016,2415,0,4.43478686078785
HN_P,10,2016,2415,0,0.944175241227582
HN_SIL,10,2016,2415,10,72.5438803511264
KA_BR,10,2016,2415,129,299.969049187069
KA_BR_HSA,10,2016,2415,24,165.401055047893
KA_G,10,2016,2415,21,66.1572144307439
KA_P,10,2016,2415,22,34.969355176564
KA_SIL,10,2016,2415,392,562.857416087327
ANT_BR,10,2017,2168,232,233.107417855006
ANT_BR_HSA,10,2017,2168,61,125.104284796464
ANT_G,10,2017,2168,26,26.109646782454
ANT_P,10,2017,2168,60,5.53775949347423
ANT_SIL,10,2017,2168,1093,386.75770629174
BS_BR,10,2017,2168,3,30.3914824399803
BS_BR_HSA,10,2017,2168,5,19.8688651677557
BS_G,10,2017,2168,1,3.43882899716271
BS_G3,10,2017,2168,0,1.99396970967419
BS_P,10,2017,2168,0,0.271853886003825
BS_P3,10,2017,2168,1,0.226733053721545
BS_SIL,10,2017,2168,64,58.591204147596
BS_SIL3,10,2017,2168,1,28.100522787926
HN_BR,10,2017,2168,3,25.6744201592173
HN_G,10,2017,2168,0,0.884360063976395
HN_P,10,2017,2168,0,0.152147054675787
HN_SIL,10,2017,2168,9,17.4864828897102
KA_BR,10,2017,2168,118,326.787816539091
KA_BR_HSA,10,2017,2168,25,163.704623640461
KA_G,10,2017,2168,18,69.4795631913499
KA_G_COIN,10,2017,2168,17,100.152779058371
KA_P,10,2017,2168,21,30.2981369166348
KA_SIL,10,2017,2168,410,513.879395077554
ANT_BR,10,2018,2564,174,135.784656752316
ANT_BR_HSA,10,2018,2564,20,61.1984909340851
ANT_G,10,2018,2564,11,6.03686042388982
ANT_P,10,2018,2564,3,0.326529198746514
ANT_SIL,10,2018,2564,586,119.344882624962
BS_BR,10,2018,2564,38,78.2601587601304
BS_BR_HSA,10,2018,2564,11,42.4851588666701
BS_G,10,2018,2564,11,3.47858581804227
BS_G3,10,2018,2564,1,2.76305632503569
BS_P,10,2018,2564,2,0.0727667891476727
BS_P3,10,2018,2564,0,0.0547806952156975
BS_SIL,10,2018,2564,163,42.0388917059197
BS_SIL3,10,2018,2564,18,45.5209085624331
HN_BR,10,2018,2564,13,49.6093195707975
HN_G,10,2018,2564,0,0.902454459331934
HN_P,10,2018,2564,0,0.0971553395495421
HN_SIL,10,2018,2564,3,7.23505657679848
KA_BR,10,2018,2564,127,283.294890153712
KA_BR_HSA,10,2018,2564,28,145.719961638013
KA_G,10,2018,2564,210,291.108870508442
KA_G_COIN,10,2018,2564,265,354.637605143053
KA_P,10,2018,2564,262,173.467270230214
KA_SIL,10,2018,2564,618,720.561688923497
ANT_BR,10,2019,1822,109,111.202281223009
ANT_BR_HSA,10,2019,1822,18,56.0072454421681
ANT_G,10,2019,1822,43,10.7008676121039
ANT_P,10,2019,1822,4,0.51811149076996
ANT_SIL,10,2019,1822,462,94.5695087575651
BS_BR,10,2019,1822,27,44.9666401676836
BS_BR_HSA,10,2019,1822,5,24.4360622173312
BS_G,10,2019,1822,10,1.17940656078915
BS_G3,10,2019,1822,0,1.6249993687098
BS_P,10,2019,1822,1,0.0189611269358859
BS_P3,10,2019,1822,0,0.0218651764346034
BS_SIL,10,2019,1822,79,14.9253433884628
BS_SIL3,10,2019,1822,9,26.3215620907384
HN_BR,10,2019,1822,4,24.2670688268642
HN_G,10,2019,1822,0,0.174671858146447
HN_P,10,2019,1822,0,0.0152813996995903
HN_SIL,10,2019,1822,0,1.59481946626749
KA_BR,10,2019,1822,109,222.274467713746
KA_BR_HSA,10,2019,1822,19,120.754816289835
KA_G,10,2019,1822,78,154.048987371947
KA_G_COIN,10,2019,1822,142,222.357361745367
KA_P,10,2019,1822,86,66.4917460448681
KA_SIL,10,2019,1822,617,623.527924660557
ANT_BR,11,2014,1507,265,130.254063333221
ANT_BR_HSA,11,2014,1507,22,65.476088316017
ANT_G,11,2014,1507,10,31.9480829555512
ANT_G3,11,2014,1507,0,4.9916851041876
ANT_P,11,2014,1507,11,10.3193490135758
ANT_P3,11,2014,1507,1,1.58757519176554
ANT_SIL,11,2014,1507,361,262.167943825567
ANT_SIL3,11,2014,1507,12,64.8405145524064
BS_BR,11,2014,1507,22,118.015012003766
BS_BR_HSA,11,2014,1507,8,63.6656304067286
BS_G,11,2014,1507,24,48.1279950820465
BS_P,11,2014,1507,14,17.5573639832727
BS_SIL,11,2014,1507,564,335.943019363925
KA_BR,11,2014,1507,44,148.039946681776
KA_G,11,2014,1507,10,17.4832907353198
KA_P,11,2014,1507,7,9.64258320413131
KA_SIL,11,2014,1507,132,176.939856246744
ANT_BR,11,2015,1747,276,128.933314628689
ANT_BR_HSA,11,2015,1747,24,64.8404803768493
ANT_G,11,2015,1747,17,28.2662452775824
ANT_G3,11,2015,1747,1,3.34899023242324
ANT_P,11,2015,1747,6,8.09039074197687
ANT_P3,11,2015,1747,0,0.899979462552451
ANT_SIL,11,2015,1747,672,269.046359418627
ANT_SIL3,11,2015,1747,9,53.7967379634026
BS_BR,11,2015,1747,29,108.666561966634
BS_BR_HSA,11,2015,1747,7,58.9916523875239
BS_G,11,2015,1747,20,40.0951056168679
BS_P,11,2015,1747,12,14.1844967512712
BS_SIL,11,2015,1747,176,288.753950647717
KA_BR,11,2015,1747,148,205.80528505486
KA_G,11,2015,1747,9,44.4130043196601
KA_P,11,2015,1747,21,26.8760920608062
KA_SIL,11,2015,1747,320,401.991353092556
ANT_BR,11,2016,1517,42,73.4059593933722
ANT_BR_HSA,11,2016,1517,97,44.9159360067196
ANT_G,11,2016,1517,8,10.3680230732201
ANT_G3,11,2016,1517,0,2.34307250686294
ANT_P,11,2016,1517,3,2.82553756637585
ANT_P3,11,2016,1517,0,0.618417294031316
ANT_SIL,11,2016,1517,119,131.218980895092
ANT_SIL3,11,2016,1517,2,35.3113686285451
BS_BR,11,2016,1517,76,88.5340670209309
BS_BR_HSA,11,2016,1517,5,44.2457644618964
BS_G,11,2016,1517,24,36.0942407711461
BS_P,11,2016,1517,2,5.51396374864553
BS_SIL,11,2016,1517,805,377.331996535997
HN_BR,11,2016,1517,1,36.8792068491483
HN_G,11,2016,1517,0,3.40414029922926
HN_P,11,2016,1517,0,0.811753519245161
HN_SIL,11,2016,1517,2,47.985288230587
KA_BR,11,2016,1517,52,117.359652395249
KA_BR_HSA,11,2016,1517,22,64.4266080472431
KA_G,11,2016,1517,5,29.1720551430141
KA_P,11,2016,1517,15,15.860057922871
KA_SIL,11,2016,1517,201,234.318787060796
Small_BR,11,2016,1517,9,18.683816883416
Small_G,11,2016,1517,3,11.68561463668
Small_P,11,2016,1517,1,1.80750764683828
Small_SIL,11,2016,1517,23,81.8781834628489
ANT_BR,11,2017,1250,78,84.3130137382497
ANT_BR_HSA,11,2017,1250,52,45.3155539395796
ANT_G,11,2017,1250,6,7.50992158374955
ANT_G3,11,2017,1250,1,1.84477893039217
ANT_P,11,2017,1250,5,1.58893700497458
ANT_P3,11,2017,1250,1,0.312866544187615
ANT_SIL,11,2017,1250,91,111.232362391724
ANT_SIL3,11,2017,1250,6,24.3235508982671
BS_BR,11,2017,1250,14,75.270492597216
BS_BR_HSA,11,2017,1250,8,42.3832460857754
BS_G,11,2017,1250,14,21.8198566320613
BS_P,11,2017,1250,3,2.65566111969859
BS_SIL,11,2017,1250,633,249.577938974487
HN_BR,11,2017,1250,0,18.8914161751339
HN_G,11,2017,1250,0,0.90886050285109
HN_P,11,2017,1250,0,0.17205319692473
HN_SIL,11,2017,1250,0,15.5695508797078
KA_BR,11,2017,1250,81,139.154029945147
KA_BR_HSA,11,2017,1250,9,69.8247516580538
KA_G,11,2017,1250,13,34.0997335809421
KA_G_COIN,11,2017,1250,11,48.3796772270187
KA_P,11,2017,1250,6,15.3866263056068
KA_SIL,11,2017,1250,218,239.465120088252
BS_BR,11,2018,1314,80,127.182571543894
BS_BR_HSA,11,2018,1314,28,67.2963986648145
BS_G,11,2018,1314,43,40.4457175606877
BS_P,11,2018,1314,9,2.36027758228245
BS_SIL,11,2018,1314,738,301.058526984277
KA_BR,11,2018,1314,115,191.985460757061
KA_BR_HSA,11,2018,1314,26,98.7527684301775
KA_G,11,2018,1314,41,86.6211676045495
KA_G_COIN,11,2018,1314,43,133.368313941422
KA_P,11,2018,1314,23,37.9356819792719
KA_SIL,11,2018,1314,168,226.993114951562
BS_BR,11,2019,943,73,108.41944882178
BS_BR_HSA,11,2019,943,20,56.8643919165061
BS_G,11,2019,943,41,41.0051136876289
BS_P,11,2019,943,2,2.35642378628283
BS_SIL,11,2019,943,595,282.28700822047
KA_BR,11,2019,943,39,126.793137247553
KA_BR_HSA,11,2019,943,11,69.9437366042632
KA_G,11,2019,943,15,28.9670813370998
KA_G_COIN,11,2019,943,14,49.9756201293342
KA_P,11,2019,943,8,12.6092869971602
KA_SIL,11,2019,943,125,163.778751251922
ANT_BR,12,2014,2969,490,225.877746635222
ANT_BR_HSA,12,2014,2969,69,113.387826116767
ANT_G,12,2014,2969,59,49.8918439678062
ANT_P,12,2014,2969,25,15.4548376206353
ANT_SIL,12,2014,2969,787,430.676062376734
BS_BR,12,2014,2969,82,214.331349913237
BS_BR_HSA,12,2014,2969,20,115.590367416785
BS_G,12,2014,2969,57,86.8412685588586
BS_P,12,2014,2969,32,30.8871998197855
BS_SIL,12,2014,2969,1142,624.628846984924
KA_BR,12,2014,2969,46,359.092880097787
KA_G,12,2014,2969,6,63.0008580099273
KA_P,12,2014,2969,10,35.503695754377
KA_SIL,12,2014,2969,144,603.835216727156
ANT_BR,12,2015,3314,602,253.601725805257
ANT_BR_HSA,12,2015,3314,87,127.238513889631
ANT_G,12,2015,3314,67,45.7898688752209
ANT_P,12,2015,3314,31,12.3249112406848
ANT_SIL,12,2015,3314,961,471.668055925027
BS_BR,12,2015,3314,101,230.535106751081
BS_BR_HSA,12,2015,3314,26,125.096068205221
BS_G,12,2015,3314,59,81.647308374398
BS_P,12,2015,3314,26,27.9701447799737
BS_SIL,12,2015,3314,999,612.225756089457
KA_BR,12,2015,3314,132,422.075879932375
KA_G,12,2015,3314,12,80.5778896703531
KA_P,12,2015,3314,20,47.7658945162303
KA_SIL,12,2015,3314,191,775.482875945089
ANT_BR,12,2016,2253,109,128.365080423948
ANT_BR_HSA,12,2016,2253,200,82.027593093607
ANT_G,12,2016,2253,21,12.3263424959121
ANT_P,12,2016,2253,14,3.02805644321789
ANT_SIL,12,2016,2253,255,180.811383854779
BS_BR,12,2016,2253,144,156.152061259112
BS_BR_HSA,12,2016,2253,8,77.6078670359613
BS_G,12,2016,2253,45,46.9440128260801
BS_P,12,2016,2253,9,6.1177533386134
BS_SIL,12,2016,2253,1223,580.377166519466
KA_BR,12,2016,2253,56,228.865664459127
KA_BR_HSA,12,2016,2253,12,127.065949247083
KA_G,12,2016,2253,9,47.5255813203513
KA_P,12,2016,2253,10,24.8856317649597
KA_SIL,12,2016,2253,122,413.740211873667
Small_BR,12,2016,2253,8,29.1498694323065
Small_G,12,2016,2253,0,11.959770438278
Small_P,12,2016,2253,0,1.53481899687544
Small_SIL,12,2016,2253,8,94.5151851766565
ANT_BR,12,2017,1967,195,107.105107302314
ANT_BR_HSA,12,2017,1967,101,59.3134625994264
ANT_G,12,2017,1967,11,4.33562536584925
ANT_P,12,2017,1967,42,0.792810331624982
ANT_SIL,12,2017,1967,189,78.8418499902889
BS_BR,12,2017,1967,50,89.1168344396109
BS_BR_HSA,12,2017,1967,22,52.9799952666756
BS_G,12,2017,1967,37,16.3950937566069
BS_G3,12,2017,1967,4,52.8076065041309
BS_P,12,2017,1967,6,1.65481857817423
BS_P3,12,2017,1967,1,9.30351051132194
BS_SIL,12,2017,1967,837,222.589135835552
BS_SIL3,12,2017,1967,119,442.334819615629
KA_BR,12,2017,1967,115,240.74723497595
KA_BR_HSA,12,2017,1967,19,120.015920429967
KA_G,12,2017,1967,6,45.094734713901
KA_G_COIN,12,2017,1967,10,65.2829716927794
KA_P,12,2017,1967,3,19.4905329819126
KA_SIL,12,2017,1967,200,338.797935108284
BS_BR,12,2018,1963,202,138.490232080389
BS_BR_HSA,12,2018,1963,79,74.5380524274296
BS_G,12,2018,1963,66,17.9909706820446
BS_G3,12,2018,1963,64,93.0690648315941
BS_P,12,2018,1963,17,0.696086914872233
BS_P3,12,2018,1963,2,5.14816724755468
BS_SIL,12,2018,1963,671,164.116216579556
BS_SIL3,12,2018,1963,640,522.90001872353
KA_BR,12,2018,1963,66,275.082862167375
KA_BR_HSA,12,2018,1963,17,141.727560514455
KA_G,12,2018,1963,24,93.4968728587728
KA_G_COIN,12,2018,1963,28,150.212720432326
KA_P,12,2018,1963,16,37.8696557527103
KA_SIL,12,2018,1963,71,247.661518787391
BS_BR,12,2019,1238,136,101.471651638202
BS_BR_HSA,12,2019,1238,65,53.9901614502767
BS_G,12,2019,1238,47,10.2414209116124
BS_G3,12,2019,1238,26,41.3678807807811
BS_P,12,2019,1238,10,0.339776732558201
BS_P3,12,2019,1238,0,1.51496725787611
BS_SIL,12,2019,1238,421,95.9157290251554
BS_SIL3,12,2019,1238,404,326.248810081585
KA_BR,12,2019,1238,39,190.955421429417
KA_BR_HSA,12,2019,1238,6,107.416328297626
KA_G,12,2019,1238,8,32.9015956037981
KA_G_COIN,12,2019,1238,12,59.7965292839742
KA_P,12,2019,1238,3,13.2814577035067
KA_SIL,12,2019,1238,61,202.558269803633
ANT_BR,13,2014,395,144,17.2303890836603
ANT_BR_HSA,13,2014,395,16,8.70162971037936
ANT_G,13,2014,395,3,1.90605855673293
ANT_P,13,2014,395,0,0.383496488061628
ANT_SIL,13,2014,395,32,27.8179112948873
BS_BR,13,2014,395,44,16.6453509716686
BS_BR_HSA,13,2014,395,6,8.87653365977792
BS_G,13,2014,395,5,3.35861343910347
BS_P,13,2014,395,2,0.79548109015607
BS_SIL,13,2014,395,139,38.8035872390163
KA_BR,13,2014,395,0,41.5075738021322
KA_G,13,2014,395,1,30.4430365165253
KA_P,13,2014,395,0,15.4668759412509
KA_SIL,13,2014,395,3,183.063462206648
ANT_BR,13,2015,480,228,21.9262215299276
ANT_BR_HSA,13,2015,480,12,11.0567617940444
ANT_G,13,2015,480,1,2.20888320841422
ANT_P,13,2015,480,4,0.384621155239526
ANT_SIL,13,2015,480,131,38.4547329019298
BS_BR,13,2015,480,30,18.0392169654848
BS_BR_HSA,13,2015,480,0,9.76781212518109
BS_G,13,2015,480,4,2.73022774418262
BS_P,13,2015,480,1,0.623161268448581
BS_SIL,13,2015,480,61,32.6280893719661
KA_BR,13,2015,480,2,54.2402133311488
KA_G,13,2015,480,0,38.0985636136344
KA_P,13,2015,480,1,20.7146846369428
KA_SIL,13,2015,480,5,229.126810353455
ANT_BR,13,2016,622,34,25.0461010347581
ANT_BR_HSA,13,2016,622,9,17.9227434680325
ANT_G,13,2016,622,0,0.815946031212072
ANT_P,13,2016,622,4,0.151824168169578
ANT_SIL,13,2016,622,16,17.687345030226
BS_BR,13,2016,622,1,11.1388103232097
BS_BR_HSA,13,2016,622,3,5.3088116556533
BS_G,13,2016,622,2,0.968641580451548
BS_P,13,2016,622,1,0.0677874405652253
BS_SIL,13,2016,622,45,21.7103193516199
KA_BR,13,2016,622,1,79.2647147933939
KA_BR_HSA,13,2016,622,0,43.4532696146382
KA_G,13,2016,622,0,14.2515535272782
KA_P,13,2016,622,0,6.94877085386543
KA_SIL,13,2016,622,1,143.901941849204
Small_BR,13,2016,622,43,19.1838957425559
Small_G,13,2016,622,155,42.2687497605145
Small_P,13,2016,622,120,10.3284783412326
Small_SIL,13,2016,622,187,161.58029543342
ANT_BR,13,2017,627,15,29.4214782866041
ANT_BR_HSA,13,2017,627,3,16.6331640931717
ANT_G,13,2017,627,0,0.511176410912041
ANT_P,13,2017,627,0,0.0776572297258718
ANT_SIL,13,2017,627,38,12.2224789612643
BS_BR,13,2017,627,2,4.84582710373354
BS_BR_HSA,13,2017,627,1,3.27796873234469
BS_G,13,2017,627,0,0.371549026235449
BS_P,13,2017,627,0,0.023522946802447
BS_SIL,13,2017,627,8,7.86517536654956
KA_BR,13,2017,627,0,90.3153002972654
KA_BR_HSA,13,2017,627,0,45.4067014004012
KA_G,13,2017,627,0,18.0622395785145
KA_G_COIN,13,2017,627,0,26.9226090299603
KA_P,13,2017,627,0,7.32700203558862
KA_SIL,13,2017,627,0,148.938397355346
Small_BR,13,2017,627,56,35.3399430298892
Small_G,13,2017,627,67,31.1553657459082
Small_P,13,2017,627,64,9.47352822458112
Small_SIL,13,2017,627,373,138.808915145201
BS_BR,13,2018,412,11,11.2456619758423
BS_BR_HSA,13,2018,412,2,6.77922529770519
BS_G,13,2018,412,1,0.165556176916037
BS_P,13,2018,412,0,0.00231745731974358
BS_SIL,13,2018,412,46,2.32454716593011
KA_BR,13,2018,412,1,85.6820040445456
KA_BR_HSA,13,2018,412,0,44.0287526869092
KA_G,13,2018,412,0,31.2413146686543
KA_G_COIN,13,2018,412,1,53.1393807681591
KA_P,13,2018,412,0,11.3444447726326
KA_SIL,13,2018,412,1,83.9594625922712
Small_BR,13,2018,412,46,28.0841515249354
Small_G,13,2018,412,56,11.4376348401818
Small_P,13,2018,412,65,2.28502336088073
Small_SIL,13,2018,412,182,40.2805226671164
BS_BR,13,2019,42,1,0.843384940419716
BS_BR_HSA,13,2019,42,1,0.482425553489234
BS_G,13,2019,42,0,0.0112077602461122
BS_P,13,2019,42,0,9.17961794153903e-05
BS_SIL,13,2019,42,9,0.172963817871916
KA_BR,13,2019,42,0,7.85103048492691
KA_BR_HSA,13,2019,42,0,4.29048012344885
KA_G,13,2019,42,0,1.36016441233335
KA_G_COIN,13,2019,42,0,2.65974942713667
KA_P,13,2019,42,0,0.486151047333185
KA_SIL,13,2019,42,0,9.39371415317899
Small_BR,13,2019,42,1,3.07026816599209
Small_G,13,2019,42,6,2.23144648094609
Small_P,13,2019,42,9,0.351207253494567
Small_SIL,13,2019,42,15,8.79571458300292
ANT_BR,14,2014,968,155,70.9169575700849
ANT_BR_HSA,14,2014,968,15,35.6689969840043
ANT_G,14,2014,968,7,19.2007456967387
ANT_P,14,2014,968,4,6.4137027365145
ANT_SIL,14,2014,968,171,151.794396463788
BS_BR,14,2014,968,9,65.0441565887711
BS_BR_HSA,14,2014,968,5,34.9616399195479
BS_G,14,2014,968,26,28.5067156120482
BS_P,14,2014,968,20,10.7058814716036
BS_SIL,14,2014,968,434,192.669453117169
HN_BR,14,2014,968,20,55.0921828370617
HN_G,14,2014,968,0,8.15201819859447
HN_P,14,2014,968,1,1.9201403108864
HN_SIL,14,2014,968,9,67.0608401098243
KA_BR,14,2014,968,18,86.1711538581823
KA_G,14,2014,968,2,12.0084332125647
KA_P,14,2014,968,12,6.77627563613099
KA_SIL,14,2014,968,60,114.936309676485
ANT_BR,14,2015,1181,230,90.7831279587167
ANT_BR_HSA,14,2015,1181,17,45.7021614420125
ANT_G,14,2015,1181,20,22.8685806828489
ANT_P,14,2015,1181,7,6.97412471825554
ANT_SIL,14,2015,1181,488,204.683955819531
BS_BR,14,2015,1181,22,75.9875016539426
BS_BR_HSA,14,2015,1181,5,41.1261321437067
BS_G,14,2015,1181,17,30.2631328904527
BS_P,14,2015,1181,11,11.2014320745708
BS_SIL,14,2015,1181,171,208.937845826543
HN_BR,14,2015,1181,17,61.2717590696813
HN_G,14,2015,1181,0,8.53598756056756
HN_P,14,2015,1181,0,1.97258055947316
HN_SIL,14,2015,1181,10,71.6006739302161
KA_BR,14,2015,1181,43,108.930101149263
KA_G,14,2015,1181,4,17.3838324888596
KA_P,14,2015,1181,11,10.4459511215291
KA_SIL,14,2015,1181,108,162.331118909829
ANT_BR,14,2016,798,57,49.9709780832574
ANT_BR_HSA,14,2016,798,62,31.3003968043038
ANT_G,14,2016,798,0,6.84598185956362
ANT_P,14,2016,798,2,1.97510304789877
ANT_SIL,14,2016,798,48,80.7398571288026
BS_BR,14,2016,798,31,50.9341843833663
BS_BR_HSA,14,2016,798,2,25.2213727050705
BS_G,14,2016,798,21,15.754176038676
BS_P,14,2016,798,2,2.44697647595294
BS_SIL,14,2016,798,403,171.603415957387
HN_BR,14,2016,798,7,38.1943645769685
HN_G3,14,2016,798,4,11.9445858328558
HN_P3,14,2016,798,4,5.96047356816965
HN_SIL3,14,2016,798,30,68.7847531256021
KA_BR,14,2016,798,21,68.5304494189278
KA_BR_HSA,14,2016,798,7,38.5171342415953
KA_G,14,2016,798,6,13.6565100922949
KA_P,14,2016,798,14,7.48713026191275
KA_SIL,14,2016,798,77,108.132156397394
ANT_BR,14,2017,662,49,45.7658298352386
ANT_BR_HSA,14,2017,662,42,24.7039505067501
ANT_G,14,2017,662,4,4.32342547074528
ANT_P,14,2017,662,2,0.964251366053185
ANT_SIL,14,2017,662,45,61.9663402146647
BS_BR,14,2017,662,8,30.6934171914305
BS_BR_HSA,14,2017,662,2,17.8781130283438
BS_G,14,2017,662,9,7.04381305177278
BS_G3,14,2017,662,0,2.36265026584657
BS_P,14,2017,662,2,0.841679644245556
BS_P3,14,2017,662,0,0.360451011084804
BS_SIL,14,2017,662,137,85.0242969834683
BS_SIL3,14,2017,662,1,25.9598162333899
HN_BR,14,2017,662,0,20.4615351440565
HN_G3,14,2017,662,3,7.93276819900164
HN_P3,14,2017,662,1,3.55460168503902
HN_SIL3,14,2017,662,238,88.4046858075751
KA_BR,14,2017,662,23,66.6892109690627
KA_BR_HSA,14,2017,662,1,33.3114946752442
KA_G,14,2017,662,2,13.3351013233866
KA_G_COIN,14,2017,662,7,19.0051483688129
KA_P,14,2017,662,7,5.98499282645186
KA_SIL,14,2017,662,79,95.4324261983354
BS_BR,14,2018,589,39,57.6447498028477
BS_BR_HSA,14,2018,589,14,30.8536696249652
BS_G,14,2018,589,23,10.2131857876288
BS_G3,14,2018,589,0,3.20610198006498
BS_P,14,2018,589,5,0.534883751990306
BS_P3,14,2018,589,0,0.135331237676219
BS_SIL,14,2018,589,209,81.8481289868547
BS_SIL3,14,2018,589,3,35.2161445335767
HN_BR,14,2018,589,8,31.4674302022242
HN_G3,14,2018,589,5,9.31973377937397
HN_P3,14,2018,589,5,3.63315271134765
HN_SIL3,14,2018,589,138,57.6868982966585
KA_BR,14,2018,589,65,90.2549332778942
KA_BR_HSA,14,2018,589,12,46.4857496520289
KA_G,14,2018,589,6,23.1948346747613
KA_G_COIN,14,2018,589,27,36.4140316982496
KA_P,14,2018,589,5,9.82105341814071
KA_SIL,14,2018,589,25,61.0699865837162
BS_BR,14,2019,359,42,39.6592162120623
BS_BR_HSA,14,2019,359,9,20.998623954998
BS_G,14,2019,359,19,7.08813017260664
BS_G3,14,2019,359,1,2.07949833850132
BS_P,14,2019,359,3,0.333501991026772
BS_P3,14,2019,359,0,0.0655428937741105
BS_SIL,14,2019,359,174,57.2398728868557
BS_SIL3,14,2019,359,3,22.7284628911538
HN_BR,14,2019,359,4,19.7320025600246
HN_G3,14,2019,359,0,3.41573676793629
HN_P3,14,2019,359,1,1.0741899320536
HN_SIL3,14,2019,359,13,22.6448064603358
KA_BR,14,2019,359,15,53.6903793056182
KA_BR_HSA,14,2019,359,14,30.2004678926813
KA_G,14,2019,359,6,8.65597560746826
KA_G_COIN,14,2019,359,15,15.2258208630283
KA_P,14,2019,359,10,3.66520028497421
KA_SIL,14,2019,359,30,50.5025709849009
ANT_BR,15,2014,8927,239,396.160183857615
ANT_BR_HSA,15,2014,8927,25,198.503133072
ANT_G,15,2014,8927,22,94.3494850696206
ANT_G3,15,2014,8927,18,77.1769761169908
ANT_P,15,2014,8927,27,32.8447984162883
ANT_P3,15,2014,8927,6,30.6257515007605
ANT_SIL,15,2014,8927,294,708.503408324784
ANT_SIL3,15,2014,8927,277,705.193452023388
BS_BR,15,2014,8927,263,432.786099477733
BS_BR_HSA,15,2014,8927,55,233.297770618601
BS_G,15,2014,8927,144,213.25375155766
BS_P,15,2014,8927,101,87.0323875588527
BS_SIL,15,2014,8927,2735,1308.89785923226
HN_BR,15,2014,8927,48,291.820723740139
HN_G3,15,2014,8927,200,266.723477230298
HN_P3,15,2014,8927,91,133.358790289909
HN_SIL3,15,2014,8927,3200,1205.58518394765
KA_BR,15,2014,8927,118,534.339896235287
KA_G,15,2014,8927,29,86.7554552549444
KA_P,15,2014,8927,61,50.8405523751473
KA_SIL,15,2014,8927,399,750.360659368058
Small_BR,15,2014,8927,391,269.40130065293
Small_G,15,2014,8927,12,132.979390135315
Small_P,15,2014,8927,21,68.1194553381918
Small_SIL,15,2014,8927,151,618.090058605575
ANT_BR,15,2015,9313,189,367.148437192066
ANT_BR_HSA,15,2015,9313,14,183.106132084997
ANT_G,15,2015,9313,21,64.3286182111491
ANT_G3,15,2015,9313,9,85.573279534273
ANT_P,15,2015,9313,7,19.2345172199592
ANT_P3,15,2015,9313,7,31.0079981737003
ANT_SIL,15,2015,9313,299,583.232560445854
ANT_SIL3,15,2015,9313,462,869.472654570959
BS_BR,15,2015,9313,275,429.122090762166
BS_BR_HSA,15,2015,9313,47,233.759103534332
BS_G,15,2015,9313,147,182.066181349634
BS_P,15,2015,9313,120,71.4426319944775
BS_SIL,15,2015,9313,2301,1167.61940912544
HN_BR3,15,2015,9313,4,166.685701437094
HN_G3,15,2015,9313,175,290.509055564226
HN_P3,15,2015,9313,96,150.314673864449
HN_SIL3,15,2015,9313,3521,1255.65609662454
KA_BR,15,2015,9313,432,689.796648780821
KA_G,15,2015,9313,36,137.379016430708
KA_P,15,2015,9313,93,85.6966049718888
KA_SIL,15,2015,9313,694,1143.98822994276
Small_BR,15,2015,9313,228,238.908344903965
Small_G,15,2015,9313,8,148.348592504105
Small_P,15,2015,9313,9,47.6950458196546
Small_SIL,15,2015,9313,119,670.908374956795
ANT_BR,15,2016,5894,203,278.011027170726
ANT_BR_HSA,15,2016,5894,371,180.289171676461
ANT_G,15,2016,5894,13,46.9940353735093
ANT_G3,15,2016,5894,5,34.4086378224436
ANT_P,15,2016,5894,15,15.0736259576982
ANT_P3,15,2016,5894,0,11.9058993683774
ANT_SIL,15,2016,5894,206,473.192102206253
ANT_SIL3,15,2016,5894,43,345.802325796542
BS_BR,15,2016,5894,197,320.108308622258
BS_BR_HSA,15,2016,5894,11,158.392050878668
BS_G,15,2016,5894,89,125.419865488017
BS_P,15,2016,5894,42,23.9753169963332
BS_SIL,15,2016,5894,2785,1128.94145206489
HN_BR,15,2016,5894,16,180.634435674545
HN_G3,15,2016,5894,47,106.713549736921
HN_P3,15,2016,5894,40,58.7032017213499
HN_SIL3,15,2016,5894,945,539.084225277924
KA_BR,15,2016,5894,111,315.274737136182
KA_BR_HSA,15,2016,5894,38,182.223096963404
KA_G,15,2016,5894,25,71.2882594162717
KA_P,15,2016,5894,61,40.6817768113415
KA_SIL,15,2016,5894,364,517.008131042467
Small_BR,15,2016,5894,125,158.764058709928
Small_G,15,2016,5894,9,95.6918300184235
Small_P,15,2016,5894,4,29.8783588166332
Small_SIL,15,2016,5894,129,455.540519252442
ANT_BR,15,2017,5627,26,167.651225475424
ANT_BR_HSA,15,2017,5627,12,96.0540395532703
ANT_G,15,2017,5627,1,9.34616290742843
ANT_G3,15,2017,5627,5,46.6303596576163
ANT_P,15,2017,5627,4,2.07700297777662
ANT_P3,15,2017,5627,0,11.7407793299391
ANT_SIL,15,2017,5627,38,133.44689972848
ANT_SIL3,15,2017,5627,91,406.028276311438
BS_BR,15,2017,5627,65,204.689752930853
BS_BR_HSA,15,2017,5627,28,124.447180814264
BS_G,15,2017,5627,62,57.8047270205949
BS_G3,15,2017,5627,5,60.8344637535247
BS_P,15,2017,5627,27,8.40600615427582
BS_P3,15,2017,5627,2,12.697932791409
BS_SIL,15,2017,5627,1145,577.632923057215
BS_SIL3,15,2017,5627,97,493.830975706128
HN_BR,15,2017,5627,3,104.346517297646
HN_G3,15,2017,5627,11,47.8605552701476
HN_P3,15,2017,5627,9,23.0991320907298
HN_SIL3,15,2017,5627,751,478.570039976945
KA_BR,15,2017,5627,202,439.53949493626
KA_BR_HSA,15,2017,5627,31,216.339115897314
KA_G,15,2017,5627,16,76.7305762016224
KA_G_COIN,15,2017,5627,21,106.164777890496
KA_P,15,2017,5627,26,36.6402183229711
KA_SIL,15,2017,5627,443,498.266044584868
Small_BR,15,2017,5627,595,261.404453706267
Small_G,15,2017,5627,59,156.828016581622
Small_P,15,2017,5627,17,63.4218701413813
Small_SIL,15,2017,5627,1835,704.470478932094
BS_BR,15,2018,5615,184,390.242874453579
BS_BR_HSA,15,2018,5615,37,211.889453188163
BS_G,15,2018,5615,89,54.3296301826384
BS_G3,15,2018,5615,14,77.2447666030812
BS_P,15,2018,5615,30,3.55233282716574
BS_P3,15,2018,5615,0,5.63036847288343
BS_SIL,15,2018,5615,845,391.314096735218
BS_SIL3,15,2018,5615,654,635.274884044791
HN_BR,15,2018,5615,588,316.855857924357
HN_G,15,2018,5615,7,42.3019831616472
HN_G3,15,2018,5615,20,83.7931958674938
HN_P,15,2018,5615,1,4.51670599340399
HN_P3,15,2018,5615,3,15.9319375034045
HN_SIL,15,2018,5615,106,309.660642043428
HN_SIL3,15,2018,5615,683,453.722612284412
KA_BR,15,2018,5615,208,658.993931580656
KA_BR_HSA,15,2018,5615,40,339.981867808389
KA_G,15,2018,5615,61,130.823066383732
KA_G_COIN,15,2018,5615,100,196.711617220046
KA_P,15,2018,5615,60,59.8798702930593
KA_SIL,15,2018,5615,237,340.804007023669
Small_BR,15,2018,5615,136,117.422083788061
Small_G,15,2018,5615,192,176.330101624957
Small_P,15,2018,5615,43,54.9625368761544
Small_SIL,15,2018,5615,1277,542.829576115613
BS_BR,15,2019,3816,70,185.408463887405
BS_BR_HSA,15,2019,3816,24,101.408366005457
BS_G,15,2019,3816,49,17.5127524711233
BS_G3,15,2019,3816,15,55.3824334815257
BS_P,15,2019,3816,17,0.856702971784808
BS_P3,15,2019,3816,0,3.06328455213927
BS_SIL,15,2019,3816,389,137.286869177021
BS_SIL3,15,2019,3816,495,457.046849172585
HN_BR,15,2019,3816,180,203.529869982877
HN_BR_HSA,15,2019,3816,31,150.778327932775
HN_G,15,2019,3816,7,23.1595576796402
HN_G3,15,2019,3816,25,71.3930618853265
HN_P,15,2019,3816,3,2.11904853334679
HN_P3,15,2019,3816,5,11.3694518422872
HN_SIL,15,2019,3816,156,239.509634462982
HN_SIL3,15,2019,3816,929,392.225155245217
KA_BR,15,2019,3816,123,418.555231497655
KA_BR_HSA,15,2019,3816,30,241.37720027283
KA_G,15,2019,3816,23,53.3125806111014
KA_G_COIN,15,2019,3816,46,89.3306604003435
KA_P,15,2019,3816,32,24.1977611141949
KA_SIL,15,2019,3816,244,287.333708943559
Small_BR,15,2019,3816,259,105.399321327957
Small_G,15,2019,3816,140,119.524258025726
Small_P,15,2019,3816,31,43.7724140802167
Small_SIL,15,2019,3816,493,381.147034442926
ANT_BR,16,2014,10978,459,546.253108021937
ANT_BR_HSA,16,2014,10978,46,271.824926477179
ANT_G,16,2014,10978,77,101.838331216111
ANT_G3,16,2014,10978,25,133.176964620423
ANT_P,16,2014,10978,55,33.718228420907
ANT_P3,16,2014,10978,27,52.8206729006947
ANT_SIL,16,2014,10978,786,813.795893753194
ANT_SIL3,16,2014,10978,1073,1223.92606525313
BS_BR,16,2014,10978,198,477.410985236743
BS_BR_HSA,16,2014,10978,32,264.767554768409
BS_G,16,2014,10978,153,176.765593180554
BS_P,16,2014,10978,133,66.875131448637
BS_SIL,16,2014,10978,1791,1185.48365471038
HN_BR,16,2014,10978,144,301.258568162973
HN_G3,16,2014,10978,246,313.623346472365
HN_P3,16,2014,10978,114,150.524035484353
HN_SIL3,16,2014,10978,3564,1533.65432728026
KA_BR,16,2014,10978,198,648.591896914797
KA_G,16,2014,10978,34,81.6903410220658
KA_P,16,2014,10978,65,46.4524599580023
KA_SIL,16,2014,10978,532,765.304331507594
Small_BR,16,2014,10978,958,449.441707611104
Small_G,16,2014,10978,14,256.021193977023
Small_P,16,2014,10978,25,97.5434846584519
Small_SIL,16,2014,10978,229,985.237196942707
ANT_BR,16,2015,11752,301,364.065655894201
ANT_BR_HSA,16,2015,11752,22,179.832796063996
ANT_G,16,2015,11752,79,49.8860695385666
ANT_G3,16,2015,11752,25,119.115499895685
ANT_P,16,2015,11752,53,13.9080218031033
ANT_P3,16,2015,11752,15,42.9540085284788
ANT_SIL,16,2015,11752,782,494.272869544477
ANT_SIL3,16,2015,11752,877,1225.63646051261
BS_BR,16,2015,11752,245,419.330473160841
BS_BR_HSA,16,2015,11752,43,234.450769216483
BS_G,16,2015,11752,190,145.767324836088
BS_P,16,2015,11752,154,53.7240320619812
BS_SIL,16,2015,11752,1820,1006.52091931728
HN_BR3,16,2015,11752,3,148.62691360246
HN_G3,16,2015,11752,234,367.136618696331
HN_P3,16,2015,11752,94,186.445284562539
HN_SIL3,16,2015,11752,3905,1643.68551585944
KA_BR,16,2015,11752,755,1063.25330205614
KA_G,16,2015,11752,70,193.958880567088
KA_P,16,2015,11752,94,120.699881353162
KA_SIL,16,2015,11752,1069,1630.55954756174
Small_BR,16,2015,11752,732,433.612971574568
Small_G,16,2015,11752,12,279.135658297673
Small_P,16,2015,11752,9,92.3851332896755
Small_SIL,16,2015,11752,169,1243.03539220543
ANT_BR,16,2016,7938,198,286.100803405669
ANT_BR_HSA,16,2016,7938,177,207.043150348996
ANT_G,16,2016,7938,34,32.3540063228486
ANT_G3,16,2016,7938,12,66.2088098631092
ANT_P,16,2016,7938,45,9.16077442636015
ANT_P3,16,2016,7938,5,22.700316520583
ANT_SIL,16,2016,7938,512,386.904294909015
ANT_SIL3,16,2016,7938,352,675.680041381895
BS_BR,16,2016,7938,47,188.307738223542
BS_BR_HSA,16,2016,7938,4,91.6806301286025
BS_G,16,2016,7938,76,45.2400851176893
BS_P,16,2016,7938,38,6.29165906113078
BS_SIL,16,2016,7938,969,540.379821532937
HN_BR,16,2016,7938,3,185.394362386316
HN_G3,16,2016,7938,65,172.976658584316
HN_P3,16,2016,7938,26,93.175639414656
HN_SIL3,16,2016,7938,1250,899.97105179282
KA_BR,16,2016,7938,247,540.297656647448
KA_BR_HSA,16,2016,7938,83,314.056454279251
KA_G,16,2016,7938,45,111.69560019748
KA_P,16,2016,7938,54,62.7069950239823
KA_SIL,16,2016,7938,686,839.13559049956
Small_BR,16,2016,7938,882,403.124228900721
Small_G,16,2016,7938,85,309.855097724243
Small_P,16,2016,7938,19,102.981042357315
Small_SIL,16,2016,7938,2024,1344.57749094952
ANT_BR,16,2017,7193,66,153.549274527483
ANT_BR_HSA,16,2017,7193,20,89.1197384507698
ANT_G,16,2017,7193,10,5.84549589799514
ANT_G3,16,2017,7193,18,70.8802342508446
ANT_P,16,2017,7193,3,1.15652499195919
ANT_P3,16,2017,7193,5,17.239726758853
ANT_SIL,16,2017,7193,103,97.4748648455168
ANT_SIL3,16,2017,7193,334,642.088109249118
BS_BR,16,2017,7193,56,100.015835262857
BS_BR_HSA,16,2017,7193,21,62.943595139301
BS_G,16,2017,7193,84,18.4335897850095
BS_G3,16,2017,7193,4,24.094412896615
BS_P,16,2017,7193,32,2.02146325939993
BS_P3,16,2017,7193,1,4.00928390935238
BS_SIL,16,2017,7193,815,235.954671496897
BS_SIL3,16,2017,7193,29,239.552169507515
HN_BR,16,2017,7193,6,94.0385526162625
HN_G3,16,2017,7193,9,64.1087443426346
HN_P3,16,2017,7193,11,30.0606452006171
HN_SIL3,16,2017,7193,527,684.548870820824
KA_BR,16,2017,7193,362,751.002910705191
KA_BR_HSA,16,2017,7193,75,369.181728151043
KA_G,16,2017,7193,35,121.301215082797
KA_G_COIN,16,2017,7193,30,169.024227779184
KA_P,16,2017,7193,61,57.0575877558193
KA_SIL,16,2017,7193,726,806.207202351995
Small_BR,16,2017,7193,893,497.222805145805
Small_G,16,2017,7193,106,301.130979263389
Small_P,16,2017,7193,37,120.81395090992
Small_SIL,16,2017,7193,2714,1362.92158964503
BS_BR,16,2018,6670,139,143.535557650811
BS_BR_HSA,16,2018,6670,42,82.9477289805923
BS_G,16,2018,6670,98,8.31959665080296
BS_G3,16,2018,6670,13,24.3492560189575
BS_P,16,2018,6670,34,0.323665564072999
BS_P3,16,2018,6670,0,1.20525641483151
BS_SIL,16,2018,6670,618,74.9276536934436
BS_SIL3,16,2018,6670,112,244.534736085879
HN_BR,16,2018,6670,180,322.822907263062
HN_G,16,2018,6670,10,14.6531527704815
HN_G3,16,2018,6670,35,141.109335730794
HN_P,16,2018,6670,4,1.16764279817894
HN_P3,16,2018,6670,4,26.2386420738284
HN_SIL,16,2018,6670,106,125.470782198474
HN_SIL3,16,2018,6670,874,776.460514412053
KA_BR,16,2018,6670,600,1258.63402400871
KA_BR_HSA,16,2018,6670,106,649.787312477369
KA_G,16,2018,6670,132,238.38057498578
KA_G_COIN,16,2018,6670,185,359.526541207948
KA_P,16,2018,6670,93,108.661229006824
KA_SIL,16,2018,6670,438,621.474729754846
Small_BR,16,2018,6670,794,235.548640211265
Small_G,16,2018,6670,295,274.551466703691
Small_P,16,2018,6670,43,82.956842672472
Small_SIL,16,2018,6670,1715,852.412210664824
BS_BR,16,2019,4115,97,91.310675590861
BS_BR_HSA,16,2019,4115,25,50.8214003765438
BS_G,16,2019,4115,66,5.00554591409972
BS_G3,16,2019,4115,8,15.8089619985147
BS_P,16,2019,4115,21,0.164956878762897
BS_P3,16,2019,4115,0,0.555940446996848
BS_SIL,16,2019,4115,410,46.5842178440197
BS_SIL3,16,2019,4115,95,162.910403375656
HN_BR,16,2019,4115,52,156.161510071577
HN_BR_HSA,16,2019,4115,11,103.729660574551
HN_G,16,2019,4115,2,5.90407162151673
HN_G3,16,2019,4115,16,58.9931301116518
HN_P,16,2019,4115,1,0.378527208985199
HN_P3,16,2019,4115,6,7.96435771388815
HN_SIL,16,2019,4115,58,77.7900509677921
HN_SIL3,16,2019,4115,301,354.233375664041
KA_BR,16,2019,4115,223,685.363439042448
KA_BR_HSA,16,2019,4115,63,391.631790357309
KA_G,16,2019,4115,44,97.0500788866035
KA_G_COIN,16,2019,4115,72,164.512497131561
KA_P,16,2019,4115,45,43.4342249101202
KA_SIL,16,2019,4115,415,533.382960590724
Small_BR,16,2019,4115,475,184.147812131525
Small_G,16,2019,4115,225,191.24666983122
Small_P,16,2019,4115,47,66.750924712505
Small_SIL,16,2019,4115,1337,619.162816046525
ANT_BR,17,2014,6075,291,280.624808585144
ANT_BR_HSA,17,2014,6075,32,140.299627287951
ANT_G,17,2014,6075,34,58.395398132778
ANT_G3,17,2014,6075,8,53.3201245633415
ANT_P,17,2014,6075,32,19.7000633697428
ANT_P3,17,2014,6075,1,20.7791240597519
ANT_SIL,17,2014,6075,342,455.654324317249
ANT_SIL3,17,2014,6075,257,502.496288359095
BS_BR,17,2014,6075,125,315.717152402832
BS_BR_HSA,17,2014,6075,67,170.892985233908
BS_G,17,2014,6075,108,143.818220397525
BS_P,17,2014,6075,60,57.4378028678398
BS_SIL,17,2014,6075,1499,906.589124399851
HN_BR,17,2014,6075,26,191.563020829902
HN_G3,17,2014,6075,124,130.905516305229
HN_P3,17,2014,6075,87,62.1031622254835
HN_SIL3,17,2014,6075,1941,648.150719199699
KA_BR,17,2014,6075,167,422.819297956673
KA_G,17,2014,6075,29,67.615150716262
KA_P,17,2014,6075,69,39.5109736890084
KA_SIL,17,2014,6075,498,589.673967755217
Small_BR,17,2014,6075,205,182.410492741885
Small_G,17,2014,6075,4,119.021799125698
Small_P,17,2014,6075,2,37.1798784456024
Small_SIL,17,2014,6075,67,458.320977032328
ANT_BR,17,2015,6852,210,287.39093708021
ANT_BR_HSA,17,2015,6852,13,142.419635934021
ANT_G,17,2015,6852,25,44.4619156113476
ANT_G3,17,2015,6852,4,47.6373546124037
ANT_P,17,2015,6852,18,12.911270673916
ANT_P3,17,2015,6852,4,16.3697111126787
ANT_SIL,17,2015,6852,325,418.815859628949
ANT_SIL3,17,2015,6852,235,527.171745848096
BS_BR,17,2015,6852,277,351.019269368954
BS_BR_HSA,17,2015,6852,48,193.072025245735
BS_G,17,2015,6852,82,138.508398533517
BS_P,17,2015,6852,60,53.5520321153482
BS_SIL,17,2015,6852,1439,905.664542494302
HN_BR3,17,2015,6852,5,115.858716931819
HN_G3,17,2015,6852,116,142.31513551549
HN_P3,17,2015,6852,83,69.7342985056186
HN_SIL3,17,2015,6852,1583,659.940683198639
KA_BR,17,2015,6852,534,575.226209035744
KA_G,17,2015,6852,31,102.932395746677
KA_P,17,2015,6852,90,63.7475368173312
KA_SIL,17,2015,6852,794,876.630421446276
Small_BR,17,2015,6852,396,232.926017776802
Small_G,17,2015,6852,19,150.384603021568
Small_P,17,2015,6852,1,49.2144620100277
Small_SIL,17,2015,6852,460,674.094821734522
ANT_BR,17,2016,5035,40,172.235238003602
ANT_BR_HSA,17,2016,5035,81,122.917290133558
ANT_G,17,2016,5035,6,19.1630333144886
ANT_G3,17,2016,5035,4,29.6636383259323
ANT_P,17,2016,5035,12,5.44008215807522
ANT_P3,17,2016,5035,2,9.85629253700859
ANT_SIL,17,2016,5035,103,230.063656311283
ANT_SIL3,17,2016,5035,42,317.367500380442
BS_BR,17,2016,5035,149,244.383866420326
BS_BR_HSA,17,2016,5035,4,119.960717111472
BS_G,17,2016,5035,57,76.5005135679961
BS_P,17,2016,5035,15,12.7772277655303
BS_SIL,17,2016,5035,1206,778.044680877787
HN_BR,17,2016,5035,3,125.388232370829
HN_G3,17,2016,5035,65,89.3810842644926
HN_P3,17,2016,5035,35,47.5636122612693
HN_SIL3,17,2016,5035,658,472.38568252801
KA_BR,17,2016,5035,124,308.139951342437
KA_BR_HSA,17,2016,5035,66,178.642652863869
KA_G,17,2016,5035,24,62.405491573535
KA_P,17,2016,5035,55,34.8885816580202
KA_SIL,17,2016,5035,459,473.210098447734
Small_BR,17,2016,5035,626,210.87025173585
Small_G,17,2016,5035,49,155.879321360966
Small_P,17,2016,5035,13,50.3970424550666
Small_SIL,17,2016,5035,1137,687.474260230413
ANT_BR,17,2017,3915,14,99.5893768748997
ANT_BR_HSA,17,2017,3915,5,57.4387564055485
ANT_G,17,2017,3915,2,4.65171851073117
ANT_G3,17,2017,3915,1,19.6655172571322
ANT_P,17,2017,3915,1,0.992487545900822
ANT_P3,17,2017,3915,0,4.55859278889052
ANT_SIL,17,2017,3915,12,70.8952134227238
ANT_SIL3,17,2017,3915,37,188.283095210866
BS_BR,17,2017,3915,37,116.209062964082
BS_BR_HSA,17,2017,3915,21,71.4755646219051
BS_G,17,2017,3915,40,28.6835159525266
BS_G3,17,2017,3915,2,39.1888554676145
BS_P,17,2017,3915,19,3.86265948574806
BS_P3,17,2017,3915,1,7.8861925376049
BS_SIL,17,2017,3915,435,309.204135193256
BS_SIL3,17,2017,3915,89,330.876118901553
HN_BR,17,2017,3915,2,48.0715134992616
HN_G3,17,2017,3915,33,48.5546462891431
HN_P3,17,2017,3915,17,23.7307988297901
HN_SIL3,17,2017,3915,841,475.621077962801
KA_BR,17,2017,3915,154,317.43331764457
KA_BR_HSA,17,2017,3915,22,155.739421071644
KA_G,17,2017,3915,24,50.5266509778449
KA_G_COIN,17,2017,3915,7,70.4264483520877
KA_P,17,2017,3915,25,23.7812044872643
KA_SIL,17,2017,3915,362,336.380084527347
Small_BR,17,2017,3915,486,221.103901229049
Small_G,17,2017,3915,58,133.507523711748
Small_P,17,2017,3915,19,53.7422159487259
Small_SIL,17,2017,3915,1149,602.920332327739
BS_BR,17,2018,3656,103,248.741943882607
BS_BR_HSA,17,2018,3656,32,135.422786581771
BS_G,17,2018,3656,36,27.5789915802307
BS_G3,17,2018,3656,16,52.3422394927027
BS_P,17,2018,3656,9,1.50422762769422
BS_P3,17,2018,3656,0,3.34386135808775
BS_SIL,17,2018,3656,351,215.750277570283
BS_SIL3,17,2018,3656,1011,463.210116320828
HN_BR,17,2018,3656,383,202.924368352228
HN_G,17,2018,3656,9,26.5783724720554
HN_G3,17,2018,3656,48,48.1052284051055
HN_P,17,2018,3656,1,2.52753311002576
HN_P3,17,2018,3656,20,19.9893741326823
HN_SIL,17,2018,3656,84,207.76527310767
HN_SIL3,17,2018,3656,580,277.695844651825
KA_BR,17,2018,3656,241,497.636515933735
KA_BR_HSA,17,2018,3656,67,256.646638387159
KA_G,17,2018,3656,74,106.031699460449
KA_G_COIN,17,2018,3656,149,162.005470776921
KA_P,17,2018,3656,62,47.1442505305313
KA_SIL,17,2018,3656,251,277.280509750862
Small_BR,17,2018,3656,66,173.072117320207
Small_G,17,2018,3656,10,44.9337430049716
Small_P,17,2018,3656,2,12.5844807017543
Small_SIL,17,2018,3656,51,145.184135487617
BS_BR,17,2019,1799,35,86.6576961215522
BS_BR_HSA,17,2019,1799,15,47.3690554438428
BS_G,17,2019,1799,11,6.62382901618404
BS_G3,17,2019,1799,9,24.9347124194167
BS_P,17,2019,1799,4,0.28506102385499
BS_P3,17,2019,1799,0,1.20916013469658
BS_SIL,17,2019,1799,87,55.4630600615629
BS_SIL3,17,2019,1799,569,222.447404941151
HN_BR,17,2019,1799,107,92.4418719666439
HN_BR_HSA,17,2019,1799,31,78.0201799535303
HN_G,17,2019,1799,10,12.015796389678
HN_G3,17,2019,1799,17,20.4694610108478
HN_P,17,2019,1799,1,1.02823384691054
HN_P3,17,2019,1799,13,7.15817159975573
HN_SIL,17,2019,1799,88,131.96569996033
HN_SIL3,17,2019,1799,174,123.129089497763
KA_BR,17,2019,1799,100,223.434771912115
KA_BR_HSA,17,2019,1799,35,127.300865924293
KA_G,17,2019,1799,13,28.3767109315587
KA_G_COIN,17,2019,1799,32,48.4526695665926
KA_P,17,2019,1799,26,12.5581534444754
KA_SIL,17,2019,1799,172,157.821031106472
Small_BR,17,2019,1799,87,97.328687577166
Small_G,17,2019,1799,26,34.7009546047149
Small_P,17,2019,1799,5,7.80994411708918
Small_SIL,17,2019,1799,132,149.997727427804
ANT_BR,18,2014,6124,480,380.374660688205
ANT_BR_HSA,18,2014,6124,55,191.22190163624
ANT_G,18,2014,6124,23,103.790348288401
ANT_G3,18,2014,6124,5,54.2778691571318
ANT_P,18,2014,6124,22,35.7316843489494
ANT_P3,18,2014,6124,5,20.3932846498896
ANT_SIL,18,2014,6124,437,791.338858131857
ANT_SIL3,18,2014,6124,180,541.856374236901
BS_BR,18,2014,6124,208,316.372431566166
BS_BR_HSA,18,2014,6124,41,171.652091428712
BS_G,18,2014,6124,151,131.221318581886
BS_P,18,2014,6124,96,49.8810837736312
BS_SIL,18,2014,6124,1835,874.327740529363
HN_BR,18,2014,6124,127,247.018469707139
HN_G3,18,2014,6124,137,191.647401124386
HN_P3,18,2014,6124,69,90.816380137247
HN_SIL3,18,2014,6124,1813,905.717281769044
KA_BR,18,2014,6124,105,414.013266678225
KA_G,18,2014,6124,17,55.7826188994096
KA_P,18,2014,6124,44,31.6518621297943
KA_SIL,18,2014,6124,274,524.913072537423
ANT_BR,18,2015,7468,744,464.477342408945
ANT_BR_HSA,18,2015,7468,46,233.339490478192
ANT_G,18,2015,7468,28,107.125769688078
ANT_G3,18,2015,7468,4,49.8297462794807
ANT_P,18,2015,7468,32,31.9799839324184
ANT_P3,18,2015,7468,5,16.0587075798691
ANT_SIL,18,2015,7468,518,932.578249133525
ANT_SIL3,18,2015,7468,144,633.123726635203
BS_BR,18,2015,7468,361,379.035417088408
BS_BR_HSA,18,2015,7468,53,206.293518088597
BS_G,18,2015,7468,175,142.478388198759
BS_P,18,2015,7468,116,51.6509368456322
BS_SIL,18,2015,7468,2281,1000.00315256353
HN_BR3,18,2015,7468,18,176.403362767852
HN_G3,18,2015,7468,123,186.314739909274
HN_P3,18,2015,7468,47,88.2718812141864
HN_SIL3,18,2015,7468,1887,881.814259176869
KA_BR,18,2015,7468,286,642.361813176319
KA_G,18,2015,7468,44,115.815688482925
KA_P,18,2015,7468,55,69.893985415292
KA_SIL,18,2015,7468,501,1059.14984093664
ANT_BR,18,2016,5011,583,347.241320659519
ANT_BR_HSA,18,2016,5011,347,213.771984397539
ANT_G,18,2016,5011,50,65.6815123491764
ANT_G3,18,2016,5011,0,23.2970418654813
ANT_P,18,2016,5011,28,19.9558890023158
ANT_P3,18,2016,5011,3,7.07859654364141
ANT_SIL,18,2016,5011,1006,708.148887542717
ANT_SIL3,18,2016,5011,18,281.656984756384
BS_BR,18,2016,5011,93,231.776174966661
BS_BR_HSA,18,2016,5011,14,114.020108054037
BS_G,18,2016,5011,74,62.5390753160591
BS_P,18,2016,5011,37,9.05688417538429
BS_SIL,18,2016,5011,1410,713.910522710629
HN_BR,18,2016,5011,34,231.169243612177
HN_G3,18,2016,5011,32,72.8738733844843
HN_P3,18,2016,5011,21,36.6804198802804
HN_SIL3,18,2016,5011,723,413.73619108907
KA_BR,18,2016,5011,97,333.985831754394
KA_BR_HSA,18,2016,5011,39,190.407770912688
KA_G,18,2016,5011,22,60.7299765994721
KA_P,18,2016,5011,31,32.8061747606243
KA_SIL,18,2016,5011,328,492.493136749644
Small_BR,18,2016,5011,10,117.00962208469
Small_G,18,2016,5011,2,35.6462633650931
Small_P,18,2016,5011,2,15.3364848040832
Small_SIL,18,2016,5011,7,179.990028663755
ANT_BR,18,2017,4090,118,237.320431700396
ANT_BR_HSA,18,2017,4090,46,133.231629417839
ANT_G,18,2017,4090,3,13.127579083037
ANT_G3,18,2017,4090,3,20.6016631778711
ANT_P,18,2017,4090,5,2.81845029470075
ANT_P3,18,2017,4090,3,4.38175506074676
ANT_SIL,18,2017,4090,48,191.944510193002
ANT_SIL3,18,2017,4090,57,212.804053468285
BS_BR,18,2017,4090,59,111.649539680951
BS_BR_HSA,18,2017,4090,24,69.6239289611419
BS_G,18,2017,4090,52,22.6518939685099
BS_G3,18,2017,4090,7,25.1935220279999
BS_P,18,2017,4090,22,2.58612738016142
BS_P3,18,2017,4090,2,4.28906287626669
BS_SIL,18,2017,4090,778,275.296233932448
BS_SIL3,18,2017,4090,77,242.751225005536
HN_BR,18,2017,4090,7,114.188302897855
HN_G3,18,2017,4090,12,39.7085012532113
HN_P3,18,2017,4090,5,18.2590428479627
HN_SIL3,18,2017,4090,908,438.166486440928
KA_BR,18,2017,4090,157,362.728270261516
KA_BR_HSA,18,2017,4090,27,178.399713403941
KA_G,18,2017,4090,13,49.8120349464155
KA_G_COIN,18,2017,4090,17,70.8510090563928
KA_P,18,2017,4090,28,22.353736024933
KA_SIL,18,2017,4090,299,352.926155557097
Small_BR,18,2017,4090,479,212.241666723706
Small_G,18,2017,4090,20,106.853590481182
Small_P,18,2017,4090,9,39.4010372764471
Small_SIL,18,2017,4090,805,513.838846599521
BS_BR,18,2018,4484,180,304.577698869301
BS_BR_HSA,18,2018,4484,38,165.389094215357
BS_G,18,2018,4484,96,30.1822511439534
BS_G3,18,2018,4484,12,38.7473630947073
BS_P,18,2018,4484,50,1.37373990632819
BS_P3,18,2018,4484,3,1.89018536132965
BS_SIL,18,2018,4484,726,255.091529288631
BS_SIL3,18,2018,4484,356,393.181979417824
HN_BR,18,2018,4484,183,286.888417498639
HN_G,18,2018,4484,3,15.8541266867509
HN_G3,18,2018,4484,66,93.4199019930596
HN_P,18,2018,4484,5,1.17223519180889
HN_P3,18,2018,4484,5,15.1094803892086
HN_SIL,18,2018,4484,27,141.580809828249
HN_SIL3,18,2018,4484,1492,538.728857338959
KA_BR,18,2018,4484,229,629.944981632823
KA_BR_HSA,18,2018,4484,42,324.933768269633
KA_G,18,2018,4484,77,138.48622121793
KA_G_COIN,18,2018,4484,85,216.775790894213
KA_P,18,2018,4484,38,58.8509667797946
KA_SIL,18,2018,4484,242,364.397220116344
Small_BR,18,2018,4484,385,152.831327763959
Small_G,18,2018,4484,23,63.7844219027027
Small_P,18,2018,4484,3,16.750396859466
Small_SIL,18,2018,4484,118,234.057234339028
BS_BR,18,2019,2915,111,179.697916003974
BS_BR_HSA,18,2019,2915,26,96.8985783918773
BS_G,18,2019,2915,66,13.5839685385468
BS_G3,18,2019,2915,11,24.3029590873033
BS_P,18,2019,2915,13,0.507057205759173
BS_P3,18,2019,2915,1,0.871835131394978
BS_SIL,18,2019,2915,386,119.702015415261
BS_SIL3,18,2019,2915,286,247.687900265494
HN_BR,18,2019,2915,91,189.277338571036
HN_BR_HSA,18,2019,2915,13,109.740700246921
HN_G,18,2019,2915,5,11.2958935719445
HN_G3,18,2019,2915,46,45.751474226216
HN_P,18,2019,2915,1,0.760897429152569
HN_P3,18,2019,2915,3,5.68292944236056
HN_SIL,18,2019,2915,69,143.810380647154
HN_SIL3,18,2019,2915,857,285.658433280708
KA_BR,18,2019,2915,142,386.303125649526
KA_BR_HSA,18,2019,2915,39,219.585728430839
KA_G,18,2019,2915,23,48.5971186527171
KA_G_COIN,18,2019,2915,29,85.478550182975
KA_P,18,2019,2915,33,20.5526572183203
KA_SIL,18,2019,2915,215,283.553894857792
Small_BR,18,2019,2915,317,135.639302927151
Small_G,18,2019,2915,20,45.2448875333085
Small_P,18,2019,2915,2,9.01271021467295
Small_SIL,18,2019,2915,110,205.801746877593
ANT_BR,19,2014,5699,356,313.893250490537
ANT_BR_HSA,19,2014,5699,33,157.748300793301
ANT_G,19,2014,5699,20,77.2917156948503
ANT_G3,19,2014,5699,1,19.3227932354642
ANT_P,19,2014,5699,26,24.9698822715468
ANT_P3,19,2014,5699,1,6.40814416096639
ANT_SIL,19,2014,5699,520,635.137961519384
ANT_SIL3,19,2014,5699,13,234.730627034082
BS_BR,19,2014,5699,83,231.921419698899
BS_BR_HSA,19,2014,5699,30,126.676690965624
BS_G,19,2014,5699,95,78.1037427015245
BS_P,19,2014,5699,67,27.4025059495586
BS_SIL,19,2014,5699,908,570.306956053639
HN_BR,19,2014,5699,131,238.187365600647
HN_G3,19,2014,5699,113,156.430177810826
HN_P3,19,2014,5699,50,70.703467667142
HN_SIL3,19,2014,5699,1847,755.859433730152
KA_BR,19,2014,5699,187,493.38868372327
KA_G,19,2014,5699,28,95.2134165584121
KA_P,19,2014,5699,67,54.6791046920749
KA_SIL,19,2014,5699,523,869.480608143492
Small_BR,19,2014,5699,163,81.1473826749355
Small_G,19,2014,5699,25,67.6845485115959
Small_P,19,2014,5699,64,30.6838469760326
Small_SIL,19,2014,5699,348,281.627973342046
ANT_BR,19,2015,6983,320,384.513332122082
ANT_BR_HSA,19,2015,6983,32,192.388453894722
ANT_G,19,2015,6983,13,63.1319867035545
ANT_G3,19,2015,6983,1,15.3482898635495
ANT_P,19,2015,6983,19,17.5079485241625
ANT_P3,19,2015,6983,1,4.33059909781649
ANT_SIL,19,2015,6983,479,627.166455892911
ANT_SIL3,19,2015,6983,21,229.975918149328
BS_BR,19,2015,6983,147,270.158279681416
BS_BR_HSA,19,2015,6983,56,150.18422216875
BS_G,19,2015,6983,88,78.0063235260621
BS_P,19,2015,6983,67,26.3573375764705
BS_SIL,19,2015,6983,1056,593.783253469057
HN_BR3,19,2015,6983,36,182.251016074399
HN_G3,19,2015,6983,67,143.407578519937
HN_P3,19,2015,6983,37,65.6988262244503
HN_SIL3,19,2015,6983,1521,710.300422399724
KA_BR,19,2015,6983,891,764.840718079686
KA_G,19,2015,6983,58,166.449265049517
KA_P,19,2015,6983,91,101.586777466599
KA_SIL,19,2015,6983,912,1477.48109032
Small_BR,19,2015,6983,351,109.739597942427
Small_G,19,2015,6983,60,97.1172330214698
Small_P,19,2015,6983,54,31.0548458955129
Small_SIL,19,2015,6983,605,480.220228336392
ANT_BR,19,2016,4488,90,195.004925795768
ANT_BR_HSA,19,2016,4488,42,137.975833119606
ANT_G,19,2016,4488,7,17.3489364892175
ANT_G3,19,2016,4488,0,5.9159530881421
ANT_P,19,2016,4488,6,4.49523838047769
ANT_P3,19,2016,4488,0,1.54684636535099
ANT_SIL,19,2016,4488,111,233.281988817111
ANT_SIL3,19,2016,4488,2,89.3767023133976
BS_BR,19,2016,4488,38,143.749419309506
BS_BR_HSA,19,2016,4488,8,69.7774671738313
BS_G,19,2016,4488,43,30.014985259469
BS_P,19,2016,4488,10,3.76015266624578
BS_SIL,19,2016,4488,562,391.39142010067
HN_BR,19,2016,4488,82,261.470298437025
HN_G3,19,2016,4488,15,78.982606782398
HN_P3,19,2016,4488,21,39.6414597406592
HN_SIL3,19,2016,4488,520,451.316319453551
KA_BR,19,2016,4488,201,445.181764123045
KA_BR_HSA,19,2016,4488,65,251.901385011392
KA_G,19,2016,4488,26,88.7455965858792
KA_P,19,2016,4488,33,48.7226856038181
KA_SIL,19,2016,4488,465,697.901835425332
Small_BR,19,2016,4488,836,99.9317451521128
Small_G,19,2016,4488,73,115.460733819656
Small_P,19,2016,4488,32,32.4784286108342
Small_SIL,19,2016,4488,1200,552.625272375497
ANT_BR,19,2017,3636,10,80.002446638074
ANT_BR_HSA,19,2017,3636,6,46.8851304348165
ANT_G,19,2017,3636,0,2.20568496156815
ANT_G3,19,2017,3636,2,3.0394254683168
ANT_P,19,2017,3636,1,0.390864445218007
ANT_P3,19,2017,3636,0,0.508983536181827
ANT_SIL,19,2017,3636,19,42.3095428138098
ANT_SIL3,19,2017,3636,6,40.8520897401261
BS_BR,19,2017,3636,25,65.4433415807658
BS_BR_HSA,19,2017,3636,7,41.5850864708019
BS_G,19,2017,3636,34,10.5655007645565
BS_G3,19,2017,3636,0,4.73994094213452
BS_P,19,2017,3636,7,1.04151911189796
BS_P3,19,2017,3636,0,0.632040930031619
BS_SIL,19,2017,3636,293,146.46809362914
BS_SIL3,19,2017,3636,1,57.2693585561018
HN_BR,19,2017,3636,9,135.658051164624
HN_G3,19,2017,3636,13,41.4102944412695
HN_P3,19,2017,3636,13,18.7722622104183
HN_SIL3,19,2017,3636,552,473.074184185943
KA_BR,19,2017,3636,192,516.371130215381
KA_BR_HSA,19,2017,3636,39,255.307968362341
KA_G,19,2017,3636,15,80.221949240855
KA_G_COIN,19,2017,3636,15,113.298836085276
KA_P,19,2017,3636,31,36.5864337450206
KA_SIL,19,2017,3636,342,555.979280777277
Small_BR,19,2017,3636,782,123.318194817685
Small_G,19,2017,3636,54,118.903596469164
Small_P,19,2017,3636,29,43.1225741217807
Small_SIL,19,2017,3636,1139,580.036194139421
BS_BR,19,2018,3641,59,142.123016313565
BS_BR_HSA,19,2018,3641,25,81.3251342632808
BS_G,19,2018,3641,41,7.78900751614924
BS_G3,19,2018,3641,23,41.0198621892315
BS_P,19,2018,3641,7,0.289233898234778
BS_P3,19,2018,3641,3,2.18110222506192
BS_SIL,19,2018,3641,200,71.6803987393076
BS_SIL3,19,2018,3641,452,397.105798774456
HN_BR,19,2018,3641,108,243.142455049948
HN_G,19,2018,3641,6,8.5471084002485
HN_G3,19,2018,3641,22,49.3063962978964
HN_P,19,2018,3641,3,0.603108555067201
HN_P3,19,2018,3641,15,19.6671366525289
HN_SIL,19,2018,3641,31,78.0433410444362
HN_SIL3,19,2018,3641,802,296.966763048854
KA_BR,19,2018,3641,393,654.451806192632
KA_BR_HSA,19,2018,3641,49,337.561349329268
KA_G,19,2018,3641,79,152.414838833265
KA_G_COIN,19,2018,3641,137,234.734790783839
KA_P,19,2018,3641,53,66.7485276372072
KA_SIL,19,2018,3641,228,399.445125664896
Small_BR,19,2018,3641,574,117.0344767797
Small_G,19,2018,3641,115,52.6628464510585
Small_P,19,2018,3641,35,14.0927606983869
Small_SIL,19,2018,3641,181,172.063614661483
BS_BR,19,2019,2448,28,64.7514425166252
BS_BR_HSA,19,2019,2448,8,36.0137540781182
BS_G,19,2019,2448,13,3.60022211557409
BS_G3,19,2019,2448,15,22.4846318316521
BS_P,19,2019,2448,7,0.117858683169116
BS_P3,19,2019,2448,4,0.917094696480933
BS_SIL,19,2019,2448,102,33.4897963085325
BS_SIL3,19,2019,2448,218,215.195685644031
HN_BR,19,2019,2448,44,118.715784822114
HN_BR_HSA,19,2019,2448,7,54.7264216949529
HN_G,19,2019,2448,2,2.6680874117834
HN_G3,19,2019,2448,27,41.7885732183838
HN_P,19,2019,2448,2,0.157896510947024
HN_P3,19,2019,2448,17,14.7162705813568
HN_SIL,19,2019,2448,8,36.847354755408
HN_SIL3,19,2019,2448,440,249.169963185055
KA_BR,19,2019,2448,202,391.646449864945
KA_BR_HSA,19,2019,2448,79,225.062791988687
KA_G,19,2019,2448,13,47.8458383331864
KA_G_COIN,19,2019,2448,36,82.0327619586668
KA_P,19,2019,2448,16,21.0102993332336
KA_SIL,19,2019,2448,180,267.722423287858
Small_BR,19,2019,2448,335,177.742807704732
Small_G,19,2019,2448,98,61.1948451399431
Small_P,19,2019,2448,20,13.6971468394853
Small_SIL,19,2019,2448,527,264.683797495077
