"term","inside","premium","av","hmo","Anthem","Blue_Shield","Kaiser","Health_Net","hh_size_prem","perc_0to17_prem","perc_18to34_prem","perc_35to54_prem","perc_male_prem","perc_black_prem","perc_hispanic_prem","perc_asian_prem","perc_other_prem","FPL_250to400_prem","FPL_400plus_prem","hh_size_av","perc_0to17_av","perc_18to34_av","perc_35to54_av","perc_male_av","perc_black_av","perc_hispanic_av","perc_asian_av","perc_other_av","FPL_250to400_av","FPL_400plus_av","hh_size_insured","perc_0to17_insured","perc_18to34_insured","perc_35to54_insured","perc_male_insured","perc_black_insured","perc_hispanic_insured","perc_asian_insured","perc_other_insured","FPL_250to400_insured","FPL_400plus_insured","assisted_av","broker_av","assisted_premium","broker_premium","commission_broker","commission_broker_sq","lambda"
"inside",0.00071287987783701,6.17338873315139e-05,-0.000695691523140736,2.16078603961471e-05,-3.69376305916553e-05,-4.86207302541882e-05,-5.74024015829934e-05,-2.72108515577352e-05,-1.54522756344678e-06,-9.06679968250121e-06,1.93775282681903e-05,9.56810185163145e-06,4.22433000440815e-08,6.05997588246957e-06,1.56086478998779e-05,1.2997253540466e-05,2.40713764306527e-06,-4.34940815531761e-05,-5.43444026904272e-05,3.07395810636695e-05,0.000274410566007803,0.000240258374535274,0.000124565559919953,6.77602331990447e-05,1.83002556575147e-05,-2.33208885371106e-05,3.16523523694825e-06,4.40660842348757e-05,0.000438864266039196,0.000505095224296709,-1.35588770486604e-05,-0.000187961515285296,-0.00022791102477546,-0.000122452631161524,-6.16192282170558e-05,-4.00636471448741e-05,2.23692451831155e-06,1.01900388509158e-06,-2.01311653074734e-05,-0.000371766015755528,-0.000451498239288003,-0.000110883792609175,-0.000109985285385474,9.22233611469707e-06,4.32627355660708e-06,-3.6636055552701e-06,9.13323007084832e-06,-4.02431107376482e-05
"premium",6.17338873315136e-05,9.86277477165218e-06,-7.41872311652552e-05,1.97466195375041e-06,-3.20169048141355e-06,-4.21003587938134e-06,-5.02537314929668e-06,-2.27006816519319e-06,-1.51061736444497e-06,4.9102286147799e-06,5.87342713923949e-07,2.83766852711163e-07,-4.83870721252671e-07,-4.00857992657021e-07,9.07296932512529e-07,9.13755812310344e-07,-1.53953414731051e-07,-5.60526762675358e-06,-6.65423723753223e-06,6.41080609642816e-06,4.61076152969961e-06,2.41668879272018e-05,1.17251810299911e-05,6.82558775843113e-06,2.80578193967964e-06,-2.42528407294598e-06,-7.11612056496123e-07,3.27637518446862e-06,4.83421560091426e-05,5.30080438772908e-05,-1.85217866953728e-06,-9.42223157002346e-06,-1.89983085893541e-05,-9.17651141321353e-06,-4.73665539939612e-06,-2.0268234841735e-06,1.65411387440684e-06,1.53150732453357e-06,-4.93460316927928e-07,-3.68583081785197e-05,-4.04939684985311e-05,-1.71604886789146e-06,-3.30116702354764e-06,-6.89148338859843e-07,-7.85555640439602e-07,-2.50340636655971e-07,6.30166915132993e-07,-3.5913734987683e-06
"av",-0.00069569152314072,-7.41872311652542e-05,0.000802704142604306,-2.23654954811909e-05,3.46113799097956e-05,4.5645487601328e-05,5.43750559934588e-05,2.47820811239586e-05,5.36007834257897e-06,-3.92965241923182e-06,-1.43383309541523e-05,-6.7966388896586e-06,1.60472598994257e-06,-3.39306247890963e-06,-1.417424647939e-05,-1.23506254629224e-05,-1.8288346211909e-06,4.55162729202848e-05,5.68433569314797e-05,-5.66204849608783e-05,-0.000180479582576288,-0.00027552365756249,-0.000148202575011356,-8.20246655140296e-05,-3.90161570764009e-05,1.57256727342081e-05,-4.50053167580193e-06,-4.56035832638657e-05,-0.000447031316585222,-0.000517853879142102,1.92912465613354e-05,0.000142161687441134,0.000223434110487902,0.000119387857874788,6.14856694555482e-05,3.7357400030311e-05,-4.03483842276981e-06,-3.88708016291903e-06,1.7828217563512e-05,0.000364578685484038,0.000436913005875317,2.3392217211144e-05,3.93731432587477e-05,-9.92033896762067e-07,2.02709716759254e-06,3.16472388509218e-06,-7.94774911558045e-06,3.87715564006647e-05
"hmo",2.16078603961464e-05,1.97466195375036e-06,-2.23654954811906e-05,2.29278608302671e-06,-1.27528200643077e-06,-1.76863166117034e-06,-3.01658399358316e-06,-8.17140647895649e-07,1.2570803367117e-07,-8.50124694007316e-07,1.21454423185331e-06,6.65864086798216e-07,8.94646120347148e-08,4.99278707298488e-07,8.90130189983014e-07,6.76124548251036e-07,2.5509868297259e-07,-1.54018420490697e-06,-1.89939507170374e-06,-1.31242879227394e-06,1.85260433109022e-05,6.5208321892185e-06,2.37253959927371e-06,1.22787122945592e-06,-2.76675350069989e-06,-4.21734514408357e-06,-2.00988637741954e-06,-5.83097761522744e-07,1.58989742099978e-05,1.7370943589972e-05,1.89173668171326e-06,-1.32015362138526e-05,-6.17872566764268e-06,-2.36244179222621e-06,-9.8111070310318e-07,1.76109713975478e-06,3.34337404459196e-06,2.31408620530224e-06,1.61447002781617e-06,-1.39949625455636e-05,-1.75980979605726e-05,-4.18503200988938e-06,-4.32107018390232e-06,3.66228899441116e-07,1.79012425032547e-07,-1.38059695377329e-07,3.11394621116196e-07,-1.65939402769308e-06
"Anthem",-3.69376305916545e-05,-3.20169048141353e-06,3.46113799097956e-05,-1.2752820064308e-06,4.96930917917385e-06,4.75916552035808e-06,5.17714072777664e-06,3.35394842093712e-06,-2.61563231784008e-07,1.60049085029685e-06,-1.82660441050158e-06,-1.00325597038323e-06,-1.47417511191424e-07,-7.99651192806763e-07,-1.32959339696644e-06,-1.04642429924491e-06,-3.92142727354426e-07,2.61158326188646e-06,3.25161794520363e-06,1.97685853827906e-06,-3.07276935166684e-05,-1.09568719663895e-05,-4.02254869285529e-06,-2.09073829612945e-06,3.76222982666012e-06,5.86041047777198e-06,2.63449174470565e-06,5.91235581090362e-07,-2.69537330582943e-05,-3.05674047392263e-05,-2.9081642690087e-06,2.19667785037665e-05,1.02692822033034e-05,3.96207133029454e-06,1.70226166219939e-06,-2.23558886615223e-06,-4.50603533510144e-06,-3.19432071933847e-06,-2.3732171454698e-06,2.36680004054788e-05,2.97282603603997e-05,6.54794734512984e-06,6.97511636174635e-06,-4.80841026476956e-07,-3.11505120826722e-07,2.07696400376405e-07,-4.1293846619959e-07,2.78399752707558e-06
"Blue_Shield",-4.86207302541873e-05,-4.21003587938131e-06,4.56454876013281e-05,-1.76863166117038e-06,4.75916552035808e-06,6.54914547572064e-06,6.5608249201707e-06,3.97717715098823e-06,-2.98866899868197e-07,2.05440656803785e-06,-2.53098581148717e-06,-1.4049496465378e-06,-2.21731047446401e-07,-1.09856082759646e-06,-1.88504531919235e-06,-1.49170724947343e-06,-5.75627582657825e-07,3.34232503890976e-06,4.232602901846e-06,2.54640669147736e-06,-4.01478026423448e-05,-1.43761506228685e-05,-5.12527556551284e-06,-2.7331458604781e-06,4.89114987561247e-06,7.95897181168685e-06,3.73718042779008e-06,1.01739115892911e-06,-3.48781077437153e-05,-3.98712165421038e-05,-3.87020444429998e-06,2.8799946909571e-05,1.36795440742734e-05,5.2028905648407e-06,2.25324915460076e-06,-2.79293098387453e-06,-6.00588548429496e-06,-4.20282469454121e-06,-3.29332522162413e-06,3.0987751352309e-05,3.92701154691846e-05,8.94912750883649e-06,9.01095499721075e-06,-6.84994527339731e-07,-3.38334278427553e-07,3.41505426255859e-07,-7.79361760040999e-07,3.72743293196398e-06
"Kaiser",-5.74024015829951e-05,-5.0253731492969e-06,5.4375055993462e-05,-3.01658399358332e-06,5.17714072777681e-06,6.56082492017094e-06,9.12446100767812e-06,4.13701092985199e-06,-4.12116890498214e-07,2.8601749395303e-06,-2.82317193108427e-06,-1.5457486832462e-06,-2.25419135979957e-07,-1.19201527011272e-06,-2.07665518633076e-06,-1.66793462368152e-06,-6.33453452107463e-07,4.27655147770112e-06,5.24939255851986e-06,3.38549525563831e-06,-4.86579559939654e-05,-1.73881299009332e-05,-6.61836828766515e-06,-3.27519885171002e-06,5.64903120172142e-06,9.37407536475996e-06,4.28398005666499e-06,1.17846428581133e-06,-4.37141706842927e-05,-4.89078343676634e-05,-4.82961319654106e-06,3.49772950762746e-05,1.65939013783487e-05,6.56620932146162e-06,2.66156983107865e-06,-2.98795961190667e-06,-7.27365723535012e-06,-5.36280812826973e-06,-4.29265098538292e-06,3.75947942000731e-05,4.66871974972201e-05,1.11448924406104e-05,1.05030071606453e-05,-8.80752337003475e-07,-4.75812846438499e-07,5.63226016691597e-07,-1.2298684070022e-06,4.31279011587315e-06
"Health_Net",-2.72108515577352e-05,-2.27006816519323e-06,2.47820811239594e-05,-8.17140647895679e-07,3.35394842093713e-06,3.97717715098824e-06,4.13701092985188e-06,3.9637265290824e-06,-2.53934011866184e-07,1.13650282599699e-06,-1.4428155694991e-06,-7.90325954955255e-07,-1.21721935536731e-07,-5.95896825449045e-07,-1.02439663362894e-06,-8.34034458475754e-07,-3.19490715961713e-07,1.87706036674713e-06,2.36855231727298e-06,2.00455258859512e-06,-2.27423391694296e-05,-7.98769857529772e-06,-2.88759326747925e-06,-1.43306044975405e-06,2.67992977748939e-06,4.5948264750695e-06,2.19484654309147e-06,6.41674922959613e-07,-1.94207830090999e-05,-2.22722613442025e-05,-2.50791161763988e-06,1.60332289885863e-05,7.48830612968255e-06,2.86270436641787e-06,1.1722550349394e-06,-1.45447424402926e-06,-3.33611277635731e-06,-2.24193821760602e-06,-1.83376139097093e-06,1.72377295219278e-05,2.20174201865558e-05,4.45529043587813e-06,5.03931200141136e-06,-3.21791277813464e-07,-1.95125184991483e-07,1.64471529419487e-07,-3.80384787487369e-07,2.07655590030485e-06
"hh_size_prem",-1.54522756344714e-06,-1.51061736444498e-06,5.36007834257933e-06,1.25708033671156e-07,-2.61563231784008e-07,-2.98866899868172e-07,-4.12116890498151e-07,-2.53934011866194e-07,1.69660900030898e-06,-5.91274402850049e-06,1.5294704293645e-07,-2.27184688587995e-07,-1.68884556302169e-07,2.2255878389706e-07,-1.6405595597394e-07,-2.9714471252702e-07,-1.6491599691975e-08,-2.8713027139906e-07,-3.14326642524374e-07,-8.21070334922088e-06,2.87578969303338e-05,1.11025374628955e-06,2.20815924924679e-06,7.86832138193103e-07,-8.32269902975684e-07,1.01659584280122e-06,1.90215031218806e-06,3.82670426243488e-07,2.33605978888586e-06,3.30382848689468e-06,4.94914291099368e-06,-1.64220467649917e-05,-1.01750305770918e-06,-1.53600796662722e-06,-4.12598898297631e-07,3.92492132617133e-07,-5.43199376234041e-07,-9.53160561151973e-07,-1.08354169464266e-07,-1.89711797161509e-06,-3.4072738641298e-06,-1.9887475244378e-07,-2.1971606242277e-07,-5.16891381536665e-08,-9.12925808293894e-08,-3.49178918798094e-08,8.43734785819913e-08,-3.0483605147059e-07
"perc_0to17_prem",-9.06679968250049e-06,4.91022861477992e-06,-3.92965241923234e-06,-8.50124694007259e-07,1.60049085029693e-06,2.05440656803769e-06,2.86017493952943e-06,1.13650282599709e-06,-5.91274402850047e-06,8.96622656079196e-05,-1.96106701997597e-06,-4.00095821567275e-07,2.66904449275485e-07,-1.23966349325492e-06,-5.94298636057239e-07,1.09737717662242e-07,-4.74016052349006e-07,-3.95928339495164e-07,3.02214137994683e-07,2.45197975220391e-05,-0.000469354229094394,-7.38900659452584e-06,-8.00533649522105e-06,-2.32271193589647e-06,5.5522632307655e-06,4.16367072364585e-06,-9.16501162887676e-07,1.68155925069541e-06,-7.10612402297959e-07,-1.01621227181671e-05,-1.50383151162999e-05,0.000221174851089942,7.5105080766641e-06,6.67217006825233e-06,1.566863024077e-06,-3.32920900737786e-06,-3.57082387773215e-06,-4.86418348109315e-07,-1.84095536398678e-06,6.97700826512087e-06,1.27018420304807e-05,6.81522616616883e-06,3.6478060465537e-06,-4.18194300541328e-07,7.004776399654e-08,1.09372303407837e-07,-2.19430659450314e-07,1.94669210053339e-06
"perc_18to34_prem",1.93775282681901e-05,5.87342713923948e-07,-1.43383309541526e-05,1.21454423185335e-06,-1.8266044105016e-06,-2.53098581148723e-06,-2.82317193108419e-06,-1.44281556949912e-06,1.5294704293646e-07,-1.96106701997611e-06,7.28743768612451e-06,2.16243454451699e-06,-1.56149804860043e-07,4.24436345007276e-07,4.79556564476135e-07,4.04738450738049e-07,9.48902663494546e-08,-4.07135276188113e-07,-8.22911986637035e-07,-1.82569772057463e-06,2.66570192134682e-05,-1.55153249819331e-05,-6.2355303986599e-06,3.03266369897688e-06,-1.78371365678177e-06,-1.98705257284582e-06,-3.64890457625963e-07,6.8931697976748e-07,1.10103430644752e-05,1.2893369583891e-05,2.77103102677768e-06,-1.63741197923434e-05,5.33315163624709e-06,2.92026174954799e-06,-2.21314066541484e-06,1.19088542505668e-06,2.21417279703024e-06,1.64877763000042e-06,1.54628720691024e-06,-1.42439155919511e-05,-2.03388008613096e-05,-7.20970269814116e-06,-7.13627070888864e-06,8.0064618362075e-07,5.39612618085451e-07,-1.95874414572936e-07,5.03305453590008e-07,-2.04316265283658e-06
"perc_35to54_prem",9.56810185163167e-06,2.83766852711186e-07,-6.79663888965902e-06,6.65864086798244e-07,-1.00325597038326e-06,-1.40494964653785e-06,-1.54574868324622e-06,-7.90325954955284e-07,-2.27184688587992e-07,-4.00095821567319e-07,2.16243454451699e-06,3.83984054476584e-06,-1.0809038455848e-07,1.2828189006863e-07,2.19478250599458e-07,1.00718544420895e-07,2.21665697407127e-08,4.74704561594689e-08,-1.93168841398362e-07,7.81369940553083e-07,1.04282300219055e-05,-4.72697485471431e-06,-1.70472670462576e-05,1.81758266101529e-06,-3.63056211167064e-07,-1.01099426594434e-06,3.45962853560553e-07,4.63824015207588e-07,3.94002113976968e-06,4.66538545135744e-06,4.55904758396239e-07,-5.31303787000105e-06,1.69382363784065e-06,9.84514109427653e-06,-1.34053319907896e-06,2.77549104148317e-07,1.13543883192113e-06,5.88707825021444e-07,7.04747122800383e-07,-7.15834603051571e-06,-1.15952772392461e-05,-3.2965842617483e-06,-3.33735453060514e-06,3.29585103262876e-07,1.81950166551717e-07,-1.11134570696529e-07,2.84508082625552e-07,-1.11293262043517e-06
"perc_male_prem",4.22433000440031e-08,-4.8387072125268e-07,1.60472598994279e-06,8.94646120347224e-08,-1.47417511191417e-07,-2.21731047446389e-07,-2.25419135979942e-07,-1.21721935536729e-07,-1.68884556302154e-07,2.66904449275412e-07,-1.56149804860035e-07,-1.08090384558489e-07,2.31113733605897e-06,1.10907075517935e-07,6.80015644226608e-08,9.49185269251642e-08,-7.24491932569078e-09,-1.09792894859682e-07,-2.51180550261309e-07,5.68712181429158e-07,1.10136961571631e-06,2.17232274471618e-06,1.31828962594958e-06,-1.1488172655864e-05,-5.08749929983433e-07,-2.29481158776255e-07,-2.14059797875748e-07,1.82954016045762e-07,1.1707849089983e-06,1.86566433206771e-06,-1.48582641685812e-07,-1.10040610662415e-06,-1.62584779393646e-06,-9.89065956236484e-07,6.81386659745639e-06,3.95464247016624e-07,2.5854393837593e-07,2.20175777517389e-07,3.23093926215604e-08,-1.35602635808475e-06,-2.2566735989776e-06,-1.30958756849148e-06,-6.80445329094411e-07,2.25331889012442e-07,8.52238332850986e-08,-1.26312390603763e-08,3.28052580624976e-08,-1.6764463705578e-07
"perc_black_prem",6.05997588246949e-06,-4.00857992657026e-07,-3.39306247890958e-06,4.99278707298489e-07,-7.99651192806756e-07,-1.09856082759644e-06,-1.19201527011269e-06,-5.95896825449047e-07,2.22558783897068e-07,-1.23966349325499e-06,4.24436345007257e-07,1.28281890068614e-07,1.10907075517935e-07,2.34452045108629e-05,1.74237209235945e-06,1.47859966943071e-06,1.21366380926793e-06,-2.85541757607397e-07,-3.26414291411988e-07,-1.16065857639215e-06,1.33493669122889e-05,4.00208357850086e-06,2.34402770979247e-06,3.23493191375677e-07,-0.000112262109230124,-9.18222535183903e-06,-7.48805799899109e-06,-6.68095671889409e-06,4.98969385694943e-06,5.71524893488132e-06,1.22195528403758e-06,-8.43929982226911e-06,-3.28564742988782e-06,-1.7854633332976e-06,-2.32869883045655e-07,6.51206232200054e-05,5.38068390019492e-06,5.05026742805555e-06,4.67588704042666e-06,-5.8193223149097e-06,-9.11307611120934e-06,1.39468524881168e-06,-2.05481874059084e-06,-4.40223540578303e-07,3.50366696078147e-08,-7.32522529976003e-08,1.83594015894845e-07,-8.45152912731833e-07
"perc_hispanic_prem",1.56086478998785e-05,9.07296932512613e-07,-1.41742464793908e-05,8.90130189983043e-07,-1.32959339696647e-06,-1.8850453191924e-06,-2.07665518633072e-06,-1.02439663362896e-06,-1.64055955973942e-07,-5.94298636057198e-07,4.79556564476132e-07,2.19478250599441e-07,6.80015644226573e-08,1.74237209235945e-06,6.56820651187748e-06,2.08937098307084e-06,1.48490558674639e-06,-6.21209447053185e-07,-7.08139138838732e-07,3.67497265501468e-07,1.68964459560517e-05,8.10885098993136e-06,3.63188207685281e-06,1.27302942780586e-06,-9.56677878027861e-06,-2.93308762481619e-05,-9.74776246310125e-06,-7.72105300666385e-06,1.03621570917778e-05,1.1221680497869e-05,9.40068963302215e-07,-1.24944448678191e-05,-6.62608237133446e-06,-3.02407149009876e-06,-9.69602009355002e-07,5.3597119374194e-06,1.73458395021049e-05,6.49338929092775e-06,5.53144513022053e-06,-1.14299002839054e-05,-1.59741689385098e-05,6.45416122983473e-07,-2.62256466613253e-06,-5.57474939492077e-07,-1.58496263711254e-07,-1.1881617818234e-07,2.99796163154762e-07,-1.50786965374213e-06
"perc_asian_prem",1.29972535404659e-05,9.13755812310345e-07,-1.23506254629224e-05,6.76124548251048e-07,-1.04642429924491e-06,-1.49170724947343e-06,-1.66793462368146e-06,-8.34034458475752e-07,-2.97144712527019e-07,1.09737717662258e-07,4.04738450738034e-07,1.0071854442088e-07,9.49185269251679e-08,1.47859966943071e-06,2.08937098307084e-06,6.41500546925459e-06,1.54365937251061e-06,-5.7666231595713e-07,-7.89463737780426e-07,1.21278913090765e-06,1.07529312347178e-05,6.63773441726262e-06,3.55095768368631e-06,9.41357860856148e-07,-8.25441589729099e-06,-1.05718065901496e-05,-3.00609005127882e-05,-8.31434129651339e-06,8.36406983336698e-06,9.6985904499929e-06,5.93236946853858e-08,-7.71333630969514e-06,-5.40093219209826e-06,-2.78165040091026e-06,-7.53973597705977e-07,5.0344080173905e-06,6.51919222376501e-06,1.79218613662748e-05,5.2298905411807e-06,-8.94192410962991e-06,-1.34121182472776e-05,-1.90592112384526e-06,5.59024772624443e-07,2.10263116758616e-08,-5.80215968896297e-07,-1.01914723862903e-07,2.81460580426213e-07,-1.232124765497e-06
"perc_other_prem",2.40713764306543e-06,-1.53953414731019e-07,-1.82883462119113e-06,2.55098682972597e-07,-3.92142727354438e-07,-5.75627582657821e-07,-6.33453452107447e-07,-3.19490715961721e-07,-1.649159969198e-08,-4.74016052348975e-07,9.48902663494329e-08,2.21665697407022e-08,-7.24491932569094e-09,1.21366380926793e-06,1.48490558674639e-06,1.54365937251062e-06,2.91302796011768e-06,-1.41693383119373e-07,-2.23741231490013e-07,6.71036036395517e-08,7.02115671323521e-06,3.08939398457037e-06,1.63662625369441e-06,5.84385380740253e-07,-7.05025427176052e-06,-8.15163898740965e-06,-8.39661031857651e-06,-1.60198444863096e-05,2.29671151045626e-06,2.92293863217465e-06,1.53436512431419e-07,-4.06246214273965e-06,-2.07652178775593e-06,-1.1074238529573e-06,-3.90841179304265e-07,4.32353500774228e-06,4.85949666803914e-06,4.69666582580788e-06,9.2692602840629e-06,-2.96636766933194e-06,-4.94979971577664e-06,8.05006558153487e-07,3.23697118203407e-06,-2.77585664531364e-07,-7.85414245262691e-07,-4.15510490969041e-08,1.06524406505942e-07,-4.70696665469972e-07
"FPL_250to400_prem",-4.34940815531766e-05,-5.60526762675369e-06,4.55162729202861e-05,-1.54018420490703e-06,2.61158326188651e-06,3.34232503890982e-06,4.27655147770105e-06,1.87706036674715e-06,-2.87130271399048e-07,-3.95928339495188e-07,-4.07135276188134e-07,4.74704561595023e-08,-1.09792894859681e-07,-2.85541757607407e-07,-6.21209447053157e-07,-5.76662315957149e-07,-1.4169338311936e-07,6.32474190092221e-06,5.55174357791155e-06,2.77579312623509e-06,-1.33554997133868e-05,-1.80475597263563e-05,-9.23297548344597e-06,-2.69551913902961e-06,1.11528463501594e-06,2.17306009672038e-06,8.76342165763467e-08,-1.05428967089263e-06,-5.42900785156244e-05,-4.47110275273975e-05,-3.33956955870359e-06,1.47231185936779e-05,1.46820501210811e-05,7.24074876575084e-06,2.13330285302245e-06,-4.78985561958486e-07,-2.02319600757286e-06,-1.787072797573e-06,-1.45625525163919e-06,3.72953583399954e-05,3.53837319304526e-05,6.61173845998944e-06,7.92466553317554e-06,-3.07257959887632e-07,-2.61569529213957e-07,2.23618825083398e-07,-5.61669521413116e-07,3.04829037085903e-06
"FPL_400plus_prem",-5.43444026904263e-05,-6.65423723753221e-06,5.68433569314798e-05,-1.89939507170377e-06,3.25161794520363e-06,4.23260290184598e-06,5.24939255851962e-06,2.36855231727294e-06,-3.14326642524388e-07,3.02214137994914e-07,-8.22911986636998e-07,-1.93168841398312e-07,-2.51180550261308e-07,-3.26414291411987e-07,-7.08139138838664e-07,-7.89463737780419e-07,-2.23741231489997e-07,5.55174357791147e-06,1.34177855042579e-05,2.62048314390245e-06,-2.50760938390542e-05,-2.1887752805848e-05,-1.09205004491798e-05,-2.85172937066998e-06,1.17302259649358e-06,2.07838052807808e-06,4.02087866961229e-07,-1.08208776128656e-06,-4.7928706996517e-05,-0.00011220210269642,-3.79808153612111e-06,2.29926773709157e-05,1.85092290576824e-05,9.14211119621908e-06,2.40843564516455e-06,-4.56184485678685e-07,-1.95653776234148e-06,-2.17307685129782e-06,-1.84527960278681e-06,3.72354150592345e-05,5.367612029519e-05,7.93550779310202e-06,8.87491170024543e-06,-3.47073989138598e-07,-1.77808650171192e-07,2.91728490820473e-07,-7.31509401459223e-07,3.81074391349362e-06
"hh_size_av",3.07395810636706e-05,6.41080609642798e-06,-5.66204849608789e-05,-1.31242879227388e-06,1.97685853827905e-06,2.5464066914772e-06,3.38549525563782e-06,2.00455258859527e-06,-8.2107033492208e-06,2.45197975220393e-05,-1.82569772057458e-06,7.81369940553149e-07,5.68712181429273e-07,-1.16065857639207e-06,3.67497265501426e-07,1.21278913090764e-06,6.71036036395315e-08,2.77579312623511e-06,2.62048314390234e-06,7.59004487121446e-05,-0.000231655434804242,-5.11449590356607e-06,-1.67604679076972e-05,-5.80831419418229e-06,9.702733425994e-06,-7.11933966207371e-06,-1.53671591811104e-05,-3.14406013351904e-06,-3.41164224239633e-05,-2.47513887947598e-05,-5.21639703216579e-05,0.000155382902590368,4.93233993265039e-06,1.2089788851905e-05,3.56486507180585e-06,-6.27116746185015e-06,4.54089266051099e-06,9.97611821320264e-06,2.24306719561016e-06,2.56988187117911e-05,2.48477678388259e-05,-8.9759453352832e-07,-2.56098493828466e-06,1.42874168146976e-07,3.68620741802832e-07,2.01481677503813e-07,-4.94475919706901e-07,2.29315545390676e-06
"perc_0to17_av",0.000274410566007792,4.61076152969943e-06,-0.000180479582576285,1.85260433109021e-05,-3.07276935166694e-05,-4.01478026423439e-05,-4.86579559939569e-05,-2.27423391694307e-05,2.87578969303339e-05,-0.000469354229094399,2.66570192134673e-05,1.04282300219049e-05,1.10136961571587e-06,1.33493669122885e-05,1.68964459560523e-05,1.07529312347181e-05,7.02115671323556e-06,-1.33554997133865e-05,-2.50760938390525e-05,-0.000231655434804245,0.00402094639262795,0.000158184445218375,0.000118814695391307,2.84861363944393e-05,-7.58659104900488e-05,-8.02473604242887e-05,-1.78353159623975e-05,-2.66153203574057e-05,0.000114378362584272,0.000201595308158747,0.000174564609906506,-0.00228181886336733,-0.000148433448133713,-0.000101954803624146,-2.22994098295764e-05,4.92496724591542e-05,6.34615962507493e-05,2.54431573208403e-05,3.73820793200166e-05,-0.000170982273216592,-0.000259961131172919,-0.000106260246258883,-7.30513159432978e-05,9.0303773888592e-06,2.44086046051154e-06,-2.92903020171449e-06,7.29425188062382e-06,-3.3812211248909e-05
"perc_18to34_av",0.000240258374535273,2.41668879272019e-05,-0.000275523657562496,6.52083218921855e-06,-1.09568719663895e-05,-1.43761506228682e-05,-1.73881299009317e-05,-7.98769857529749e-06,1.11025374628951e-06,-7.38900659452551e-06,-1.55153249819334e-05,-4.72697485471466e-06,2.17232274471613e-06,4.00208357850076e-06,8.10885098993105e-06,6.63773441726263e-06,3.08939398457023e-06,-1.80475597263558e-05,-2.1887752805848e-05,-5.11449590356456e-06,0.000158184445218368,0.000258034558095425,0.000129424447187598,-3.3907598847794e-06,-1.71792711180594e-05,-3.29615351521474e-05,-2.13580837222338e-05,-1.14733205858664e-05,0.000172188420847239,0.000187244985862489,8.84231028765633e-06,-0.000123121765694718,-0.000187093694220971,-9.61128300537318e-05,1.23123510133582e-06,7.49048805185179e-06,1.90488589930895e-05,1.67712846425131e-05,1.19167715562671e-05,-0.000129285493950047,-0.000144170910712593,-1.03261684880186e-05,-1.5051435244826e-05,8.30166829168099e-07,-4.91882742369473e-07,-1.10889210998852e-06,2.90616498044576e-06,-1.26457465195596e-05
"perc_35to54_av",0.000124565559919948,1.17251810299909e-05,-0.000148202575011356,2.37253959927361e-06,-4.02254869285517e-06,-5.12527556551227e-06,-6.61836828766358e-06,-2.88759326747886e-06,2.20815924924684e-06,-8.00533649522109e-06,-6.23553039866015e-06,-1.70472670462579e-05,1.31828962594955e-06,2.34402770979232e-06,3.63188207685248e-06,3.55095768368617e-06,1.6366262536943e-06,-9.23297548344525e-06,-1.09205004491794e-05,-1.67604679076966e-05,0.000118814695391302,0.000129424447187595,0.000207255058677221,-6.53853537749059e-06,-1.47808272869572e-05,-1.5378130766688e-05,-1.56311355173162e-05,-7.32000906504501e-06,8.37333813588495e-05,8.3632998523228e-05,1.26869325642349e-05,-9.53859513316427e-05,-9.54868856270388e-05,-0.000147329020836499,4.44433744381329e-06,8.3928448403054e-06,8.8550632778274e-06,1.0860986413722e-05,6.26347397316871e-06,-5.48014074011153e-05,-4.83315264519223e-05,-6.61183162006831e-06,-6.50628562617265e-06,7.7823686449735e-07,4.52363214809311e-08,-4.85403653364334e-07,1.30068106184484e-06,-4.79322266412397e-06
"perc_male_av",6.77602331990456e-05,6.82558775843136e-06,-8.20246655140338e-05,1.22787122945594e-06,-2.09073829612968e-06,-2.73314586047838e-06,-3.27519885171005e-06,-1.43306044975413e-06,7.86832138193035e-07,-2.32271193589613e-06,3.03266369897689e-06,1.81758266101535e-06,-1.1488172655864e-05,3.23493191375703e-07,1.27302942780579e-06,9.41357860856184e-07,5.84385380740223e-07,-2.6955191390296e-06,-2.8517293706701e-06,-5.80831419418149e-06,2.84861363944382e-05,-3.39075988477938e-06,-6.53853537748996e-06,0.000136577710843541,1.8445855373032e-06,-4.10934592149558e-06,-1.99871293446735e-06,-2.35062555238937e-06,2.95010865316609e-05,2.7137261456884e-05,4.94482213224968e-06,-1.87255357028079e-05,2.36707226657111e-07,3.94636200851166e-06,-9.68531296193795e-05,-2.68786063189276e-06,1.94862163199045e-06,2.26554887758327e-06,2.93395001967871e-06,-2.3290690294868e-05,-2.27003020191514e-05,6.19471026629054e-07,-4.95213614819678e-06,-3.42897882032579e-07,-1.21656775104682e-08,-2.23315513332555e-07,5.67289536928622e-07,-2.54608977651467e-06
"perc_black_av",1.83002556575104e-05,2.8057819396792e-06,-3.90161570763988e-05,-2.76675350069997e-06,3.76222982666022e-06,4.89114987561253e-06,5.64903120172187e-06,2.67992977748961e-06,-8.32269902975693e-07,5.55226323076568e-06,-1.78371365678178e-06,-3.63056211167004e-07,-5.08749929983427e-07,-0.000112262109230124,-9.56677878027877e-06,-8.25441589729104e-06,-7.05025427176051e-06,1.11528463501623e-06,1.1730225964939e-06,9.70273342599465e-06,-7.58659104900506e-05,-1.71792711180615e-05,-1.4780827286959e-05,1.84458553730288e-06,0.00124585148100149,9.62087374885828e-05,8.35788288625286e-05,8.09275300348288e-05,-1.59556944776718e-05,-1.2926816494526e-05,-9.000049875899e-06,4.95042782235286e-05,1.23826408630817e-05,1.06832671738577e-05,-2.05231920791577e-06,-0.000870937731048648,-6.2909535670668e-05,-6.09936673879091e-05,-5.98414050936952e-05,2.21019326374652e-05,3.30802812708918e-05,-2.83925350347333e-05,9.26108529197027e-06,2.85391062828086e-06,-1.76110752860882e-07,2.96626824491735e-07,-7.49949730748326e-07,3.76729118017022e-06
"perc_hispanic_av",-2.33208885371135e-05,-2.42528407294645e-06,1.57256727342092e-05,-4.21734514408365e-06,5.86041047777209e-06,7.95897181168695e-06,9.37407536475993e-06,4.59482647506956e-06,1.01659584280127e-06,4.16367072364556e-06,-1.98705257284566e-06,-1.01099426594421e-06,-2.29481158776298e-07,-9.18222535183905e-06,-2.9330876248162e-05,-1.05718065901495e-05,-8.15163898740967e-06,2.17306009672059e-06,2.07838052807844e-06,-7.11933966207387e-06,-8.02473604242854e-05,-3.29615351521489e-05,-1.53781307666899e-05,-4.10934592149529e-06,9.62087374885828e-05,0.000263943575061338,9.68684529256222e-05,8.86467807344019e-05,-2.96187758187622e-05,-2.48297411967564e-05,8.37895000630552e-08,5.65017272257378e-05,2.34285350480539e-05,1.12788103447156e-05,2.40123077045449e-06,-6.24422383728518e-05,-0.000178702100937049,-6.78827586123433e-05,-6.35569995371588e-05,3.93381990369055e-05,5.26673572882842e-05,-2.92085383874788e-05,1.43959369124121e-06,3.35260752127775e-06,8.45245699606237e-07,4.09683918358994e-07,-1.00721435471661e-06,5.92112270084351e-06
"perc_asian_av",3.16523523694744e-06,-7.11612056496288e-07,-4.50053167580249e-06,-2.00988637741959e-06,2.63449174470566e-06,3.73718042779008e-06,4.28398005666508e-06,2.19484654309151e-06,1.90215031218811e-06,-9.16501162888158e-07,-3.64890457625817e-07,3.45962853560634e-07,-2.14059797875806e-07,-7.48805799899112e-06,-9.7477624631014e-06,-3.00609005127882e-05,-8.39661031857646e-06,8.76342165764617e-08,4.02087866961373e-07,-1.53671591811106e-05,-1.78353159623943e-05,-2.13580837222338e-05,-1.56311355173171e-05,-1.99871293446691e-06,8.35788288625288e-05,9.68684529256226e-05,0.000299752588708175,9.52453936513564e-05,-5.70340433615366e-06,-8.96821591684542e-06,8.95941576784934e-06,6.93760758742626e-06,1.35515466472533e-05,1.03112298073052e-05,1.21064256083498e-06,-5.90595924540767e-05,-6.585195092696e-05,-0.000204142660836651,-6.0453313229548e-05,1.49276007047381e-05,2.98224714215338e-05,-5.26016506159296e-06,-3.14231575259961e-05,6.56159849044564e-07,3.53712081218283e-06,2.25554231353565e-07,-7.36884499296563e-07,3.06289341845637e-06
"perc_other_av",4.40660842348753e-05,3.27637518446843e-06,-4.56035832638677e-05,-5.83097761522729e-07,5.91235581090363e-07,1.01739115892891e-06,1.17846428581135e-06,6.41674922959636e-07,3.82670426243592e-07,1.68155925069501e-06,6.8931697976774e-07,4.63824015207708e-07,1.8295401604572e-07,-6.68095671889413e-06,-7.72105300666399e-06,-8.31434129651341e-06,-1.60198444863096e-05,-1.05428967089251e-06,-1.08208776128651e-06,-3.14406013351957e-06,-2.66153203574019e-05,-1.14733205858672e-05,-7.3200090650455e-06,-2.35062555238915e-06,8.09275300348296e-05,8.86467807344024e-05,9.52453936513573e-05,0.000187237314170254,9.39259123746908e-06,1.07981971700657e-05,3.0141458149461e-06,1.06662871932528e-05,3.25803744446328e-06,3.1908039335861e-06,1.0551967112509e-06,-5.74591716428144e-05,-5.9634320661691e-05,-5.88197297442697e-05,-0.000122720152808659,-2.1034476954969e-06,1.41095007868895e-06,-2.03382480947825e-05,-4.59070772436e-05,1.9230762658097e-06,4.4366229596486e-06,4.92257875708167e-08,-1.29015706137967e-07,6.73293207559698e-07
"FPL_250to400_av",0.000438864266039185,4.83421560091425e-05,-0.000447031316585219,1.5898974209998e-05,-2.6953733058294e-05,-3.48781077437149e-05,-4.37141706842909e-05,-1.94207830090995e-05,2.3360597888858e-06,-7.10612402297726e-07,1.10103430644749e-05,3.94002113976912e-06,1.17078490899838e-06,4.9896938569494e-06,1.03621570917771e-05,8.3640698333669e-06,2.29671151045605e-06,-5.42900785156238e-05,-4.79287069965169e-05,-3.41164224239635e-05,0.000114378362584265,0.000172188420847239,8.37333813588533e-05,2.95010865316579e-05,-1.59556944776694e-05,-2.96187758187591e-05,-5.70340433615276e-06,9.3925912374691e-06,0.000593196165857716,0.000437743703345732,4.05867912802526e-05,-0.000125224974238777,-0.000144498588115218,-6.79644251343274e-05,-2.35193052463434e-05,6.98570175246453e-06,2.39474633896089e-05,2.11186639329382e-05,1.69262669383601e-05,-0.000420745673242512,-0.000367119247520302,-7.38912018211363e-05,-8.81361529680458e-05,4.23578121155517e-06,2.91206207384383e-06,-2.37991418174525e-06,6.01661169180619e-06,-3.16985928080374e-05
"FPL_400plus_av",0.000505095224296691,5.30080438772902e-05,-0.000517853879142096,1.73709435899719e-05,-3.05674047392259e-05,-3.98712165421031e-05,-4.89078343676603e-05,-2.22722613442019e-05,3.30382848689469e-06,-1.01621227181677e-05,1.28933695838902e-05,4.66538545135679e-06,1.86566433206761e-06,5.71524893488114e-06,1.12216804978681e-05,9.69859044999256e-06,2.92293863217439e-06,-4.47110275273963e-05,-0.000112202102696419,-2.47513887947608e-05,0.000201595308158749,0.000187244985862487,8.36329985232312e-05,2.71372614568822e-05,-1.29268164945226e-05,-2.48297411967523e-05,-8.96821591684334e-06,1.07981971700661e-05,0.000437743703345728,0.0013735550655897,3.62205948046865e-05,-0.00017911189406793,-0.000161393314705993,-7.16995847016818e-05,-2.25452534067912e-05,3.8759196104885e-06,1.92859329786888e-05,2.27852040344452e-05,1.63353445522355e-05,-0.000349572855072081,-0.000749557699987639,-7.9938975838141e-05,-8.55968100497578e-05,4.72939994755951e-06,2.59224660337785e-06,-2.85582392130868e-06,7.19401997253449e-06,-3.60562131439335e-05
"hh_size_insured",-1.35588770486653e-05,-1.85217866953742e-06,1.92912465613395e-05,1.89173668171314e-06,-2.90816426900852e-06,-3.87020444429962e-06,-4.82961319654033e-06,-2.50791161763989e-06,4.9491429109936e-06,-1.50383151162998e-05,2.77103102677752e-06,4.55904758396131e-07,-1.48582641685866e-07,1.22195528403754e-06,9.40068963302226e-07,5.93236946853862e-08,1.5343651243147e-07,-3.33956955870343e-06,-3.79808153612086e-06,-5.21639703216577e-05,0.0001745646099065,8.84231028765625e-06,1.26869325642343e-05,4.94482213224966e-06,-9.00004987589919e-06,8.37895000622963e-08,8.95941576784862e-06,3.01414581494483e-06,4.05867912802505e-05,3.62205948046841e-05,4.9663373651691e-05,-0.000147950908145828,-8.36193823244828e-06,-1.1511651643608e-05,-3.78684626255112e-06,6.99779259797021e-06,-1.26332959678793e-06,-7.37929898647543e-06,-7.56394201139707e-07,-3.47931538462606e-05,-3.65202755397045e-05,-7.80117570179113e-06,-7.76323857959495e-06,6.2537364291e-07,3.72290193886518e-07,-3.25326528362369e-07,8.17683784701263e-07,-3.33916372598132e-06
"perc_0to17_insured",-0.000187961515285276,-9.42223157002262e-06,0.00014216168744112,-1.32015362138523e-05,2.19667785037662e-05,2.87999469095694e-05,3.49772950762683e-05,1.60332289885865e-05,-1.64220467649916e-05,0.000221174851089942,-1.63741197923425e-05,-5.31303787000051e-06,-1.10040610662388e-06,-8.43929982226874e-06,-1.2494444867819e-05,-7.71333630969518e-06,-4.06246214273984e-06,1.4723118593677e-05,2.29926773709138e-05,0.000155382902590367,-0.00228181886336729,-0.000123121765694717,-9.53859513316407e-05,-1.87255357028064e-05,4.95042782235274e-05,5.65017272257395e-05,6.93760758742959e-06,1.06662871932572e-05,-0.000125224974238772,-0.000179111894067918,-0.000147950908145831,0.0018562375822822,0.000126730283651061,9.8280571953257e-05,1.43747795108452e-05,-3.53086875549619e-05,-4.49999743870327e-05,-1.16215952952706e-05,-2.53356742645217e-05,0.000111567941922817,0.000179291835866492,8.58212518307466e-05,7.01732406809399e-05,-7.30905743724221e-06,-3.32904043167883e-06,2.36182853921849e-06,-5.91157312182743e-06,2.41392511139157e-05
"perc_18to34_insured",-0.00022791102477546,-1.89983085893541e-05,0.000223434110487907,-6.17872566764282e-06,1.02692822033036e-05,1.36795440742734e-05,1.65939013783477e-05,7.48830612968251e-06,-1.01750305770937e-06,7.51050807666548e-06,5.33315163624718e-06,1.69382363784095e-06,-1.62584779393649e-06,-3.28564742988779e-06,-6.62608237133423e-06,-5.40093219209824e-06,-2.07652178775579e-06,1.46820501210808e-05,1.85092290576825e-05,4.93233993265128e-06,-0.000148433448133724,-0.000187093694220973,-9.54868856270422e-05,2.36707226657897e-07,1.23826408630799e-05,2.34285350480523e-05,1.35515466472523e-05,3.25803744446184e-06,-0.00014449858811522,-0.000161393314705997,-8.36193823245014e-06,0.000126730283651073,0.000178636976759161,9.21340509044227e-05,-1.12996069656729e-06,-5.29994867906639e-06,-1.61944270688492e-05,-1.42743763738156e-05,-9.98147243469491e-06,0.000115708389529713,0.000132579414515913,3.24749356177708e-05,3.20886383591224e-05,-2.92948612496136e-06,-1.23046493196792e-06,1.17234799214769e-06,-3.00537874118491e-06,1.18227333428269e-05
"perc_35to54_insured",-0.000122452631161518,-9.17651141321304e-06,0.000119387857874785,-2.36244179222609e-06,3.96207133029434e-06,5.20289056484012e-06,6.56620932146024e-06,2.8627043664175e-06,-1.53600796662728e-06,6.67217006825262e-06,2.92026174954817e-06,9.84514109427673e-06,-9.89065956236447e-07,-1.78546333329747e-06,-3.02407149009841e-06,-2.78165040091011e-06,-1.10742385295718e-06,7.24074876575016e-06,9.14211119621857e-06,1.20897888519048e-05,-0.000101954803624143,-9.61128300537278e-05,-0.000147329020836497,3.94636200851198e-06,1.06832671738561e-05,1.12788103447138e-05,1.03112298073044e-05,3.19080393358529e-06,-6.79644251343234e-05,-7.16995847016786e-05,-1.15116516436087e-05,9.82805719532592e-05,9.21340509044185e-05,0.0001366500562436,-4.27028953489287e-06,-7.2297696002536e-06,-7.60103732168053e-06,-9.3875814020431e-06,-5.1862171659235e-06,4.95089398470829e-05,4.71999826233831e-05,1.32869150874922e-05,1.25730950187113e-05,-1.38735744599453e-06,-5.99851304143514e-07,5.11031614464801e-07,-1.3170734223332e-06,4.67660042061767e-06
"perc_male_insured",-6.1619228217059e-05,-4.73665539939647e-06,6.14856694555542e-05,-9.81110703103267e-07,1.70226166219968e-06,2.2532491546011e-06,2.66156983107887e-06,1.17225503493955e-06,-4.12598898297625e-07,1.56686302407694e-06,-2.21314066541488e-06,-1.34053319907896e-06,6.81386659745635e-06,-2.32869883045707e-07,-9.6960200935502e-07,-7.53973597706062e-07,-3.90841179304269e-07,2.13330285302252e-06,2.40843564516479e-06,3.56486507180557e-06,-2.22994098295783e-05,1.23123510133409e-06,4.44433744381104e-06,-9.68531296193796e-05,-2.0523192079161e-06,2.40123077045479e-06,1.21064256083532e-06,1.05519671125111e-06,-2.35193052463472e-05,-2.25452534067948e-05,-3.78684626255142e-06,1.43747795108484e-05,-1.12996069656516e-06,-4.27028953489123e-06,9.13802870767461e-05,2.67466284378361e-06,-1.42992070014003e-06,-1.23246131984475e-06,-2.19431981849851e-06,1.88845734588668e-05,1.81497760284789e-05,5.98823499463443e-06,6.03942506765565e-06,-3.82962943102774e-07,-2.08212497120257e-07,1.89612719156689e-07,-4.79187424521846e-07,2.09806705817987e-06
"perc_black_insured",-4.00636471448719e-05,-2.02682348417324e-06,3.73574000303111e-05,1.76109713975484e-06,-2.2355888661523e-06,-2.79293098387456e-06,-2.987959611907e-06,-1.45447424402943e-06,3.92492132617122e-07,-3.32920900737783e-06,1.1908854250567e-06,2.77549104148319e-07,3.95464247016641e-07,6.51206232200056e-05,5.35971193741958e-06,5.03440801739056e-06,4.32353500774231e-06,-4.78985561958728e-07,-4.56184485678883e-07,-6.27116746185056e-06,4.92496724591544e-05,7.49048805185308e-06,8.392844840306e-06,-2.6878606318928e-06,-0.00087093773104865,-6.24422383728523e-05,-5.90595924540768e-05,-5.74591716428141e-05,6.98570175246602e-06,3.8759196104903e-06,6.99779259796996e-06,-3.53086875549618e-05,-5.29994867906751e-06,-7.22976960025413e-06,2.67466284378351e-06,0.000810511416665374,6.2226439890529e-05,6.04981367709845e-05,6.03442053327013e-05,-1.09261746519181e-05,-1.68180699245854e-05,-1.75830094339653e-06,-3.73719528347004e-06,1.57406838444308e-07,-4.30066996917333e-08,-7.42934062580092e-08,1.8655101378003e-07,-2.09897375479833e-06
"perc_hispanic_insured",2.23692451831267e-06,1.65411387440716e-06,-4.03483842277006e-06,3.34337404459205e-06,-4.50603533510155e-06,-6.00588548429504e-06,-7.27365723535011e-06,-3.33611277635737e-06,-5.4319937623407e-07,-3.57082387773212e-06,2.21417279703016e-06,1.13543883192107e-06,2.58543938375934e-07,5.38068390019493e-06,1.7345839502105e-05,6.51919222376498e-06,4.85949666803916e-06,-2.02319600757301e-06,-1.9565377623417e-06,4.54089266051098e-06,6.34615962507489e-05,1.90488589930904e-05,8.85506327782831e-06,1.94862163199042e-06,-6.2909535670668e-05,-0.00017870210093705,-6.58519509269596e-05,-5.96343206616906e-05,2.39474633896104e-05,1.92859329786911e-05,-1.26332959678841e-06,-4.49999743870322e-05,-1.619442706885e-05,-7.60103732168147e-06,-1.42992070013993e-06,6.22264398905289e-05,0.000161258778319945,6.65346851200134e-05,6.36465193270048e-05,-2.86991847057423e-05,-3.70448117726496e-05,-1.24759945748699e-05,-1.07839225911704e-05,7.9987774240385e-07,2.57257852689459e-07,-3.13134157419924e-07,7.81592602750808e-07,-4.33892053474105e-06
"perc_asian_insured",1.0190038850971e-06,1.5315073245342e-06,-3.88708016292405e-06,2.31408620530248e-06,-3.19432071933878e-06,-4.20282469454165e-06,-5.36280812827029e-06,-2.24193821760627e-06,-9.53160561151944e-07,-4.8641834810985e-07,1.64877763000052e-06,5.88707825021438e-07,2.20175777517413e-07,5.05026742805562e-06,6.49338929092803e-06,1.79218613662748e-05,4.6966658258079e-06,-1.78707279757342e-06,-2.1730768512984e-06,9.97611821320211e-06,2.54431573208483e-05,1.67712846425156e-05,1.08609864137245e-05,2.26554887758356e-06,-6.0993667387909e-05,-6.78827586123441e-05,-0.00020414266083665,-5.88197297442687e-05,2.11186639329423e-05,2.27852040344513e-05,-7.37929898647524e-06,-1.16215952952748e-05,-1.42743763738183e-05,-9.38758140204508e-06,-1.23246131984493e-06,6.04981367709843e-05,6.65346851200138e-05,0.000202742898688954,6.28995356207251e-05,-2.37614668254121e-05,-3.79383907581958e-05,-6.83561908335189e-06,-7.69583612528571e-06,3.46729941655306e-07,-1.72391260805242e-08,-4.82632453747178e-07,1.33859382149227e-06,-3.58634675743108e-06
"perc_other_insured",-2.01311653074681e-05,-4.93460316927196e-07,1.78282175635074e-05,1.61447002781634e-06,-2.37321714547007e-06,-3.29332522162436e-06,-4.29265098538331e-06,-1.83376139097115e-06,-1.08354169464348e-07,-1.84095536398635e-06,1.54628720691022e-06,7.04747122800343e-07,3.23093926215552e-08,4.67588704042672e-06,5.53144513022073e-06,5.22989054118079e-06,9.26926028406291e-06,-1.45625525163962e-06,-1.84527960278729e-06,2.24306719561057e-06,3.73820793200147e-05,1.19167715562698e-05,6.26347397317054e-06,2.93395001967933e-06,-5.98414050936951e-05,-6.3556999537159e-05,-6.04533132295481e-05,-0.000122720152808658,1.69262669383637e-05,1.63353445522399e-05,-7.56394201140409e-07,-2.53356742645197e-05,-9.9814724346976e-06,-5.18621716592523e-06,-2.1943198184989e-06,6.03442053327009e-05,6.36465193270047e-05,6.28995356207251e-05,0.000124818898764437,-1.80003423860408e-05,-2.44184779046275e-05,-4.84969613932575e-06,-5.52490496998834e-06,2.3373978109944e-07,-7.33752814182589e-08,-4.70555447093521e-07,1.23431882951083e-06,-2.69897686118519e-06
"FPL_250to400_insured",-0.000371766015755522,-3.68583081785196e-05,0.000364578685484038,-1.39949625455638e-05,2.36680004054787e-05,3.09877513523088e-05,3.75947942000715e-05,1.72377295219276e-05,-1.89711797161511e-06,6.97700826512087e-06,-1.42439155919509e-05,-7.15834603051534e-06,-1.35602635808476e-06,-5.81932231490964e-06,-1.14299002839049e-05,-8.9419241096298e-06,-2.96636766933179e-06,3.72953583399948e-05,3.72354150592344e-05,2.5698818711791e-05,-0.000170982273216589,-0.000129285493950048,-5.48014074011185e-05,-2.32906902948664e-05,2.21019326374621e-05,3.93381990369026e-05,1.49276007047368e-05,-2.10344769549756e-06,-0.000420745673242511,-0.000349572855072086,-3.4793153846262e-05,0.000111567941922821,0.000115708389529712,4.95089398470861e-05,1.88845734588645e-05,-1.09261746519158e-05,-2.86991847057406e-05,-2.37614668254081e-05,-1.80003423860372e-05,0.00035520682745589,0.000316365240044792,7.42736381609195e-05,7.69271582979799e-05,-5.1168692693536e-06,-2.72294504713136e-06,2.13072067947412e-06,-5.37317805360053e-06,2.73189242346309e-05
"FPL_400plus_insured",-0.000451498239287984,-4.049396849853e-05,0.000436913005875308,-1.75980979605725e-05,2.97282603603992e-05,3.92701154691837e-05,4.66871974972169e-05,2.20174201865551e-05,-3.40727386412991e-06,1.27018420304823e-05,-2.03388008613087e-05,-1.15952772392455e-05,-2.25667359897764e-06,-9.11307611120919e-06,-1.59741689385091e-05,-1.34121182472773e-05,-4.94979971577645e-06,3.53837319304512e-05,5.36761202951892e-05,2.48477678388264e-05,-0.000259961131172923,-0.00014417091071259,-4.83315264519248e-05,-2.27003020191484e-05,3.30802812708895e-05,5.26673572882817e-05,2.9822471421533e-05,1.41095007868959e-06,-0.000367119247520294,-0.000749557699987637,-3.65202755397059e-05,0.000179291835866501,0.000132579414515908,4.71999826233853e-05,1.8149776028475e-05,-1.68180699245843e-05,-3.70448117726485e-05,-3.79383907581912e-05,-2.44184779046245e-05,0.000316365240044785,0.000772814452230453,9.36914221832688e-05,9.29521923129315e-05,-6.92887284044447e-06,-3.28607697811061e-06,2.84393705330511e-06,-7.1552295981938e-06,3.39320404339952e-05
"assisted_av",-0.000110883792609179,-1.71604886789194e-06,2.33922172111522e-05,-4.18503200988972e-06,6.54794734513014e-06,8.94912750883686e-06,1.11448924406104e-05,4.45529043587838e-06,-1.98874752443808e-07,6.81522616616894e-06,-7.20970269814124e-06,-3.29658426174821e-06,-1.30958756849141e-06,1.39468524881152e-06,6.45416122983254e-07,-1.90592112384544e-06,8.0500655815333e-07,6.61173845998972e-06,7.9355077931024e-06,-8.97594533528047e-07,-0.000106260246258885,-1.03261684880224e-05,-6.61183162007158e-06,6.1947102662831e-07,-2.83925350347325e-05,-2.92085383874773e-05,-5.26016506159198e-06,-2.03382480947813e-05,-7.389120182114e-05,-7.99389758381465e-05,-7.80117570179205e-06,8.582125183075e-05,3.24749356177723e-05,1.3286915087494e-05,5.98823499463491e-06,-1.75830094339706e-06,-1.24759945748713e-05,-6.83561908335196e-06,-4.8496961393268e-06,7.4273638160923e-05,9.36914221832735e-05,0.000309064831817477,0.000109189189131548,-2.98600609117824e-05,-8.80057531775964e-06,7.78411737059809e-07,-1.91478477733727e-06,7.90824811987123e-06
"broker_av",-0.000109985285385478,-3.30116702354806e-06,3.93731432587546e-05,-4.32107018390248e-06,6.97511636174646e-06,9.01095499721103e-06,1.05030071606454e-05,5.0393120014115e-06,-2.19716062422772e-07,3.64780604655367e-06,-7.13627070888876e-06,-3.33735453060512e-06,-6.80445329094425e-07,-2.05481874059092e-06,-2.62256466613259e-06,5.59024772624312e-07,3.236971182034e-06,7.92466553317565e-06,8.87491170024577e-06,-2.56098493828504e-06,-7.30513159432976e-05,-1.50514352448286e-05,-6.50628562617507e-06,-4.95213614819666e-06,9.26108529196997e-06,1.43959369124128e-06,-3.1423157525996e-05,-4.59070772436003e-05,-8.81361529680475e-05,-8.5596810049761e-05,-7.76323857959522e-06,7.01732406809418e-05,3.20886383591237e-05,1.25730950187123e-05,6.03942506765572e-06,-3.73719528346954e-06,-1.07839225911704e-05,-7.69583612528521e-06,-5.52490496998799e-06,7.69271582979816e-05,9.29521923129348e-05,0.000109189189131548,0.00018498826327984,-9.63089628598737e-06,-1.52666352745006e-05,3.27132041530139e-07,-1.20970307861155e-06,8.53352527168617e-06
"assisted_premium",9.22233611469739e-06,-6.89148338859817e-07,-9.92033896762581e-07,3.66228899441145e-07,-4.80841026476993e-07,-6.84994527339775e-07,-8.80752337003484e-07,-3.21791277813489e-07,-5.16891381536501e-08,-4.18194300541402e-07,8.00646183620765e-07,3.29585103262878e-07,2.25331889012442e-07,-4.4022354057829e-07,-5.57474939492056e-07,2.10263116758751e-08,-2.77585664531351e-07,-3.07257959887662e-07,-3.47073989138634e-07,1.42874168146844e-07,9.03037738885988e-06,8.30166829168356e-07,7.78236864497484e-07,-3.42897882032576e-07,2.8539106282808e-06,3.35260752127762e-06,6.56159849044511e-07,1.92307626580962e-06,4.23578121155552e-06,4.72939994756005e-06,6.25373642910149e-07,-7.3090574372428e-06,-2.92948612496144e-06,-1.38735744599458e-06,-3.82962943102781e-07,1.57406838444338e-07,7.99877742403986e-07,3.46729941655308e-07,2.33739781099522e-07,-5.11686926935394e-06,-6.92887284044493e-06,-2.98600609117825e-05,-9.63089628598747e-06,5.3675690414379e-06,1.60380260475569e-06,-6.71608234012132e-08,1.66107532284202e-07,-6.33826100106947e-07
"broker_premium",4.32627355660696e-06,-7.85555640439619e-07,2.02709716759276e-06,1.79012425032548e-07,-3.11505120826711e-07,-3.38334278427554e-07,-4.75812846438509e-07,-1.9512518499148e-07,-9.12925808293757e-08,7.00477639965121e-08,5.39612618085457e-07,1.81950166551716e-07,8.52238332851047e-08,3.50366696078217e-08,-1.58496263711246e-07,-5.80215968896292e-07,-7.85414245262682e-07,-2.61569529213963e-07,-1.77808650171195e-07,3.68620741802731e-07,2.44086046051164e-06,-4.91882742369515e-07,4.5236321480937e-08,-1.216567751056e-08,-1.76110752860955e-07,8.45245699606142e-07,3.53712081218278e-06,4.43662295964858e-06,2.91206207384389e-06,2.59224660337784e-06,3.72290193886608e-07,-3.32904043167899e-06,-1.23046493196785e-06,-5.99851304143417e-07,-2.08212497120205e-07,-4.30066996916759e-08,2.57257852689568e-07,-1.72391260804432e-08,-7.3375281418171e-08,-2.72294504713143e-06,-3.28607697811061e-06,-8.80057531775976e-06,-1.52666352745008e-05,1.60380260475569e-06,2.72172089237198e-06,-6.67085193821209e-09,1.6893038229688e-09,-3.31444716410671e-07
"commission_broker",-3.66360555527069e-06,-2.50340636656039e-07,3.16472388509297e-06,-1.38059695377368e-07,2.07696400376459e-07,3.41505426255934e-07,5.63226016691672e-07,1.64471529419526e-07,-3.49178918798394e-08,1.0937230340815e-07,-1.95874414572962e-07,-1.1113457069653e-07,-1.26312390603784e-08,-7.32522529976125e-08,-1.18816178182367e-07,-1.01914723862924e-07,-4.15510490969199e-08,2.23618825083453e-07,2.91728490820559e-07,2.01481677504113e-07,-2.92903020171765e-06,-1.108892109989e-06,-4.85403653364717e-07,-2.23315513332585e-07,2.96626824491718e-07,4.09683918359096e-07,2.25554231353587e-07,4.92257875709179e-08,-2.37991418174592e-06,-2.85582392130963e-06,-3.25326528362649e-07,2.36182853922056e-06,1.17234799214803e-06,5.11031614465098e-07,1.89612719156673e-07,-7.42934062580086e-08,-3.13134157420008e-07,-4.82632453747149e-07,-4.70555447093568e-07,2.13072067947468e-06,2.84393705330605e-06,7.78411737059839e-07,3.27132041530021e-07,-6.71608234012152e-08,-6.67085193819472e-09,1.69608975636628e-07,-4.33166556428078e-07,2.57739093642138e-07
"commission_broker_sq",9.13323007084995e-06,6.30166915133181e-07,-7.9477491155827e-06,3.11394621116297e-07,-4.12938466199717e-07,-7.79361760041176e-07,-1.22986840700238e-06,-3.80384787487461e-07,8.43734785820354e-08,-2.19430659450875e-07,5.03305453590071e-07,2.84508082625559e-07,3.28052580625117e-08,1.83594015894877e-07,2.99796163154828e-07,2.81460580426267e-07,1.06524406505984e-07,-5.61669521413223e-07,-7.31509401459419e-07,-4.94475919707324e-07,7.29425188062981e-06,2.90616498044696e-06,1.30068106184576e-06,5.67289536928588e-07,-7.49949730748305e-07,-1.00721435471685e-06,-7.36884499296627e-07,-1.29015706138243e-07,6.01661169180741e-06,7.19401997253657e-06,8.17683784701723e-07,-5.9115731218314e-06,-3.00537874118575e-06,-1.31707342233392e-06,-4.79187424521743e-07,1.86551013780016e-07,7.8159260275098e-07,1.33859382149218e-06,1.23431882951094e-06,-5.37317805360163e-06,-7.15522959819581e-06,-1.91478477733725e-06,-1.20970307861126e-06,1.66107532284199e-07,1.68930382292596e-09,-4.33166556428076e-07,1.20763154620301e-06,-6.5126973423376e-07
"lambda",-4.02431107376462e-05,-3.59137349876818e-06,3.87715564006636e-05,-1.65939402769308e-06,2.78399752707553e-06,3.72743293196391e-06,4.31279011587288e-06,2.07655590030479e-06,-3.04836051470611e-07,1.94669210053361e-06,-2.04316265283652e-06,-1.11293262043512e-06,-1.67644637055791e-07,-8.45152912731836e-07,-1.50786965374208e-06,-1.23212476549698e-06,-4.70696665469967e-07,3.04829037085891e-06,3.81074391349356e-06,2.29315545390696e-06,-3.38122112489102e-05,-1.26457465195593e-05,-4.79322266412406e-06,-2.54608977651431e-06,3.76729118017017e-06,5.92112270084348e-06,3.06289341845638e-06,6.73293207559908e-07,-3.16985928080368e-05,-3.60562131439334e-05,-3.33916372598165e-06,2.41392511139173e-05,1.18227333428265e-05,4.67660042061779e-06,2.09806705817945e-06,-2.09897375479835e-06,-4.33892053474107e-06,-3.58634675743072e-06,-2.69897686118502e-06,2.73189242346304e-05,3.39320404339954e-05,7.90824811987071e-06,8.53352527168573e-06,-6.33826100106898e-07,-3.31444716410661e-07,2.57739093642069e-07,-6.51269734233597e-07,3.21612783737968e-06
