spec,term,estimate,std_error,log_lik,n_hh
attrs,premium,-1.20037524042379,0.00226480946624753,-2603785.62439027,1067827
attrs,silver,1.34108029211907,0.00546570465048921,-2603785.62439027,1067827
attrs,bronze,-0.57840987528955,0.00693872776409878,-2603785.62439027,1067827
attrs,hmo,-0.596541546255608,0.00344045536977345,-2603785.62439027,1067827
attrs,hsa,-0.816876598898896,0.00431017163568043,-2603785.62439027,1067827
attrs,Anthem,0.664483959831555,0.00421244782750769,-2603785.62439027,1067827
attrs,Blue_Shield,0.810521767807447,0.00395196606413979,-2603785.62439027,1067827
attrs,Kaiser,1.30764919032643,0.0053119034177464,-2603785.62439027,1067827
attrs,Health_Net,0.523237069381161,0.00450939903378214,-2603785.62439027,1067827
attrs,assisted_silver,0.294155578178629,0.00935073527297656,-2603785.62439027,1067827
attrs,assisted_bronze,-0.283621907448461,0.0105111166777994,-2603785.62439027,1067827
attrs,broker_silver,0.609346612603515,0.0076820605987367,-2603785.62439027,1067827
attrs,broker_bronze,0.0720515819246931,0.0084386702832312,-2603785.62439027,1067827
full,premium,-0.745963471570331,0.00452744535115043,-2544116.76805843,1067827
full,silver,1.08216993300445,0.00569181798114729,-2544116.76805843,1067827
full,bronze,-1.17384679528604,0.00739956921825297,-2544116.76805843,1067827
full,hmo,-0.757641424653436,0.00357881452792892,-2544116.76805843,1067827
full,hsa,-0.841281865685052,0.00427454190325634,-2544116.76805843,1067827
full,Anthem,0.918780558879046,0.00436031514216105,-2544116.76805843,1067827
full,Blue_Shield,1.07404924238551,0.00408871768039455,-2544116.76805843,1067827
full,Kaiser,1.62362510123147,0.00556825041601186,-2544116.76805843,1067827
full,Health_Net,0.743933893315099,0.0046536697256924,-2544116.76805843,1067827
full,hh_size_prem,-0.00652686378620208,0.00265933821031385,-2544116.76805843,1067827
full,perc_0to17_prem,-1.03031639898199,0.0218335912369673,-2544116.76805843,1067827
full,perc_18to34_prem,-1.3368380048157,0.00506953865988682,-2544116.76805843,1067827
full,perc_35to54_prem,-0.554420510295847,0.00362162337251465,-2544116.76805843,1067827
full,perc_male_prem,-0.178051873878072,0.00338755341092016,-2544116.76805843,1067827
full,perc_black_prem,-0.36414387847612,0.0100773872927376,-2544116.76805843,1067827
full,perc_hispanic_prem,-0.582019420895844,0.00446625775461588,-2544116.76805843,1067827
full,perc_asian_prem,-0.484153902759672,0.00476261649476991,-2544116.76805843,1067827
full,perc_other_prem,-0.166825430583127,0.00364212674544408,-2544116.76805843,1067827
full,FPL_250to400_prem,0.098699152708841,0.0032665344155754,-2544116.76805843,1067827
full,FPL_400plus_prem,0.194301104024953,0.00612595166548092,-2544116.76805843,1067827
full,assisted_silver,0.282071106505553,0.0094756169775264,-2544116.76805843,1067827
full,assisted_bronze,-0.311308732354557,0.0106374489894989,-2544116.76805843,1067827
full,broker_silver,0.615722787055541,0.00782015574065157,-2544116.76805843,1067827
full,broker_bronze,0.0909059238071167,0.00862477314179233,-2544116.76805843,1067827
