"param","(Intercept)","log_risk_score","HMO","year_2015","year_2016","year_2017","year_2018","Anthem","Blue_Shield","Kaiser","Health_Net","share_ra2","share_ra3","share_ra4","share_ra5","share_ra6","share_ra7","share_ra8","share_ra9","share_ra10","share_ra11","share_ra12","share_ra13","share_ra14","share_ra15","share_ra16","share_ra17","share_ra18","share_ra19","wedge_ANT","wedge_BS","wedge_CC","wedge_HN","wedge_KA","wedge_LA","wedge_MOL","wedge_OSC","wedge_SH","wedge_VAL","wedge_WEST"
"(Intercept)",5.33915267065849e-06,-1.35766592285279e-05,1.73472524542698e-06,-1.57676702874641e-06,-1.59806321963494e-06,4.55712010941707e-07,1.66911889803265e-06,7.86208290979435e-06,-6.46956450746851e-06,-1.84256578709581e-05,-7.17876957852718e-06,-1.27211889153268e-05,2.97870623246934e-05,1.57300463600343e-06,8.26054526681738e-05,0.000101303868780743,5.48925806417883e-06,1.73255994438029e-05,-8.16376283876618e-07,-2.44879114261139e-05,-0.000173083152937499,-1.87745213984964e-05,-1.39097545571384e-06,-5.09121066463357e-05,2.13466356730368e-07,-4.28086682056604e-06,6.76890617282081e-06,4.29808977677243e-05,7.23790600974545e-06,-1.24770377055283e-05,-9.86277592515887e-06,-4.36032525193852e-05,-1.77935830550184e-05,-2.14795748554345e-05,-7.14936445185222e-06,-2.56702325212292e-06,-7.73940363497591e-05,-2.34519452499526e-05,-2.79864227761289e-05,-3.45202566744206e-05
"log_risk_score",-1.35766592285281e-05,3.95008023904591e-05,-5.08502053927503e-06,4.45307510917842e-06,4.67309873238534e-06,-1.39651480673816e-06,-4.94804816447023e-06,-2.26701636333532e-05,1.94868742032772e-05,5.41429627743482e-05,2.09951923567752e-05,3.44169791066625e-05,-8.80059863191889e-05,-6.65169308765223e-06,-0.000246671661944908,-0.00029418269319317,-1.78736796860311e-05,-4.91856650070287e-05,8.34573810447078e-07,6.83121050340423e-05,0.000489226043405488,4.77307493792498e-05,2.09887208597292e-06,0.00014491129038139,-2.53581489969078e-06,1.07061233367356e-05,-2.1798831670979e-05,-0.000127259741992849,-2.3003239158465e-05,3.87807337277712e-05,3.13481962050653e-05,0.000123809848046927,5.16573387123478e-05,6.22619137004841e-05,2.19070451420662e-05,7.51640742065701e-06,0.000225077193500014,6.89416598601299e-05,8.41391751266289e-05,0.000104686058182343
"HMO",1.73472524543254e-06,-5.08502053928568e-06,0.000332442852400529,1.56378116323586e-06,-7.33219405744568e-06,-2.6087150255094e-05,-2.04774162938768e-05,-0.000120324678171562,-0.000110947466468035,-0.000438246842726779,-2.43237781097515e-05,-7.7999978617793e-05,-0.000544790123653943,-0.00025032924915785,0.00187112567645787,0.000899977114092463,-0.000307914157197997,-0.000954526249503348,0.000188557577460873,0.000299838444850976,0.0037039639653449,-0.000197886718207815,-0.0003426861109931,0.00231575476438372,-0.000827505433655897,5.83945473784612e-05,-0.000427306467683275,8.66893340985968e-06,-0.000328813407155512,-1.65190926814156e-05,0.000262819782714132,0.000188724646054151,0.000129867915304266,-5.85414359349688e-05,-4.41832967867723e-05,-7.22116323692262e-06,-3.48776387787204e-05,1.62184513028834e-05,2.84581379132731e-05,-0.000358664776129133
"year_2015",-1.57676702874611e-06,4.45307510917753e-06,1.56378116323087e-06,4.82427826489562e-05,3.08358119167693e-05,3.06845234802476e-05,2.84207627153866e-05,-1.08131815713529e-05,-5.92649348831877e-06,-1.63511325298119e-05,-1.39379628909013e-05,-1.02965930504524e-05,-5.90717639572931e-05,-3.41806113887836e-05,-4.40723664048704e-05,6.20162048018702e-05,-3.48752302940172e-05,-2.01465236749762e-06,1.03541475890731e-05,-1.60882974166005e-05,-1.24561770427525e-05,-4.5292208370845e-05,-4.20566385845909e-05,8.73482709297973e-05,-5.9925013548584e-05,-2.35471608529586e-05,3.07987746833803e-05,-5.95897363367701e-05,-4.69910712964728e-06,6.320543648164e-07,5.30477146677833e-06,9.94350831428851e-05,5.63666673020023e-06,3.32189523979726e-05,-1.03443793883643e-05,-1.69751951923683e-06,3.23608392658806e-05,-0.000186285938322883,-7.34269470894445e-06,-6.23059932726556e-05
"year_2016",-1.59806321963483e-06,4.67309873238519e-06,-7.33219405745874e-06,3.08358119167687e-05,5.26427168083533e-05,4.21704569967286e-05,3.76458637500494e-05,-1.20979956876254e-05,-1.92086888966532e-05,-2.35208339014557e-05,-2.58324176622666e-05,-2.19811730453984e-05,-7.3537594823232e-05,-4.40923462458885e-05,-5.83220231640136e-05,0.000182304356624607,-3.84614032299218e-05,-7.81868785984489e-06,3.95892488086301e-06,-2.671482414534e-05,-0.000241723785584785,-3.91089035039881e-05,-4.68028988162755e-05,0.000316514799330173,-2.35670829082793e-06,-4.02931001654036e-05,4.06299630975789e-05,-5.9085501162303e-05,3.96707082037817e-06,-3.6055208936628e-06,-2.92527232987911e-06,0.000184313620243185,-3.94707055475709e-06,4.70388881107868e-05,5.45920743124488e-05,-1.67018626462945e-06,2.50457031280436e-05,-0.000270890409836519,-1.97439873539666e-05,8.84988655956117e-05
"year_2017",4.55712010941446e-07,-1.39651480673779e-06,-2.60871502551038e-05,3.06845234802473e-05,4.21704569967287e-05,7.04248252207262e-05,5.12108283672182e-05,1.02812893722008e-05,-1.09535836308899e-06,-3.67960038129562e-06,-2.57091225761755e-05,-3.08746982897634e-06,-2.59249115355539e-05,-4.58243917302926e-05,-0.00033402078266702,0.000253431943407385,-3.92696533256554e-05,0.000233187221660201,2.48994279884535e-05,-0.000101701290746157,-0.000543803663079509,-0.000111956662693683,-3.65217935595345e-05,0.000171733881559751,3.44416233471206e-05,-4.18711650120286e-05,7.14254834724713e-05,-0.000141256278910056,2.70568957694915e-05,9.60975924364906e-06,-4.01748735517035e-05,5.54250914082664e-05,-1.33406249120568e-05,2.91510471060062e-05,6.3342865024033e-05,-2.44408533515917e-06,5.93344822381924e-05,-0.000232432826770679,-8.3934041798796e-05,-7.13290960041546e-05
"year_2018",1.6691188980319e-06,-4.9480481644677e-06,-2.04774162938898e-05,2.84207627153861e-05,3.76458637500483e-05,5.12108283672176e-05,8.51138846238313e-05,1.19594030861735e-05,-2.49330852006717e-05,7.16213124465569e-06,-6.29839930828707e-05,7.23949532655587e-05,-9.22362854690065e-05,-7.08692849561195e-05,-0.000374407962615825,4.64354427514149e-05,-2.7008643563509e-05,0.000376036114704252,0.000111357772320414,-0.000163654702669142,-0.000374760283347542,-0.000164451694770676,-7.6639634087678e-05,0.000651844618117183,3.50480824650999e-05,-5.22088314228693e-05,7.03106198808771e-05,-3.36602943197039e-05,2.39591920818633e-05,-1.03987606666117e-05,-2.62518888807488e-05,2.55934050126616e-05,-7.78710958662028e-06,-4.57191864556055e-05,2.84301140875389e-05,-1.1049998060404e-05,-8.68384776384819e-05,-0.000217556167654311,-5.60760870469528e-06,-0.000223499190658324
"Anthem",7.86208290979219e-06,-2.26701636333528e-05,-0.00012032467817152,-1.08131815713529e-05,-1.2097995687631e-05,1.0281289372197e-05,1.1959403086163e-05,0.000447038080735879,0.000370481123729511,0.000511035905353755,8.71648673759342e-05,-7.78505632697235e-05,0.000358306762666361,6.77239215253736e-05,-0.00119321792465199,-0.00218491257799457,0.000126642231415995,0.000727132531434912,-7.51451459155144e-05,-0.000831645936616245,-0.00488943357845345,-0.000863727269932419,0.000130005877079431,0.000733226292769698,1.17092837640239e-05,0.000182405239959866,0.000117533748046025,-0.000445598736725124,0.000136383085284096,-0.000404191688977124,-5.90809201355751e-05,-0.000299829209718797,8.96306090756822e-06,8.31251132316119e-05,-7.97812231438743e-05,5.6617107063061e-06,-1.54673414502279e-05,1.64212691738122e-05,-6.94643741745038e-05,0.000156483843329452
"Blue_Shield",-6.46956450747243e-06,1.94868742032865e-05,-0.000110947466467963,-5.92649348831713e-06,-1.92086888966635e-05,-1.09535836309947e-06,-2.49330852006879e-05,0.000370481123729513,0.000799552323319679,0.000799375057299336,0.000281895056234462,0.000450359237000413,-0.000192619528275754,3.60376644535456e-05,-0.00304555659698859,-0.00357205256984125,0.0001041506071638,0.000853663068802111,-0.000394410575400443,-0.000302361238215106,-0.00272706172842564,-0.0014122548637769,0.000156533128223547,0.000646581157971787,-0.000445045537102891,0.000519096132757725,-9.88802080762076e-06,-0.001351183419003,9.69180902528881e-05,-1.37173137997813e-05,-0.000246026832087066,-0.000276335294428428,0.000120877857291308,0.000109510390813704,-9.74766117527709e-05,2.93584558514907e-05,0.000424270106312829,0.000142651378639552,-2.36837039187411e-06,-0.00051247123359711
"Kaiser",-1.842565787097e-05,5.41429627743742e-05,-0.000438246842726689,-1.63511325298154e-05,-2.35208339014833e-05,-3.67960038132148e-06,7.16213124460964e-06,0.000511035905353814,0.000799375057299375,0.0016449539653611,0.000195730815796189,0.000595244054582468,0.000260447578747247,9.46160533765868e-05,-0.00673157964451632,-0.0075008993834089,0.000413835146808083,0.00339870287154125,-0.00019727204860475,-0.000798006622946749,-0.0076384659421117,-0.000174615582375255,0.000480389097352806,0.000414302612512714,0.000643771674732249,0.000273779201118683,0.000421822783590945,-0.000836444703698251,0.000399534307853747,-7.02090118434396e-05,-0.000520836678298278,-0.000962935324202178,7.78872985317996e-06,-0.000247193972681897,-5.62921616615601e-05,2.85966794187093e-05,0.000386807222187914,0.00026252515209882,0.000116361487058939,-0.000159599700894694
"Health_Net",-7.17876957852918e-06,2.09951923567812e-05,-2.43237781097123e-05,-1.39379628909014e-05,-2.58324176622713e-05,-2.57091225761828e-05,-6.29839930828779e-05,8.71648673759354e-05,0.000281895056234479,0.000195730815796188,0.000426126497770022,0.000187029199915122,-0.000106024564333404,0.00019193512342518,-0.000688533798662383,1.40102646372391e-05,3.8658765001313e-05,-0.00119629566728348,-0.000714200958814353,7.78108157429419e-06,0.0021104490142439,0.000137378848213517,0.000100311475746186,-0.00490482301872454,-0.000448761284850928,0.000401326349957779,-0.000108679977877703,-0.00099622915940033,9.4458910802536e-06,0.000101665165383982,-2.10530716381834e-05,0.000356905388554271,-2.32370615472544e-05,-0.000100169406726804,-7.92152267595602e-05,2.81909869597543e-05,0.000399400313984701,0.000186662573056826,1.24308955728924e-05,-0.000125575180263242
"share_ra2",-1.27211889153266e-05,3.4416979106699e-05,-7.79999786177921e-05,-1.02965930504626e-05,-2.19811730454288e-05,-3.08746982899394e-06,7.23949532655428e-05,-7.78505632697259e-05,0.000450359237000449,0.000595244054582643,0.00018702919991511,0.00704003549756944,-0.00632422261302206,-5.51479934898527e-05,-0.00853746847064865,0.0020234374008438,7.16750007620231e-05,0.000756514829891764,0.000111116491752694,0.000555884211476128,0.00450509119135337,0.00121597432071378,3.22629285145751e-05,-0.0131605880514107,0.000152483276254963,-1.40960064590701e-06,7.84733174569002e-05,-6.63007979697188e-05,5.42295183911616e-05,0.000346492505031054,-0.000763765710645355,4.66435832921049e-05,0.000835914431439162,-2.38896149056302e-06,-0.000110670842427202,-8.55578312579548e-06,0.000110577676652706,0.000170826158516741,0.000123627284149897,-0.0109138970051777
"share_ra3",2.97870623246822e-05,-8.80059863192004e-05,-0.00054479012365393,-5.90717639572928e-05,-7.35375948232279e-05,-2.59249115355553e-05,-9.22362854690161e-05,0.00035830676266642,-0.000192619528275665,0.000260447578747229,-0.000106024564333318,-0.00632422261302202,0.00712510294600042,0.000626593645765523,0.0047267004538038,-0.00351035845871473,0.00062588021393349,0.00122167853311275,-0.000471663529900115,-0.00113176151683538,-0.0114804789854102,-0.000727164628150051,0.000715989564878304,0.00683311835666146,0.00145715863043226,-4.77462782701146e-05,0.000702802334762366,0.00034310952524961,0.000608085661714312,-0.000337531353094768,0.000155281999629259,-0.000935704245689263,-0.00108441603857117,-6.56866239723214e-05,4.95127941269181e-05,1.40139665253459e-05,-0.000408420383695962,0.000231349018898588,-0.000253617188646684,0.0103925525818807
"share_ra4",1.57300463599995e-06,-6.65169308764362e-06,-0.000250329249157847,-3.41806113887875e-05,-4.40923462458957e-05,-4.5824391730299e-05,-7.08692849561243e-05,6.77239215253868e-05,3.60376644536195e-05,9.46160533766728e-05,0.000191935123425232,-5.51479934897557e-05,0.000626593645765438,0.000760643057080685,0.00274686945563184,-8.54790421829947e-06,0.000305581088474557,-0.0030042862624942,-0.000388590921488607,-2.29566700626175e-05,-0.00123810935807531,0.00069208504221525,0.000369569805902638,-0.00654345312146055,0.000599484558044687,3.66010455844236e-05,0.000276868128273144,-3.49075640967271e-05,0.00025593698772628,5.6863813901156e-05,-0.000276371208219774,0.000595861113738355,-0.000236561980411904,7.61907367749954e-05,-5.21855235730929e-05,1.57983821391581e-05,0.000102188950201282,0.000225089673511362,-4.29222140218017e-05,0.000527738003961645
"share_ra5",8.26054526682252e-05,-0.000246671661945036,0.00187112567645761,-4.40723664048382e-05,-5.83220231638668e-05,-0.000334020782666884,-0.000374407962615618,-0.00119321792465232,-0.00304555659698875,-0.0067315796445165,-0.000688533798662304,-0.00853746847064745,0.00472670045380316,0.00274686945563226,0.0687765408182421,0.0116063685651112,-0.00141797078132131,-0.0395094484740625,-0.000181785864969471,0.00246030577073011,0.0183258493000082,0.00306126479232655,-0.00163413518183205,-0.000230071603923726,-0.00273991800504666,-0.000968877329276658,-0.0019761651334124,0.00384840774109692,-0.00169260269463435,-0.000318196775709481,0.00139364068459456,0.0121446220367188,-0.000582565359034568,0.000839532882934983,-0.000273168878701242,-8.14524722300649e-05,-0.001460767225815,-0.000270724081735134,-0.000349873101737302,0.0108452293545742
"share_ra6",0.000101303868780821,-0.000294182693193364,0.000899977114092228,6.20162048018618e-05,0.000182304356624723,0.000253431943407488,4.64354427516016e-05,-0.0021849125779951,-0.00357205256984157,-0.00750089938340968,1.40102646373405e-05,0.00202343740084508,-0.00351035845871551,-8.54790421784776e-06,0.0116063685651123,0.0629058494073642,-0.000979271624547629,-0.00957208075374038,0.000112692724407019,0.0021972585954838,0.0217174135741006,-0.00218401127623457,-0.00104109875503105,-0.0316254974374216,-0.00137909061060818,-0.000584553524722571,-0.000669647841649626,0.00134071608515194,-0.000691248469085569,0.00191222300803155,0.00350789056957381,0.00297328076383534,-0.000348847346899492,-0.00318606830393199,0.000490294183972253,-7.52706368298672e-05,-0.00116551821630041,-0.00165719137060922,-0.00106273644294674,-0.00551822915618798
"share_ra7",5.48925806417324e-06,-1.78736796860194e-05,-0.000307914157197992,-3.48752302940216e-05,-3.8461403229934e-05,-3.92696533256653e-05,-2.70086435635218e-05,0.000126642231416028,0.000104150607163865,0.000413835146808166,3.865876500135e-05,7.16750007620394e-05,0.000625880213933479,0.000305581088474556,-0.00141797078132155,-0.000979271624547914,0.00037606974368115,0.000755842833665115,-0.000222585833657414,-0.000249142065579488,-0.00349493811136772,0.000284780262658,0.000383213103510585,-0.00261124712421562,0.000804253580088007,-2.21824232164118e-05,0.000376174251113743,0.000195002736239482,0.000321327683731563,-2.00950423561072e-05,-0.000251839652425899,-0.00032332557198938,-0.000150582347066045,-4.88875540676194e-06,-3.10320884543334e-05,5.45715179013442e-06,-0.000151137124096842,0.000176957610284387,-6.70816969544052e-05,0.000333646841269381
"share_ra8",1.73255994437782e-05,-4.91856650069948e-05,-0.000954526249503254,-2.01465236750477e-06,-7.81868785990167e-06,0.000233187221660156,0.000376036114704155,0.000727132531435119,0.000853663068802119,0.00339870287154119,-0.00119629566728354,0.000756514829890895,0.00122167853311343,-0.00300428626249424,-0.0395094484740608,-0.00957208075373839,0.000755842833665047,0.0345898376070476,0.00114319572353423,-0.00246576359943427,-0.0244688608576151,-0.00355765454333173,0.000659079113462655,0.0305554519883592,0.00286731520650681,-0.000577211110059956,0.00142648964229777,0.00122969672937607,0.000988304578921531,-0.000444275162088337,-0.000111864417181725,-0.0116986504744862,0.000631170178410168,-0.000481865696210366,0.000326290238111261,-6.06184849171696e-05,-0.00120422760548438,-6.10967152054905e-05,-2.28223677691403e-05,-0.00104641304025534
"share_ra9",-8.16376283869958e-07,8.34573810428938e-07,0.00018855757746086,1.03541475890749e-05,3.95892488087332e-06,2.48994279884638e-05,0.000111357772320418,-7.51451459155554e-05,-0.000394410575400563,-0.000197272048604934,-0.000714200958814402,0.000111116491752539,-0.000471663529899946,-0.00038859092148855,-0.000181785864968589,0.000112692724408144,-0.000222585833657399,0.00114319572353389,0.00413889299390733,-0.000881944089365852,-0.00249858356256285,-0.000972469634766395,-0.000329898550438658,0.00888593683679863,0.000337413885504613,-0.000595056712967335,-5.19085989136021e-05,0.00145805900089675,-0.00018891045684301,-5.46019012968123e-05,-0.000104081792636157,-0.000293997620489944,-0.00195834234778938,0.000102310298271743,6.91978946047486e-05,-4.69442676168049e-05,-0.000452890324774332,-2.32294019114711e-05,0.000125716370356188,-0.000693305145152857
"share_ra10",-2.44879114261059e-05,6.8312105034033e-05,0.000299838444850879,-1.60882974165959e-05,-2.6714824145319e-05,-0.000101701290746136,-0.00016365470266911,-0.00083164593661625,-0.000302361238215098,-0.000798006622946669,7.78108157430032e-06,0.000555884211476231,-0.00113176151683534,-2.29566700625601e-05,0.00246030577072962,0.00219725859548325,-0.000249142065579426,-0.00246576359943413,-0.000881944089365985,0.00550163837327209,0.00642641090569341,0.000554388868307081,-0.000167281674514543,-0.00546460852640181,-0.000242273641345011,-0.000203916342351744,-0.000405837276292887,0.00071199059237084,-0.000347242721178214,-0.00019618922106161,0.000433905932553191,0.000775552059467795,6.35063117937898e-05,-5.02941234675796e-05,0.000137179550023224,1.17175020927657e-05,0.0003043514645264,0.000296387552459328,0.00018122376395728,-0.0007167802834743
"share_ra11",-0.000173083152937557,0.000489226043405876,0.00370396396534417,-1.24561770426997e-05,-0.000241723785584787,-0.000543803663079551,-0.000374760283347401,-0.00488943357845268,-0.00272706172842456,-0.00763846594210744,0.00211044901424395,0.00450509119135389,-0.0114804789854101,-0.00123810935807641,0.0183258492999854,0.0217174135740753,-0.00349493811136724,-0.0244688608576007,-0.00249858356256191,0.00642641090569147,0.207967573921171,0.0102254512183214,-0.00382029705407397,-0.121114844870261,-0.00852631406241757,0.000117805733207582,-0.0049821797173464,0.000625866009042746,-0.0040450323387995,0.000885438590534865,-0.00156943333823071,0.00763816895536,0.00170685398887082,-0.0043618301496232,-0.000957741240061818,-1.45338243991697e-07,0.00220204681438924,0.00227611412624533,0.00176089863564937,-0.0102697972313057
"share_ra12",-1.87745213985089e-05,4.77307493792899e-05,-0.000197886718207899,-4.52922083708594e-05,-3.9108903504009e-05,-0.000111956662693705,-0.000164451694770694,-0.000863727269932334,-0.00141225486377678,-0.000174615582374942,0.00013737884821358,0.00121597432071376,-0.000727164628149914,0.000692085042215245,0.00306126479232508,-0.00218401127623617,0.000284780262658053,-0.00355765454333094,-0.000972469634766418,0.000554388868306983,0.0102254512183208,0.0127254207347662,0.000386264701550073,-0.0140127683914133,0.00113471225911127,-0.000345934002803264,0.000225445341367999,0.00103746719714526,0.0001663445566568,-0.000144645878342082,-0.00147070195642473,0.00117656672201338,0.000366778549644232,0.000278961101528321,0.000205278967387016,2.02001896462427e-05,0.00011013209437334,0.000341578485319769,0.000152299081537046,-0.00094429761625045
"share_ra13",-1.39097545571974e-06,2.09887208598365e-06,-0.000342686110993079,-4.20566385845949e-05,-4.68028988162876e-05,-3.65217935595448e-05,-7.6639634087692e-05,0.000130005877079463,0.000156533128223615,0.000480389097352862,0.000100311475746224,3.22629285146171e-05,0.00071598956487824,0.000369569805902621,-0.00163413518183227,-0.00104109875503113,0.000383213103510569,0.000659079113462705,-0.000329898550438659,-0.000167281674514615,-0.00382029705407446,0.000386264701549968,0.00137283769723155,-0.00341661302418367,0.00088163013000009,4.88301958768863e-06,0.000380171180934957,5.40235442643763e-05,0.000341914414636564,1.65810158980748e-05,-0.0002854592823676,-0.00032258753704363,-0.000139135075323388,8.64649362803384e-05,1.35680478285889e-05,-9.89868370642015e-05,7.98016903297837e-05,0.000275862237586378,-2.89941116857013e-05,0.000561478748625825
"share_ra14",-5.09121066463191e-05,0.000144911290381264,0.0023157547643839,8.73482709298216e-05,0.000316514799330298,0.000171733881559821,0.000651844618117258,0.000733226292769095,0.000646581157970957,0.00041430261251098,-0.00490482301872506,-0.0131605880514109,0.00683311835666132,-0.00654345312146043,-0.000230071603916068,-0.031625497437415,-0.00261124712421581,0.0305554519883554,0.00888593683679873,-0.00546460852640014,-0.121114844870252,-0.0140127683914126,-0.00341661302418416,0.372920145484495,-0.007912828490169,0.00199531235790611,-0.0035304942660983,-0.0048702937978512,-0.00241972915582422,-0.00412285548782709,0.00277058768238393,-0.00960308955047533,0.00197618207887048,0.00507625309756082,0.00104888002944834,-5.32486596454757e-05,2.3503162507181e-05,-0.00122143893739039,0.00111924942543236,0.0178084814270983
"share_ra15",2.13466356715223e-07,-2.5358148996558e-06,-0.00082750543365601,-5.99250135485979e-05,-2.35670829085466e-06,3.44416233471063e-05,3.50480824650814e-05,1.17092837641652e-05,-0.000445045537102668,0.000643771674732672,-0.000448761284850809,0.000152483276254958,0.00145715863043249,0.000599484558044774,-0.00273991800504799,-0.00137909061060987,0.000804253580088114,0.0028673152065074,0.000337413885504476,-0.000242273641345327,-0.00852631406241921,0.0011347122591112,0.000881630130000255,-0.00791282849016952,0.00374032221546811,-0.00118087920202355,0.0012221369421178,0.00271432877727281,0.00082995270359272,-5.23148800091759e-06,-0.000616395103460702,-0.000750829040045963,-0.000522179915140667,0.000315113805387157,0.000616128890430921,-2.50121921003602e-05,-0.000565966587839519,8.01923147184496e-05,-6.80763817273127e-05,0.00104029019615365
"share_ra16",-4.28086682056479e-06,1.07061233367283e-05,5.83945473785562e-05,-2.35471608529555e-05,-4.02931001654053e-05,-4.18711650120341e-05,-5.22088314228787e-05,0.000182405239959828,0.000519096132757683,0.000273779201118513,0.000401326349957758,-1.4096006459095e-06,-4.77462782702746e-05,3.66010455843599e-05,-0.000968877329275991,-0.000584553524721784,-2.21824232164948e-05,-0.000577211110060317,-0.000595056712967261,-0.000203916342351639,0.000117805733207782,-0.000345934002803355,4.88301958759268e-06,0.00199531235790673,-0.00118087920202377,0.000860824302145862,-0.00032560347075091,-0.0020217657476173,-6.53418408509788e-05,3.93534499293914e-05,1.79441173478835e-05,9.5258052274292e-05,0.000174651228685988,-0.000168662541259749,-6.30688146134576e-05,3.78556708875398e-05,0.000482134856003008,0.000238564535440439,3.78895775821137e-05,-3.59603233035864e-06
"share_ra17",6.76890617281378e-06,-2.17988316709641e-05,-0.000427306467683317,3.07987746833729e-05,4.06299630975645e-05,7.14254834724621e-05,7.03106198808665e-05,0.000117533748046085,-9.88802080751023e-06,0.000421822783591134,-0.00010867997787764,7.84733174569631e-05,0.000702802334762402,0.000276868128273178,-0.00197616513341308,-0.000669647841650323,0.000376174251113787,0.00142648964229801,-5.19085989136636e-05,-0.000405837276293031,-0.00498217971734703,0.000225445341367978,0.000380171180935023,-0.00353049426609843,0.00122213694211777,-0.000325603470750802,0.000765014475288508,0.000560899631734061,0.000443410551955487,-1.92131621191827e-05,-0.000374397066822982,-0.000286603859954286,-0.000228221279274047,8.87541494403531e-05,-0.000105132526086783,-1.09717603682931e-05,-0.000222339522317062,-0.000269932448760802,-0.000110147312020523,0.000310146026563664
"share_ra18",4.29808977677254e-05,-0.000127259741992836,8.66893340961769e-06,-5.95897363367745e-05,-5.90855011622926e-05,-0.000141256278910029,-3.36602943196671e-05,-0.000445598736725028,-0.00135118341900288,-0.000836444703697826,-0.000996229159400272,-6.6300797969627e-05,0.000343109525249937,-3.49075640965711e-05,0.00384840774109516,0.00134071608514988,0.000195002736239684,0.00122969672937696,0.00145805900089652,0.000711990592370619,0.000625866009042921,0.00103746719714545,5.40235442646069e-05,-0.00487029379785311,0.00271432877727338,-0.00202176574761732,0.000560899631734352,0.00591756338910801,8.25993561735574e-05,-0.000251117739506427,6.37538317118161e-05,-0.000875741187605818,-0.000485426890330287,0.000135657476241616,-0.000126105432979914,-0.000108379280049797,-0.00207998039222152,3.04729775210474e-05,-1.35256778697509e-05,-0.000109739164449213
"share_ra19",7.23790600973944e-06,-2.30032391584534e-05,-0.000328813407155519,-4.69910712965211e-06,3.967070820366e-06,2.70568957694827e-05,2.39591920818528e-05,0.000136383085284136,9.69180902529666e-05,0.000399534307853854,9.4458910802982e-06,5.42295183912131e-05,0.000608085661714292,0.000255936987726286,-0.00169260269463475,-0.000691248469085914,0.000321327683731575,0.000988304578921651,-0.000188910456843036,-0.000347242721178314,-0.00404503233879992,0.00016634455665675,0.000341914414636591,-0.0024197291558241,0.000829952703592629,-6.53418408508881e-05,0.000443410551955456,8.259935617332e-05,0.000345869703077038,-1.21420924564836e-05,-0.000286372006441447,-0.000276409620748488,-0.00016650713682824,1.46380752807492e-05,2.80974315738959e-05,1.87341449873524e-06,-0.000125070857382511,-6.55297661416821e-05,-8.76903742368692e-05,0.000282849469438543
"wedge_ANT",-1.247703770552e-05,3.87807337277411e-05,-1.6519092681328e-05,6.32054364816535e-07,-3.60552089365919e-06,9.60975924364796e-06,-1.03987606666196e-05,-0.000404191688977222,-1.37173137999521e-05,-7.02090118438217e-05,0.000101665165383932,0.00034649250503089,-0.000337531353094747,5.68638139011699e-05,-0.000318196775707682,0.00191222300803344,-2.00950423561779e-05,-0.000444275162089204,-5.46019012967888e-05,-0.000196189221061382,0.000885438590535219,-0.000144645878342078,1.65810158979959e-05,-0.00412285548782657,-5.23148800102972e-06,3.93534499293282e-05,-1.92131621192491e-05,-0.000251117739506178,-1.2142092456549e-05,0.0115416719219605,0.000276866861846781,0.000230770430608257,0.000106199445734134,-5.24558454882064e-05,3.4485377889543e-05,1.18199917795679e-05,0.000304665913755601,0.000110567920297767,9.61087250899492e-05,-0.000412447199641517
"wedge_BS",-9.86277592514302e-06,3.13481962050085e-05,0.000262819782714228,5.30477146678413e-06,-2.92527232985858e-06,-4.0174873551685e-05,-2.62518888807486e-05,-5.90809201357026e-05,-0.000246026832087313,-0.000520836678298901,-2.10530716382573e-05,-0.000763765710645507,0.000155281999629263,-0.000276371208219687,0.00139364068459757,0.00350789056957728,-0.000251839652425977,-0.000111864417183346,-0.000104081792636181,0.00043390593255353,-0.00156943333823107,-0.0014707019564248,-0.000285459282367695,0.00277058768238452,-0.000616395103460779,1.7944117347778e-05,-0.000374397066823008,6.37538317121821e-05,-0.000286372006441501,0.000276866861846761,0.0155077899308205,-6.38235769974281e-05,0.000348709762501458,-0.00011669060743108,-6.00335840391963e-06,2.4630553912612e-06,4.46660077913103e-05,7.96140029039062e-05,0.000220663309441579,0.00100692604136625
"wedge_CC",-4.36032525193802e-05,0.000123809848046924,0.000188724646054105,9.94350831428847e-05,0.000184313620243198,5.5425091408272e-05,2.55934050126816e-05,-0.000299829209718834,-0.000276335294428394,-0.00096293532420209,0.000356905388554304,4.66435832923442e-05,-0.000935704245689423,0.000595861113738368,0.012144622036718,0.00297328076383456,-0.00032332557198935,-0.011698650474486,-0.000293997620490036,0.000775552059467798,0.00763816895536349,0.00117656672201359,-0.000322587537043595,-0.00960308955047653,-0.00075082904004582,9.52580522742312e-05,-0.000286603859954223,-0.000875741187605676,-0.000276409620748446,0.00023077043060807,-6.38235769978352e-05,0.0232409002102563,-0.00011690349809904,0.000408226134281583,0.000185038353972768,3.05813533787946e-05,0.000842172121848622,-0.00065409664059731,0.000307975775080962,0.000672436459672404
"wedge_HN",-1.77935830550137e-05,5.16573387123356e-05,0.000129867915304314,5.6366667302032e-06,-3.94707055475418e-06,-1.33406249120538e-05,-7.78710958662386e-06,8.96306090752074e-06,0.000120877857291205,7.78872985296909e-06,-2.3237061547302e-05,0.000835914431439048,-0.00108441603857115,-0.000236561980411912,-0.000582565359033605,-0.000348847346898393,-0.00015058234706609,0.000631170178409769,-0.00195834234778931,6.35063117939002e-05,0.00170685398887031,0.000366778549644192,-0.000139135075323446,0.00197618207887078,-0.000522179915140718,0.000174651228685941,-0.000228221279274081,-0.000485426890330146,-0.000166507136828283,0.000106199445734184,0.000348709762501561,-0.000116903498098952,0.0136806820126118,0.000132744809742044,-1.55764728230737e-05,9.36580660034111e-06,0.000340037224914758,0.000125766598074043,0.000129511029727074,-0.00134239061619511
"wedge_KA",-2.14795748554264e-05,6.22619137004519e-05,-5.85414359349038e-05,3.3218952397973e-05,4.70388881107942e-05,2.91510471060125e-05,-4.57191864556153e-05,8.31251132315026e-05,0.000109510390813509,-0.000247193972682343,-0.000100169406726856,-2.38896149074241e-06,-6.56866239722507e-05,7.61907367750593e-05,0.000839532882937023,-0.00318606830392943,-4.88875540681411e-06,-0.000481865696211418,0.000102310298271746,-5.02941234673065e-05,-0.00436183014962343,0.000278961101528263,8.64649362802743e-05,0.0050762530975611,0.000315113805387116,-0.000168662541259825,8.87541494403221e-05,0.000135657476241871,1.4638075280708e-05,-5.24558454881619e-05,-0.000116690607431037,0.000408226134281832,0.000132744809741972,0.0280987005295671,0.000138123675357862,1.65286218587619e-05,0.000406049838757075,-0.000104775614099648,2.39428948743635e-05,0.00050870067878547
"wedge_LA",-7.14936445185373e-06,2.19070451420701e-05,-4.41832967868051e-05,-1.0344379388366e-05,5.45920743124472e-05,6.33428650240316e-05,2.84301140875395e-05,-7.97812231438471e-05,-9.74766117527187e-05,-5.62921616614455e-05,-7.92152267595388e-05,-0.000110670842427195,4.95127941269679e-05,-5.21855235730822e-05,-0.000273168878701714,0.000490294183971667,-3.10320884543034e-05,0.000326290238111501,6.91978946047141e-05,0.00013717955002317,-0.0009577412400617,0.000205278967387019,1.35680478286297e-05,0.00104888002944803,0.000616128890430953,-6.30688146134297e-05,-0.00010513252608676,-0.000126105432980003,2.80974315739246e-05,3.44853778895196e-05,-6.00335840396985e-06,0.000185038353972711,-1.55764728230802e-05,0.000138123675357825,0.00608200326632973,5.64789959796945e-06,0.000197910851858061,-0.00017520987638611,-0.00017788610781624,0.00024266017270978
"wedge_MOL",-2.56702325212286e-06,7.51640742065627e-06,-7.22116323691775e-06,-1.69751951923672e-06,-1.67018626462957e-06,-2.44408533515932e-06,-1.10499980604045e-05,5.66171070630616e-06,2.93584558514881e-05,2.85966794186995e-05,2.81909869597503e-05,-8.55578312580421e-06,1.40139665253461e-05,1.57983821391528e-05,-8.14524722300274e-05,-7.52706368298003e-05,5.45715179013021e-06,-6.0618484917169e-05,-4.69442676167953e-05,1.1717502092768e-05,-1.45338244156174e-07,2.02001896462225e-05,-9.89868370642061e-05,-5.32486596452848e-05,-2.50121921003735e-05,3.78556708875414e-05,-1.09717603682989e-05,-0.000108379280049799,1.87341449873088e-06,1.18199917795744e-05,2.46305539127639e-06,3.05813533787892e-05,9.36580660034431e-06,1.6528621858767e-05,5.64789959796826e-06,7.35841741347432e-05,7.69676410610271e-05,2.72578635840574e-05,4.81304545814936e-06,6.51039123652765e-05
"wedge_OSC",-7.73940363497587e-05,0.000225077193500004,-3.48776387786102e-05,3.23608392658867e-05,2.50457031280444e-05,5.93344822381873e-05,-8.68384776384993e-05,-1.54673414502537e-05,0.000424270106312753,0.000386807222187667,0.000399400313984661,0.000110577676652532,-0.000408420383695999,0.000102188950201213,-0.00146076722581394,-0.00116551821629879,-0.000151137124096941,-0.00120422760548481,-0.000452890324774203,0.000304351464526508,0.00220204681438765,0.000110132094373036,7.9801690329682e-05,2.35031625076838e-05,-0.000565966587839803,0.000482134856003029,-0.000222339522317189,-0.00207998039222154,-0.000125070857382618,0.000304665913755787,4.4666007791628e-05,0.000842172121848677,0.000340037224914828,0.000406049838757253,0.000197910851858031,7.69676410610299e-05,0.0410483105643632,0.000390897736916907,0.000279753054333896,0.000628907297377756
"wedge_SH",-2.34519452499526e-05,6.89416598601297e-05,1.62184513029698e-05,-0.000186285938322878,-0.000270890409836519,-0.00023243282677068,-0.000217556167654322,1.64212691737817e-05,0.000142651378639471,0.000262525152098622,0.000186662573056782,0.000170826158516519,0.000231349018898627,0.000225089673511305,-0.000270724081734136,-0.0016571913706082,0.000176957610284302,-6.10967152058097e-05,-2.32294019113716e-05,0.000296387552459448,0.00227611412624443,0.000341578485319587,0.000275862237586294,-0.00122143893738959,8.01923147182635e-05,0.000238564535440432,-0.0002699324487609,3.04729775211141e-05,-6.55297661417664e-05,0.000110567920297854,7.96140029041362e-05,-0.000654096640597251,0.000125766598074084,-0.000104775614099536,-0.000175209876386125,2.72578635840574e-05,0.000390897736916913,0.00189712362072629,0.000299084203455947,-7.82942753107208e-05
"wedge_VAL",-2.79864227761293e-05,8.41391751266292e-05,2.84581379132872e-05,-7.34269470894371e-06,-1.97439873539678e-05,-8.39340417987972e-05,-5.60760870470069e-06,-6.94643741744935e-05,-2.36837039188618e-06,0.000116361487058904,1.24308955728762e-05,0.000123627284149845,-0.000253617188646665,-4.2922214021813e-05,-0.000349873101737083,-0.0010627364429464,-6.7081696954421e-05,-2.28223677691782e-05,0.000125716370356236,0.000181223763957277,0.00176089863564831,0.000152299081536938,-2.8994111685716e-05,0.0011192494254326,-6.80763817273611e-05,3.78895775821228e-05,-0.000110147312020544,-1.35256778697713e-05,-8.76903742368867e-05,9.61087250900058e-05,0.000220663309441705,0.000307975775080952,0.000129511029727104,2.39428948744511e-05,-0.000177886107816251,4.8130454581511e-06,0.000279753054333914,0.000299084203455955,0.446737737478455,2.96178346632103e-05
"wedge_WEST",-3.45202566744276e-05,0.0001046860581823,-0.000358664776129115,-6.23059932726499e-05,8.84988655956384e-05,-7.13290960041478e-05,-0.00022349919065833,0.000156483843329505,-0.000512471233597078,-0.00015959970089489,-0.000125575180263163,-0.0109138970051777,0.0103925525818807,0.000527738003961777,0.0108452293545756,-0.00551822915618573,0.000333646841269395,-0.00104641304025649,-0.000693305145153069,-0.000716780283474249,-0.0102697972313074,-0.000944297616250698,0.000561478748625876,0.0178084814270984,0.00104029019615339,-3.59603233019093e-06,0.000310146026563661,-0.000109739164449467,0.000282849469438583,-0.000412447199641549,0.0010069260413663,0.000672436459672684,-0.00134239061619517,0.000508700678785364,0.000242660172709729,6.51039123652724e-05,0.000628907297377642,-7.82942753109293e-05,2.96178346631482e-05,0.093148488365133
