"parameter","col1","col2","col3","col4"
"mean_own_price_elasticity",-1.32380396612627,-1.17979137012489,-1.13259043800162,-1.25427937147774
"mean_price_coefficient",-0.209235286642714,-0.699902736396029,-0.696281349839069,-0.692993903820406
"lambda",0.130357251577718,0.369869095253426,0.373634520350151,0.347750049511921
"navigator_silver_pp",NA,NA,3.16881799532317,3.01344530926355
"broker_silver_pp",NA,NA,2.67070352337765,2.69269169462896
"assisted_av",NA,NA,1.18496144828225,1.10023203085351
"broker_av",NA,NA,0.729078698138727,0.704594570278128
"commission_broker",NA,NA,0.0273026404259825,0.0260518580953848
"commission_broker_sq",NA,NA,-0.0658069709689065,-0.0699714825041012
